"p_val","avg_log2FC","pct.1","pct.2","p_val_adj","cluster","gene"
2.42153150509858e-92,2.09053102934867,0.975,0.492,4.31226330427955e-88,"0","IL7R"
1.24402796261698e-85,1.72339377278363,0.993,0.674,2.21536499582832e-81,"0","LTB"
7.99317116509817e-62,1.5901335427079,0.927,0.393,1.42342392108068e-57,"0","TRAC"
5.02777096682454e-59,1.29069491750783,0.969,0.621,8.95345453772115e-55,"0","IL32"
6.20806999117143e-47,2.36127179498258,0.489,0.112,1.10553310402781e-42,"0","INPP4B"
1.93668964423564e-44,1.02097477507069,0.959,0.472,3.44885691845483e-40,"0","CD3D"
2.47238336645894e-43,1.08641240601317,0.877,0.445,4.40282029899008e-39,"0","CD2"
3.807106680616e-43,1.73257546018746,0.563,0.175,6.77969557684098e-39,"0","MAL"
4.53254854071585e-43,2.82443360247266,0.546,0.101,8.07156244130678e-39,"0","AQP3"
5.77273610369904e-41,0.929511247978196,0.914,0.417,1.02800884534673e-36,"0","CD3G"
3.62405920793952e-37,1.45323527803816,0.644,0.275,6.45372463749869e-33,"0","GPR183"
7.63014199417374e-37,1.32315215291221,0.793,0.409,1.35877568632246e-32,"0","CD69"
5.03229412012536e-36,1.94082225011511,0.525,0.147,8.96150936911924e-32,"0","TRAT1"
2.15932483137391e-35,1.35687563461955,0.691,0.303,3.84532565971066e-31,"0","RCAN3"
2.18271540702582e-32,2.66969275413787,0.322,0.052,3.88697959683158e-28,"0","CD40LG"
5.0892089541389e-32,1.03327655670021,0.792,0.389,9.06286330553055e-28,"0","TCF7"
8.02087003061843e-28,1.07815823822552,0.775,0.599,1.42835653505253e-23,"0","ITGB1"
1.07734405403688e-27,2.45841794747009,0.376,0.087,1.91853429142888e-23,"0","AP3M2"
3.76336967258894e-27,1.07950355962368,0.848,0.531,6.70180871294639e-23,"0","TRBC2"
1.17521023575448e-26,1.30873924856409,0.707,0.325,2.09281438783158e-22,"0","RORA"
5.05618807866031e-26,0.987544139489569,0.744,0.487,9.00405973047829e-22,"0","NOSIP"
1.29638762185889e-23,1.3514260814994,0.568,0.247,2.30860707700631e-19,"0","ITM2A"
2.90056742443829e-23,1.04716893006842,0.638,0.306,5.16533046943971e-19,"0","BCL11B"
4.07075874251252e-23,3.38089802666852,0.254,0.027,7.2492071686663e-19,"0","TNFRSF4"
7.78897555423081e-22,0.471464449229964,0.913,0.699,1.38706076669742e-17,"0","ARL4C"
2.10951323752301e-21,1.73295201321034,0.353,0.132,3.75662117338098e-17,"0","RGCC"
2.28652316448541e-21,1.28051808745802,0.512,0.2,4.07184045131563e-17,"0","CAMK4"
8.1852326402669e-21,1.00206245320279,0.617,0.375,1.45762622857873e-16,"0","TRBC1"
2.21095895519063e-20,0.912492320257091,0.549,0.276,3.93727570740347e-16,"0","KLRB1"
5.66189450220143e-20,0.546599523100767,0.793,0.443,1.00827017295203e-15,"0","SYNE2"
1.21890904206369e-18,1.11337244804664,0.521,0.244,2.17063322210703e-14,"0","CD27"
2.75289944058443e-17,1.88476793045028,0.395,0.139,4.90236332379276e-13,"0","MAF"
6.18912081955006e-15,1.34844350903677,0.54,0.252,1.10215863554547e-10,"0","BCL2"
4.08773486633396e-14,1.83687267555878,0.352,0.114,7.27943824996752e-10,"0","GATA3"
4.42058408915354e-14,0.97354553788142,0.49,0.293,7.87217614596462e-10,"0","ARID5B"
7.22976661357343e-14,0.871573953938126,0.436,0.246,1.28747683854516e-09,"0","PRDM1"
8.8375724018562e-14,0.774137244665156,0.756,0.556,1.57379489332255e-09,"0","PIK3R1"
1.25711661777748e-13,0.631071685995197,0.893,0.706,2.23867327293814e-09,"0","CXCR4"
6.46945812626674e-11,1.63413853823421,0.324,0.147,1.15208110312558e-06,"0","PDE4D"
1.50775863746371e-10,0.985229249766,0.521,0.39,2.68501658159537e-06,"0","LIMS1"
3.01508120936407e-10,0.621671783033934,0.45,0.241,5.36925661763553e-06,"0","LEF1"
3.51758675946231e-10,0.689228787340919,0.52,0.349,6.26411850125048e-06,"0","BIRC3"
9.51338697965859e-10,0.753626189279526,0.262,0.158,1.6941439533376e-05,"0","MYC"
3.14593981188766e-09,0.476186128787441,0.491,0.311,5.60228961700955e-05,"0","LINC00861"
1.7404531899934e-08,0.683278025466009,0.512,0.375,0.000309939904074024,"0","CRIP1"
1.8430163615541e-08,0.585646485983365,0.331,0.186,0.000328204353665554,"0","TRABD2A"
4.04615196359397e-08,1.06079560956504,0.479,0.346,0.000720538741676814,"0","TOB1"
9.07755676978545e-07,0.61566868655227,0.433,0.245,0.0161653130956339,"0","OXNAD1"
2.85074510274766e-05,0.503502747656096,0.251,0.228,0.507660687897303,"0","LPAR6"
3.05353227120702e-05,0.659879593461766,0.403,0.31,0.543773026856546,"0","PHACTR2"
0.000155507665068989,0.758619355461228,0.278,0.141,1,"0","ITGA6"
0.000174933238573779,0.328087087216793,0.533,0.471,1,"0","PLP2"
0.000449085168255804,0.738845178585147,0.358,0.258,1,"0","PTGER2"
0.000654836504073041,0.420247227834819,0.925,0.878,1,"0","JUNB"
0.00142902958531542,0.444866004530355,0.438,0.372,1,"0","LYAR"
4.48191945785982e-131,2.61096341081487,1,0.724,7.98140217055678e-127,"1","LYZ"
3.54169499624368e-125,1.99756978912216,0.999,0.697,6.30705044931075e-121,"1","TSPO"
1.12167594198481e-124,2.60844610847056,0.981,0.271,1.99748051748655e-120,"1","CSTA"
7.97395917888002e-120,2.23825207136459,0.987,0.448,1.42000265057495e-115,"1","AP1S2"
1.32246574170521e-119,1.7060333976158,1,0.961,2.35504699282863e-115,"1","S100A6"
3.13763180382505e-118,2.68709735067998,1,0.742,5.58749471625165e-114,"1","S100A9"
3.48174720566725e-118,2.2661516725916,1,0.365,6.20029542385224e-114,"1","FCN1"
2.83020554944417e-116,2.72594217138041,0.998,0.581,5.04003004245018e-112,"1","S100A8"
3.01655291360448e-113,2.45446767623752,0.998,0.491,5.37187742854686e-109,"1","FOS"
2.87282171259339e-112,2.39274193956239,0.999,0.333,5.11592090578631e-108,"1","MNDA"
1.40523686998794e-110,1.44079014083301,1,0.933,2.50244581807452e-106,"1","S100A4"
4.04974042715092e-109,1.85766575619282,1,0.72,7.21177775267036e-105,"1","S100A11"
1.89430599137083e-108,2.18089990367747,1,0.429,3.37338010943317e-104,"1","CST3"
2.94303984433783e-108,2.53311181531809,0.974,0.253,5.24096535479681e-104,"1","MS4A6A"
1.76696627435031e-106,1.69617697319911,1,0.998,3.14661354136302e-102,"1","FTL"
2.49015044408827e-105,1.91800916546306,0.993,0.582,4.4344599108324e-101,"1","LGALS1"
8.10542393069421e-104,2.69196183763826,0.932,0.258,1.44341389357803e-99,"1","S100A12"
2.22904548016628e-103,2.0476150217106,0.962,0.364,3.96948419108012e-99,"1","FCGRT"
4.74071787938872e-102,1.17980668110725,1,0.966,8.44227039961544e-98,"1","OAZ1"
4.27606988472787e-101,1.75752230575714,1,0.52,7.61482525072339e-97,"1","TYROBP"
2.7779460757327e-100,2.2171982686376,0.977,0.256,4.9469663716648e-96,"1","CD14"
8.45183548425566e-100,2.16133139932482,0.991,0.397,1.50510286303625e-95,"1","TYMP"
3.46294753135457e-99,1.6538722388917,0.999,0.624,6.16681696383623e-95,"1","COTL1"
3.06006710708759e-95,1.79020127270347,0.993,0.547,5.44936750430159e-91,"1","BRI3"
6.31147137682463e-94,1.29414399360647,0.998,0.919,1.12394682278493e-89,"1","GAPDH"
1.58979839689839e-93,1.62739576930038,0.998,0.439,2.83111298519665e-89,"1","LST1"
9.16370420792933e-93,1.72451593772095,0.999,0.503,1.63187244534805e-88,"1","AIF1"
1.95920951669018e-92,2.05484566133435,0.987,0.35,3.48896030732188e-88,"1","GRN"
1.10381065232537e-90,2.32936639856103,0.91,0.288,1.96566600966102e-86,"1","BLVRB"
9.6412029540206e-90,1.6325776189183,0.985,0.645,1.71690542205199e-85,"1","GSTP1"
6.40130704389185e-89,2.38911512040558,0.873,0.222,1.13994475837626e-84,"1","KCTD12"
1.1400408568061e-88,1.85718340007026,0.963,0.301,2.0301847578003e-84,"1","CFD"
5.12278979870483e-88,2.70547662389575,0.753,0.174,9.12266407353355e-84,"1","CDA"
1.62196392241833e-85,1.40054808114776,0.986,0.854,2.88839335304257e-81,"1","S100A10"
4.56534967515088e-85,1.96987128906477,0.974,0.278,8.12997470150869e-81,"1","SERPINA1"
2.81623690429217e-84,2.16999606047022,0.873,0.227,5.01515467916349e-80,"1","CD36"
5.58564174911158e-84,1.81278409611527,0.99,0.327,9.94691082681791e-80,"1","VCAN"
1.23735690701453e-83,2.11224957149614,0.888,0.266,2.20348518001147e-79,"1","CFP"
5.80611705377435e-83,1.76880530107251,0.981,0.339,1.03395332493614e-78,"1","CYBB"
5.95913261182962e-82,2.01489796213269,0.952,0.282,1.06120233551462e-77,"1","MPEG1"
3.5803849569649e-81,1.54447491498608,0.992,0.56,6.3759495313631e-77,"1","TKT"
4.79415480326468e-81,1.86435094206876,0.936,0.38,8.53743087365375e-77,"1","CTSZ"
7.88953469472769e-81,1.65590258783666,0.984,0.341,1.40496833843711e-76,"1","FGL2"
2.02046419321227e-80,1.60392121697512,0.963,0.516,3.5980426352724e-76,"1","TALDO1"
2.86848563866743e-79,1.98889147470899,0.923,0.269,5.10819922533896e-75,"1","CLEC7A"
4.52053909054385e-79,1.52787250906098,0.994,0.422,8.05017601244049e-75,"1","FCER1G"
5.2050696403424e-79,2.19140406072458,0.846,0.274,9.26918801552175e-75,"1","GCA"
6.98759663101834e-79,1.86720132001056,0.933,0.256,1.24435120805175e-74,"1","CSF3R"
2.86575591970001e-78,2.17515174535453,0.777,0.249,5.10333814180177e-74,"1","CAPG"
3.88293591165646e-78,1.41335955651991,1,0.898,6.91473227147783e-74,"1","NEAT1"
6.93379066993923e-78,1.71531120804376,0.926,0.38,1.23476944250278e-73,"1","HLA-DQB1"
9.81414360799401e-78,1.56924328489185,0.977,0.543,1.74770269371157e-73,"1","CEBPB"
2.77589167461892e-77,2.58246954733016,0.737,0.178,4.94330789416137e-73,"1","ASGR1"
3.44572535631847e-77,1.56740497910446,0.959,0.515,6.13614771453192e-73,"1","ANXA2"
4.04278894320118e-77,1.80158348343344,0.956,0.475,7.19939855005266e-73,"1","CTSD"
4.5170764870583e-77,0.883194416878931,1,0.997,8.04400980815341e-73,"1","ACTB"
1.05132843242761e-76,2.19889614820338,0.827,0.234,1.87220567246708e-72,"1","TIMP2"
1.51321619902819e-76,1.58058668469061,0.943,0.508,2.69473540722941e-72,"1","ATP6V0B"
1.61652186346436e-76,1.85081622823356,0.919,0.329,2.87870213445732e-72,"1","RNF130"
6.36619132201815e-76,1.5349063788812,0.999,0.568,1.13369135062499e-71,"1","PSAP"
2.45194200385296e-75,2.04018793615686,0.88,0.258,4.36641832046135e-71,"1","CLEC12A"
7.17494688120845e-75,1.68501345995802,0.987,0.601,1.2777145406056e-70,"1","DUSP1"
7.28995799488539e-75,2.00483059423202,0.882,0.246,1.29819571972919e-70,"1","CPVL"
1.26860830528721e-74,1.60137362571215,0.943,0.458,2.25913767005547e-70,"1","NPC2"
2.37127913192777e-74,1.70947062555943,0.936,0.304,4.22277387813697e-70,"1","SPI1"
2.51398564355193e-74,1.68219958356205,0.927,0.282,4.47690563403728e-70,"1","NCF2"
2.33665576701294e-73,1.45289967556861,0.982,0.461,4.16111658989664e-69,"1","APLP2"
6.4933007278399e-73,2.18224333429722,0.737,0.206,1.15632699361373e-68,"1","RAB32"
9.32505389584788e-73,1.71478991751518,0.908,0.343,1.66060559777259e-68,"1","LGALS3"
1.77124449424652e-72,1.61369273698955,0.958,0.478,3.1542321953542e-68,"1","PYCARD"
2.32955222549479e-72,1.10356510481209,0.999,0.94,4.14846660316113e-68,"1","VIM"
2.61994063899237e-72,1.58379911075401,0.98,0.495,4.66559028991761e-68,"1","HLA-DRB1"
5.23631270563319e-72,1.16311446900918,1,0.996,9.32482566619158e-68,"1","FTH1"
1.37027322364621e-71,1.46761678991231,0.956,0.447,2.44018255666917e-67,"1","ASAH1"
3.23729408131482e-71,0.938091671618912,1,0.97,5.76497330000543e-67,"1","SH3BGRL3"
2.26935593491901e-70,1.91213942895351,0.872,0.271,4.04126904890377e-66,"1","TNFSF13B"
3.7671632404492e-69,2.84904247906195,0.653,0.136,6.70856429859193e-65,"1","MGST1"
5.22057112998905e-69,1.68204274560008,0.892,0.271,9.2967930682845e-65,"1","CD68"
1.51294010961332e-68,1.75358358323341,0.882,0.333,2.69424374719941e-64,"1","CTSB"
1.42188541841596e-67,1.50884091657287,0.951,0.472,2.53209355311515e-63,"1","VSIR"
4.23735399630701e-67,1.51683517623408,1,0.722,7.54587999662351e-63,"1","CTSS"
7.54289748813065e-67,1.48913845570748,0.935,0.497,1.34323918468631e-62,"1","SDCBP"
1.78266135474344e-66,1.58002812656998,0.981,0.681,3.17456334052712e-62,"1","IER2"
2.79928954347239e-65,1.2125808203481,0.983,0.711,4.98497481901563e-61,"1","EVI2B"
3.09361203604909e-65,2.50610548928229,0.753,0.187,5.50910431379622e-61,"1","LGALS2"
4.8914126293688e-65,1.59327016590926,0.926,0.47,8.71062761037996e-61,"1","GLIPR1"
6.93313420660674e-65,1.3400401882969,0.938,0.353,1.23465253951253e-60,"1","CEBPD"
1.97901438248224e-64,2.88719839274255,0.741,0.169,3.52422881232438e-60,"1","FOSB"
2.26266071676876e-64,0.765078817193894,1,0.991,4.02934620442181e-60,"1","H3F3A"
2.34523453820573e-64,1.99911397754123,0.769,0.221,4.17639366563677e-60,"1","TGFBI"
2.46085701493541e-64,2.68149703248379,0.691,0.165,4.38229417219697e-60,"1","RBP7"
2.27598487850069e-63,2.5886490536307,0.611,0.145,4.05307387163404e-59,"1","KLF4"
9.63233592329338e-63,1.71605569688863,0.833,0.252,1.71532638122008e-58,"1","SLC11A1"
2.4095090663375e-62,2.15434825266953,0.825,0.278,4.29085374533382e-58,"1","KLF10"
3.26729989343593e-62,2.05098085490777,0.784,0.217,5.8184076502307e-58,"1","PLBD1"
8.93334265818674e-62,1.65999058917955,0.835,0.311,1.5908496605699e-57,"1","CTSH"
2.51663660178951e-61,2.2063180486887,0.701,0.217,4.48162646046676e-57,"1","SULT1A1"
2.72397609932163e-61,1.65654097854213,0.903,0.418,4.85085663767196e-57,"1","VMP1"
3.26772730785422e-61,1.97122390536672,0.78,0.229,5.81916878982679e-57,"1","CD302"
1.51508754720514e-60,1.44470920944145,0.931,0.528,2.69806790406291e-56,"1","FKBP1A"
1.5547189789807e-60,1.18033265284546,0.998,0.709,2.76864355776882e-56,"1","SAT1"
2.27951687762617e-60,1.9559341014607,0.775,0.22,4.05936365567669e-56,"1","ALDH2"
2.65293399641613e-60,1.51679212520573,0.954,0.597,4.72434486081785e-56,"1","ZFP36"
2.83518047046307e-60,1.88728478500638,0.759,0.277,5.04888938180064e-56,"1","SCPEP1"
3.87822305035507e-60,1.79000452209902,0.843,0.341,6.90633960807232e-56,"1","NUP214"
1.3799614431327e-59,1.60425247641147,0.892,0.363,2.45743533793072e-55,"1","JAML"
2.19686254417414e-59,4.02108594390371,0.49,0.073,3.9121728186653e-55,"1","RETN"
2.37789414941604e-58,1.34549342743772,0.942,0.478,4.23455390128009e-54,"1","ANXA5"
2.53346229012487e-58,0.954580604948383,0.987,0.789,4.51158964625436e-54,"1","GNAI2"
6.78131276321936e-58,1.70117027010441,0.773,0.256,1.2076161768741e-53,"1","CPPED1"
7.1622215577717e-58,2.11843162866499,0.748,0.21,1.27544841500798e-53,"1","LMO2"
1.13623350515589e-57,1.08594926157414,1,0.787,2.02340462598162e-53,"1","SRGN"
1.19107791703579e-57,1.68725702270647,0.843,0.256,2.12107155465733e-53,"1","IGSF6"
1.88656323148431e-57,1.15345777539455,0.988,0.855,3.35959180262726e-53,"1","CALM2"
4.32112304026169e-57,1.92397736211708,0.849,0.331,7.69505591009802e-53,"1","RGS2"
5.32478319551138e-57,2.1312282483351,0.669,0.195,9.48237391456667e-53,"1","RNASE6"
6.87701959655173e-57,1.34839082113973,0.93,0.516,1.22465964975393e-52,"1","H2AFY"
1.28169226947095e-56,1.71004357503573,0.83,0.342,2.28243759347386e-52,"1","AGTRAP"
9.96961638138892e-56,1.83253962203233,0.768,0.227,1.77538928519774e-51,"1","LRP1"
1.97057133545356e-55,1.01099212858209,0.919,0.293,3.50919343417569e-51,"1","TNFAIP2"
8.19686808099614e-55,1.95480076122816,0.743,0.224,1.45969826786379e-50,"1","SLC7A7"
3.24610673715181e-54,1.65463727739402,0.808,0.344,5.78066687751994e-50,"1","RTN3"
3.59276941021456e-54,1.17192337131521,0.961,0.646,6.3980037657101e-50,"1","RAC1"
4.18088240816783e-54,1.28412785514482,0.949,0.621,7.44531539246528e-50,"1","MCL1"
5.15016223165227e-54,1.70295493615274,0.772,0.235,9.17140890212636e-50,"1","PILRA"
1.97961181108743e-53,1.42956573793741,0.875,0.368,3.52529271318449e-49,"1","FGR"
2.03444687044101e-53,1.76377845017926,0.742,0.262,3.62294298688136e-49,"1","MEGF9"
3.66227074744145e-53,1.27967397116205,0.94,0.469,6.52177174704374e-49,"1","TNFRSF1B"
2.76107811989341e-52,1.73057499080621,0.704,0.205,4.91692791590618e-48,"1","CD93"
2.33521683009672e-51,1.25689289001756,0.89,0.368,4.15855413103624e-47,"1","NAMPT"
3.45269094840905e-51,1.79293547301557,0.746,0.228,6.14855204092683e-47,"1","LILRB3"
2.03243634225136e-50,0.818510099306916,0.996,0.724,3.61936263828122e-46,"1","CD74"
2.48084249519647e-50,1.65622971481139,0.834,0.35,4.41788431544587e-46,"1","STXBP2"
4.59718554113378e-50,0.948310855858562,0.987,0.54,8.18666801165104e-46,"1","HLA-DRA"
1.63515113755402e-49,2.59961233980242,0.572,0.135,2.9118771457562e-45,"1","FAM198B"
3.65981866688694e-49,1.8781465470379,0.729,0.263,6.51740508199226e-45,"1","DPYSL2"
7.74440692034266e-49,2.16204858221303,0.63,0.181,1.37912398437462e-44,"1","DUSP6"
1.82225109507254e-48,2.46201846445736,0.634,0.16,3.24506475010517e-44,"1","OSCAR"
2.3891080357299e-48,1.10374153403778,0.918,0.559,4.25452359002781e-44,"1","CD63"
3.50377586248225e-48,1.63042210687444,0.721,0.265,6.23952405590839e-44,"1","LY86"
9.28634741224799e-48,2.34107465639249,0.663,0.18,1.65371274717312e-43,"1","CLEC4A"
1.16282083286837e-47,1.78696533587777,0.725,0.222,2.07075133917199e-43,"1","C5AR1"
1.28001144359824e-47,1.28295971599668,0.91,0.508,2.27944437875974e-43,"1","ARRB2"
1.77025616896603e-47,1.62154932819527,0.752,0.239,3.15247218569471e-43,"1","DMXL2"
3.37777965933735e-47,1.5379320216332,0.724,0.241,6.01515001734795e-43,"1","HCK"
3.63373504606988e-47,1.4914149536072,0.791,0.248,6.47095537004125e-43,"1","LILRB2"
4.16131752712356e-47,1.22838751651828,0.878,0.526,7.41047425230163e-43,"1","PKM"
4.25976526666599e-47,2.04001408125024,0.625,0.19,7.58578998687879e-43,"1","PRAM1"
1.43282712996596e-46,1.31545462151149,0.876,0.435,2.55157855304339e-42,"1","TIMP1"
2.30286463525088e-46,1.55721604270089,0.817,0.301,4.10094134245476e-42,"1","MARCH1"
2.65498515786243e-46,1.05294135824429,0.993,0.872,4.72799756912142e-42,"1","JUNB"
2.72304581637161e-46,1.80787348153271,0.686,0.201,4.84919998979456e-42,"1","LRRC25"
6.59767559801956e-46,2.03019256389039,0.612,0.186,1.17491407049532e-41,"1","ZNF385A"
2.0506012271267e-45,1.45851975678362,0.874,0.418,3.65171066526723e-41,"1","NCF1"
2.13773187655849e-45,0.373995916138807,1,1,3.80687292577537e-41,"1","TMSB4X"
2.37226590022187e-45,2.26770490306575,0.601,0.161,4.22453111511511e-41,"1","HNMT"
3.57375800481971e-45,1.77165133892421,0.719,0.233,6.36414825498295e-41,"1","LRRK2"
4.96737980438618e-45,1.45713774550717,0.79,0.332,8.84590995565091e-41,"1","ADA2"
9.09707137648672e-45,1.5581568553614,0.729,0.298,1.62000647072476e-40,"1","IL17RA"
3.04769943846593e-44,1.8553739120301,0.749,0.298,5.42734316002012e-40,"1","MYADM"
3.7455374094969e-44,1.42660306842494,0.749,0.364,6.67005301883208e-40,"1","TMEM167A"
4.17596533081468e-44,1.5198142837998,0.773,0.288,7.43655906111478e-40,"1","CCDC88A"
7.71047134587003e-44,1.0196099037233,0.916,0.59,1.37308073727254e-39,"1","SERPINB1"
8.65814591884391e-44,2.85349807577374,0.407,0.084,1.54184262522772e-39,"1","QPCT"
9.49618380034912e-44,1.50258698044392,0.801,0.364,1.69108041116617e-39,"1","ZYX"
3.42414332840641e-43,1.40176925409912,0.65,0.22,6.09771443922613e-39,"1","CD300E"
4.40491222312418e-43,1.68976710894952,0.647,0.191,7.84426768693955e-39,"1","IFI30"
1.65264149458384e-42,2.1497442948759,0.533,0.145,2.9430239735549e-38,"1","CREB5"
1.91406719671281e-42,1.40646513562837,0.756,0.353,3.40857086390617e-38,"1","TPP1"
2.61856562391459e-42,1.95073769581556,0.6,0.185,4.66314166306709e-38,"1","NRGN"
4.52788267924557e-42,1.74054045749885,0.698,0.219,8.06325347520051e-38,"1","PLXDC2"
7.8395169326311e-41,1.56088925615641,0.703,0.262,1.39606117536295e-36,"1","NAIP"
2.05100557328488e-40,1.53015519535844,0.719,0.237,3.65243072490572e-36,"1","IRAK3"
2.55521269140551e-40,2.18151949679275,0.61,0.166,4.55032276085492e-36,"1","BST1"
3.45395562900933e-40,1.69033716962242,0.685,0.266,6.15080418413982e-36,"1","CRTAP"
7.82323381322442e-40,1.94070484756457,0.585,0.189,1.39316147745901e-35,"1","CREG1"
1.14409002890959e-39,0.879641442964131,0.818,0.344,2.0373955234822e-35,"1","ATP2B1-AS1"
4.34953374744593e-39,1.75602955110401,0.638,0.211,7.74564969745172e-35,"1","C19orf38"
5.36179864084638e-39,2.05434641922114,0.547,0.158,9.54829101961924e-35,"1","RGS18"
6.18635819355326e-39,1.49323463507096,0.721,0.22,1.10166666710797e-34,"1","FPR1"
7.40981200814645e-39,2.05951518764187,0.522,0.15,1.31953932241072e-34,"1","SHTN1"
8.07023991391846e-39,1.83618970925572,0.693,0.226,1.4371483238706e-34,"1","RXRA"
1.75826115731671e-38,1.20193466777773,0.73,0.37,3.1311114689496e-34,"1","LTA4H"
2.93300341072447e-38,1.41550119909184,0.754,0.302,5.22309247381814e-34,"1","OGFRL1"
4.46537262740827e-38,1.13607705665453,0.904,0.528,7.95193557488865e-34,"1","CARD16"
5.16087255925839e-38,1.46165000879162,0.613,0.219,9.19048185352734e-34,"1","SLC43A2"
7.83123103076051e-38,1.90277123411458,0.654,0.217,1.39458562195783e-33,"1","PGD"
7.98883035915879e-38,1.64014828516773,0.683,0.231,1.422650910359e-33,"1","RAB31"
9.36831609161553e-38,1.15023539229297,0.681,0.234,1.66830972959489e-33,"1","MS4A7"
1.06163936403437e-37,1.3945938144785,0.675,0.296,1.8905673794724e-33,"1","SNX10"
1.70953559119964e-37,1.67514086625517,0.694,0.229,3.04434098080832e-33,"1","FCGR2A"
1.84806910494748e-37,1.20409896338196,0.909,0.505,3.29104146209046e-33,"1","C1orf162"
2.87674400917062e-37,1.51349201829042,0.774,0.313,5.12290573153104e-33,"1","IFITM3"
5.84050942080767e-37,1.33730245388501,0.741,0.333,1.04007791765743e-32,"1","HLA-DMA"
5.8938279991022e-37,1.42118459111748,0.723,0.286,1.04957289008012e-32,"1","IFNGR2"
1.35578601370893e-36,0.925688811256973,0.982,0.683,2.41438373321286e-32,"1","ITGB2"
1.58963872377532e-36,1.97980317444993,0.652,0.222,2.83082863929909e-32,"1","LY96"
3.15791163148274e-36,1.22015018651383,0.899,0.628,5.62360903334447e-32,"1","ZFP36L1"
3.64373346600482e-36,2.10836304706524,0.525,0.156,6.48876055626137e-32,"1","CD33"
4.45398168376966e-36,2.39354351856541,0.469,0.125,7.93165058245701e-32,"1","AC020916.1"
5.89063418419057e-36,1.84194007694417,0.578,0.201,1.04900413552066e-31,"1","ALOX5"
6.77558311340775e-36,0.978800869926258,0.95,0.494,1.20659584083565e-31,"1","ZEB2"
1.73960922234207e-35,1.79418239745812,0.608,0.206,3.09789610314676e-31,"1","RASSF4"
2.85258990722104e-35,1.12755515414909,0.715,0.306,5.07989210677922e-31,"1","HLA-DMB"
5.05168114324777e-35,2.2550377236882,0.48,0.126,8.99603377989563e-31,"1","CYP1B1"
5.66854470413748e-35,2.2857072631009,0.465,0.121,1.0094544409128e-30,"1","CEBPA"
7.10389510392085e-35,1.08758516835526,0.849,0.437,1.26506164010622e-30,"1","LYST"
7.24357105610833e-35,1.53742667305465,0.728,0.304,1.28993513367177e-30,"1","GLUL"
9.95403875281307e-35,1.97918406181634,0.541,0.17,1.77261522110095e-30,"1","PLXNB2"
1.01847887652917e-34,2.5389947349353,0.352,0.08,1.81370718332314e-30,"1","NFE2"
1.83145555966338e-34,1.90911682271888,0.544,0.184,3.26145606064854e-30,"1","MSRB1"
2.07763958531772e-34,1.54127331252202,0.583,0.191,3.69986057353379e-30,"1","TLR2"
2.40209463789866e-34,1.83443133624868,0.499,0.157,4.27765013116993e-30,"1","SIRPA"
2.50995795829101e-34,1.70362083325936,0.612,0.231,4.46973313212463e-30,"1","ATP6V1B2"
3.78522448954328e-34,0.87029917562982,0.92,0.673,6.74072777097868e-30,"1","PRELID1"
4.63347106530178e-34,0.972077557922601,0.902,0.63,8.2512852730894e-30,"1","CSTB"
4.8118435319842e-34,2.15548588218841,0.491,0.142,8.56893096175747e-30,"1","RBM47"
5.45827714273789e-34,1.12529701779502,0.787,0.446,9.72009993578763e-30,"1","PLP2"
5.62320306734051e-34,2.00114876936078,0.498,0.144,1.001380002232e-29,"1","P2RY13"
6.87022300176692e-34,0.921044611816308,0.939,0.535,1.22344931215465e-29,"1","MYO1F"
6.89703963020446e-34,2.11890436894464,0.51,0.15,1.22822481734681e-29,"1","TMEM170B"
7.19846142890782e-34,1.29127494973788,0.777,0.39,1.2819020112599e-29,"1","BNIP3L"
1.02234652669638e-33,1.45213201726078,0.677,0.321,1.82059469474091e-29,"1","CDC42EP3"
3.86884687267457e-33,1.89015191765249,0.562,0.18,6.88964251085888e-29,"1","LILRA2"
5.91862754538768e-33,1.29903261997463,0.751,0.343,1.05398919328264e-28,"1","YBX3"
1.09729954343575e-32,2.08610966016343,0.479,0.145,1.95407102695038e-28,"1","FES"
1.3302018253985e-32,1.14741936291727,0.735,0.353,2.36882341066965e-28,"1","TNFSF10"
1.97107854713683e-32,1.87770446355524,0.507,0.167,3.51009667674126e-28,"1","CD86"
2.84119684235009e-32,1.70373064896296,0.659,0.252,5.05960333685704e-28,"1","C9orf72"
3.0656783189913e-32,1.52459863376024,0.645,0.251,5.45935995045971e-28,"1","ITGAM"
3.08489547363186e-32,1.86581053382917,0.529,0.169,5.49358185944361e-28,"1","EGR1"
3.4280154644222e-32,1.53664257578346,0.516,0.209,6.10460993904305e-28,"1","UNC93B1"
3.57199464436076e-32,1.81165142051067,0.551,0.18,6.36100806267764e-28,"1","ENTPD1"
1.2713749397033e-31,1.7537459954284,0.539,0.193,2.26406449262363e-27,"1","SLC16A3"
2.19459229126648e-31,1.37256784835605,0.797,0.395,3.90812995228735e-27,"1","FBXL5"
2.2956158613409e-31,1.69664046310264,0.471,0.168,4.08803272587587e-27,"1","CKAP4"
2.75197169203297e-31,0.853668064534427,0.944,0.682,4.90071118917232e-27,"1","SAMHD1"
3.3953148626551e-31,1.28859366135469,0.721,0.342,6.0463767074162e-27,"1","HSBP1"
3.8123994618422e-31,1.4568475976681,0.61,0.254,6.78912096164858e-27,"1","RASSF2"
4.67616125020035e-31,0.810594076562581,0.768,0.317,8.32730795435678e-27,"1","MARCKS"
4.72736267222785e-31,1.15785390371082,0.8,0.457,8.41848744670336e-27,"1","RNH1"
6.792348029324e-31,1.22626630887361,0.769,0.365,1.20958133706202e-26,"1","SKAP2"
7.67969751450095e-31,2.16004403310751,0.422,0.124,1.36760053338233e-26,"1","AC096667.1"
7.79529120021929e-31,1.67347202668765,0.555,0.175,1.38818545693505e-26,"1","CSF1R"
8.46242035153958e-31,1.13489589668834,0.784,0.399,1.50698781620217e-26,"1","NCOA4"
8.81628164923721e-31,3.21003346805591,0.315,0.048,1.57000343609616e-26,"1","VSTM1"
9.08714541074437e-31,1.30247292384298,0.667,0.296,1.61823885474536e-26,"1","LGALS9"
9.40011389592011e-31,1.05890477557286,0.83,0.449,1.67397228258545e-26,"1","QKI"
1.07820561199557e-30,1.75029562188055,0.553,0.206,1.92006855384171e-26,"1","NCF4"
1.22091638431056e-30,1.08613677212453,0.709,0.342,2.17420789718025e-26,"1","BID"
2.14519862636788e-30,1.31859637221789,0.654,0.308,3.82016971383593e-26,"1","EHBP1L1"
2.39544832347704e-30,2.05107498864864,0.494,0.147,4.26581437444792e-26,"1","KCNE3"
3.19015333033788e-30,1.89020973291321,0.569,0.199,5.6810250506657e-26,"1","EIF4EBP1"
3.79727532943806e-30,1.1296194681576,0.786,0.423,6.7621879066633e-26,"1","PLEKHO1"
4.27029887724592e-30,0.970530752223708,0.872,0.486,7.60454824059954e-26,"1","POU2F2"
6.44678493791902e-30,1.4900641385467,0.631,0.266,1.14804346174462e-25,"1","SULF2"
7.18139421678716e-30,2.11139228258538,0.466,0.145,1.27886268212546e-25,"1","ROGDI"
1.81912009627574e-29,1.01028426016718,0.823,0.382,3.23948906744783e-25,"1","PTPRE"
3.47157227005562e-29,1.35265413260329,0.642,0.27,6.18217589851504e-25,"1","SYK"
6.91316747546522e-29,1.1597870876269,0.795,0.485,1.23109686403085e-24,"1","METTL9"
7.26825259400978e-29,1.63744991554153,0.533,0.163,1.29433042194126e-24,"1","CLEC4E"
8.97935321719944e-29,1.80306160816301,0.535,0.19,1.59904322091888e-24,"1","KIAA0930"
9.2925748177479e-29,1.13886802993903,0.747,0.31,1.65482172354455e-24,"1","PECAM1"
9.85515426529142e-29,2.41270752258056,0.407,0.099,1.7550058715631e-24,"1","RNASE2"
1.01391020455706e-28,2.22756491886737,0.352,0.1,1.80557129227522e-24,"1","HOMER3"
1.31895615605778e-28,2.05282007965112,0.389,0.113,2.3487971227077e-24,"1","F13A1"
1.63388288270189e-28,1.37317313959782,0.552,0.253,2.90961863751553e-24,"1","PLD3"
2.09405767000722e-28,1.05372761990329,0.779,0.402,3.72909789874886e-24,"1","ZFAND5"
2.28467806313861e-28,0.941583630773352,0.844,0.393,4.06855469483723e-24,"1","LYN"
3.66104820443728e-28,1.47511441590914,0.562,0.195,6.51959464246191e-24,"1","LILRA5"
3.78834177080811e-28,1.42678084243166,0.56,0.228,6.74627902545508e-24,"1","GNS"
4.95384630544306e-28,1.63757614355985,0.451,0.175,8.821809500733e-24,"1","NUDT16"
5.1045756128885e-28,1.47516122497396,0.648,0.282,9.09022825143183e-24,"1","CTSA"
6.78651824757639e-28,1.41437166189716,0.655,0.302,1.2085431695284e-23,"1","NAAA"
6.89535111814231e-28,0.975608284545896,0.876,0.536,1.22792412711878e-23,"1","HLA-DPA1"
9.714909201432e-28,0.845435925973031,0.833,0.501,1.73003103059101e-23,"1","VASP"
1.11348992368791e-27,0.79177748031411,0.675,0.297,1.98290285610343e-23,"1","MEF2C"
1.2683130432371e-27,1.54611714595616,0.578,0.24,2.25861186739663e-23,"1","CHP1"
1.39982310537111e-27,1.21963027604779,0.802,0.401,2.49280498604488e-23,"1","CASP1"
1.54852015977522e-27,2.05706020866748,0.426,0.129,2.7576047005277e-23,"1","CD300LF"
2.50173142298436e-27,2.19771807387263,0.437,0.124,4.45508331805055e-23,"1","RAB3D"
2.57099756709071e-27,1.84526201186872,0.414,0.135,4.57843246747513e-23,"1","CSF2RA"
2.6842281358589e-27,1.76464986156542,0.475,0.158,4.78007346433753e-23,"1","IL13RA1"
2.86624364256515e-27,1.03786852385473,0.809,0.468,5.10420667868002e-23,"1","CMTM6"
3.35233319912774e-27,1.06525062219565,0.829,0.483,5.96983496100668e-23,"1","RHOG"
3.9126322033034e-27,2.62984717546372,0.352,0.079,6.96761542764269e-23,"1","STAB1"
5.35271857260227e-27,1.67553042254191,0.494,0.173,9.53212123409013e-23,"1","CDKN1A"
1.12582542469232e-26,1.84273258455965,0.466,0.14,2.00486991629209e-22,"1","CD163"
1.15123917569067e-26,1.10351070060213,0.766,0.436,2.05012672406995e-22,"1","EVI2A"
1.18828524297995e-26,0.825980673210314,0.784,0.398,2.11609836069869e-22,"1","SOD2"
1.2818495220303e-26,1.78063720968095,0.4,0.132,2.28271762883156e-22,"1","CCR1"
1.88895823608048e-26,1.84990420807939,0.451,0.155,3.36385682681212e-22,"1","GAA"
1.96381375190203e-26,1.8890659543642,0.423,0.139,3.49715952938713e-22,"1","ADAP2"
2.23884082674902e-26,1.25139228537745,0.698,0.329,3.98692774427465e-22,"1","DPYD"
3.65795192392537e-26,2.00008470322744,0.459,0.155,6.51408078612631e-22,"1","VNN2"
3.79620428263832e-26,1.54035037787571,0.527,0.217,6.76028058652232e-22,"1","MFSD1"
4.05410592009158e-26,1.24786406278988,0.685,0.326,7.21955182249908e-22,"1","CD4"
4.787723938128e-26,1.572641784101,0.58,0.209,8.52597878901835e-22,"1","GAS7"
4.82282577843742e-26,1.6972747948176,0.406,0.148,8.58848814624136e-22,"1","EVI5"
5.97001214213868e-26,1.67542843633035,0.495,0.187,1.06313976227206e-21,"1","PRKCD"
6.93385371825107e-26,1.9996178940044,0.485,0.147,1.23478067014615e-21,"1","TFEC"
8.12245891509109e-26,1.45193107392747,0.454,0.187,1.44644748359942e-21,"1","LYL1"
8.38872501361542e-26,1.9963485243044,0.532,0.186,1.49386415042463e-21,"1","NR4A1"
1.17870250637569e-25,2.02819935322795,0.45,0.138,2.09903342335383e-21,"1","ZNF467"
1.51684911171213e-25,1.46035893009961,0.551,0.215,2.70120489813696e-21,"1","TBXAS1"
1.85353142042638e-25,2.17620437213261,0.371,0.106,3.3007687534953e-21,"1","FCGR1A"
2.19073139951957e-25,1.88510305993967,0.492,0.157,3.90125447626444e-21,"1","PYGL"
2.37094479136404e-25,1.43936553088577,0.557,0.232,4.22217848446108e-21,"1","LACTB"
2.88566282052385e-25,0.720472375029759,0.952,0.719,5.13878835078887e-21,"1","CD44"
3.32424935738554e-25,1.32759258410657,0.736,0.35,5.91982325563218e-21,"1","RAB11FIP1"
3.91910328308306e-25,1.24514927466554,0.725,0.342,6.97913912651431e-21,"1","IFNGR1"
4.89455311055114e-25,0.930369211361569,0.616,0.231,8.71622017926947e-21,"1","PLAUR"
6.88297979266781e-25,1.53384730637979,0.588,0.236,1.22572104147828e-20,"1","BLVRA"
7.79875728714585e-25,0.963659319217591,0.722,0.395,1.38880269769493e-20,"1","MIDN"
8.26653019968111e-25,0.964556031442139,0.772,0.468,1.47210369795921e-20,"1","IRF2BP2"
1.10792041270109e-24,2.18739732864952,0.426,0.12,1.9729846709381e-20,"1","MGST2"
1.18448533198093e-24,1.35666565553523,0.62,0.274,2.10933147919164e-20,"1","GNAQ"
1.31412490352258e-24,2.03054744932505,0.418,0.131,2.34019362819301e-20,"1","NFAM1"
1.92170313468102e-24,0.975618187720856,0.628,0.244,3.42216894223996e-20,"1","IER3"
2.34862481898908e-24,1.54089380453135,0.418,0.17,4.18243107765576e-20,"1","C15orf39"
3.06104566363295e-24,1.33061609880799,0.531,0.236,5.45111011779755e-20,"1","MAPKAPK3"
3.60981827269331e-24,1.64518703438356,0.531,0.206,6.42836438001225e-20,"1","HEXB"
4.78749045040749e-24,2.10327382047164,0.336,0.105,8.52556299408565e-20,"1","RASGRP4"
5.53726935956053e-24,1.26000741531551,0.722,0.326,9.86076927550539e-20,"1","THEMIS2"
6.39686028375184e-24,2.06278952021951,0.441,0.133,1.13915287933053e-19,"1","CD1D"
6.67224439381433e-24,0.977107206551746,0.701,0.365,1.18819328165046e-19,"1","RILPL2"
8.41014145638502e-24,0.935085189760626,0.74,0.466,1.49767799055304e-19,"1","JUN"
9.54341069583297e-24,1.6352236405649,0.491,0.158,1.69949057671394e-19,"1","HMOX1"
1.11705824043247e-23,2.00633697210948,0.51,0.18,1.98925731456214e-19,"1","RHOB"
1.15376491859034e-23,0.863689238082919,0.775,0.489,2.05462456702568e-19,"1","WSB1"
1.20629368272985e-23,1.13857654167957,0.604,0.313,2.14816779020532e-19,"1","PLEC"
1.67285013172018e-23,1.41230208839377,0.587,0.216,2.9790115145673e-19,"1","EMILIN2"
1.70642166574096e-23,1.37046472565016,0.588,0.261,3.0387957023515e-19,"1","NOTCH2"
1.91454500377973e-23,1.79029081674019,0.451,0.158,3.40942174273094e-19,"1","SMCO4"
1.94611416343929e-23,1.25149646537157,0.781,0.486,3.46564010225268e-19,"1","TUBA1A"
2.23388651550669e-23,2.54111657083148,0.341,0.079,3.97810510681432e-19,"1","TSPAN4"
2.26568413934955e-23,2.06632126980932,0.366,0.116,4.03473031535368e-19,"1","IRF5"
3.46281955969361e-23,1.26157527866225,0.49,0.208,6.16658907190239e-19,"1","SCIMP"
3.80175033844245e-23,1.69718441076437,0.486,0.169,6.77015700269832e-19,"1","SLC8A1"
4.08696862556479e-23,0.834509838314259,0.792,0.485,7.27807372840577e-19,"1","PTPN6"
4.34284996349057e-23,1.33242423103218,0.663,0.292,7.73374721498401e-19,"1","NAGK"
4.52271312478524e-23,1.99309228720382,0.442,0.145,8.05404753261755e-19,"1","SIRPB1"
5.42925194924418e-23,1.67537871434935,0.43,0.153,9.66841187121403e-19,"1","SECTM1"
6.01904848095077e-23,1.21341703159722,0.662,0.319,1.07187215348771e-18,"1","NUMB"
6.08627907064088e-23,1.60595623786761,0.402,0.143,1.08384457689973e-18,"1","JDP2"
6.30424174867805e-23,1.22777228797251,0.606,0.244,1.12265937060459e-18,"1","AC007952.4"
1.07231177168238e-22,1.28979051154774,0.608,0.276,1.90957280301199e-18,"1","SH3BP2"
2.00638532424541e-22,1.46342502803505,0.431,0.173,3.57297098541623e-18,"1","TESC"
2.29349298267866e-22,1.44692972831106,0.574,0.249,4.08425230355417e-18,"1","PRKACA"
2.4288191816323e-22,0.770244027509507,0.958,0.725,4.3252411986508e-18,"1","ANXA1"
3.08887712361907e-22,1.72275202557287,0.395,0.14,5.50067238174084e-18,"1","KCNK6"
5.40171013986842e-22,1.12234875697054,0.659,0.327,9.61936541707769e-18,"1","PPT1"
5.4230648423771e-22,1.51666621593553,0.471,0.182,9.65739387130514e-18,"1","HRH2"
5.42739699378489e-22,0.98981965846715,0.655,0.318,9.66510856653213e-18,"1","BACH1"
6.26166322516687e-22,1.31457889718937,0.428,0.161,1.11507698713772e-17,"1","PTAFR"
6.98163812159281e-22,1.46877110165691,0.586,0.232,1.24329011669325e-17,"1","PAK1"
7.82112394779714e-22,1.77620199730582,0.485,0.176,1.39278575262372e-17,"1","HSPA1A"
8.74281630200417e-22,1.34309335083379,0.477,0.206,1.5569207270609e-17,"1","PLXNC1"
8.78512862616876e-22,2.13145963980486,0.376,0.113,1.56445570574813e-17,"1","LTBR"
9.06758062584512e-22,1.94166856127623,0.345,0.112,1.6147547578505e-17,"1","AL034397.3"
1.94270135127802e-21,1.79288502428629,0.384,0.136,3.45956256635589e-17,"1","CYFIP1"
2.16030575342865e-21,1.25100175200439,0.477,0.201,3.84707248570574e-17,"1","STX11"
2.22930364283043e-21,1.57186759538396,0.514,0.203,3.96994392715243e-17,"1","ATP6V1A"
2.55581093454529e-21,1.13927374504823,0.665,0.341,4.55138811223825e-17,"1","MGAT1"
2.73403763535922e-21,1.09527729325682,0.668,0.342,4.86877422104769e-17,"1","IER5"
3.16837698497223e-21,1.78742806418882,0.391,0.135,5.64224573483855e-17,"1","SEMA4A"
4.93155790127173e-21,1.55111218365545,0.401,0.16,8.78211831058469e-17,"1","SLC15A3"
5.34471149949502e-21,2.03015438994839,0.306,0.092,9.51786223830072e-17,"1","ASGR2"
5.47962502863629e-21,1.74756636403542,0.38,0.136,9.7581162509955e-17,"1","ACER3"
5.82659886586839e-21,1.06658840333747,0.633,0.344,1.03760072603384e-16,"1","GPCPD1"
5.90623620763595e-21,1.93246915441257,0.351,0.116,1.05178254385581e-16,"1","ALDH3B1"
7.54845740646023e-21,0.530273156699171,0.995,0.857,1.34422929494244e-16,"1","LCP1"
7.90759373977136e-21,1.98519383782936,0.403,0.13,1.40818429317848e-16,"1","DOK3"
1.61449939501448e-20,1.02663913990629,0.682,0.321,2.87510052264178e-16,"1","AOAH"
1.72242494632887e-20,1.57221530293149,0.431,0.17,3.06729434442246e-16,"1","ODF3B"
1.96346355306742e-20,1.86963470374733,0.383,0.13,3.49653589530246e-16,"1","TTYH3"
2.14434306323823e-20,2.37950503746246,0.334,0.089,3.81864612701464e-16,"1","LILRA6"
2.83589218893379e-20,1.95922847692567,0.309,0.097,5.0501568100533e-16,"1","PADI4"
3.32485950159647e-20,1.78220810942776,0.38,0.127,5.92090980044299e-16,"1","TREM1"
3.54294956033346e-20,0.944842263069893,0.593,0.309,6.30928457704183e-16,"1","ARHGAP26"
3.80696886907374e-20,1.50176341487582,0.678,0.356,6.77945016204651e-16,"1","HLA-DRB5"
4.51669029677406e-20,1.12701356074745,0.547,0.268,8.04332208049525e-16,"1","FOSL2"
5.07768201591956e-20,1.07971188781913,0.406,0.199,9.04233613394955e-16,"1","BTK"
6.30552107917158e-20,1.20028338654889,0.594,0.283,1.12288719377887e-15,"1","MYD88"
6.64035376122753e-20,1.52193870135272,0.371,0.156,1.1825141977994e-15,"1","MSRB2"
8.28839453149225e-20,1.00116398461331,0.577,0.262,1.47599729816814e-15,"1","MXD1"
8.90483185446744e-20,1.39557490364915,0.462,0.194,1.58577245664356e-15,"1","APOBR"
1.05181832423254e-19,0.606503307840687,0.95,0.699,1.87307807179331e-15,"1","AHNAK"
1.22194765355124e-19,1.27213089720481,0.409,0.153,2.17604438144404e-15,"1","SMIM25"
1.64157261312359e-19,1.54775967192862,0.501,0.196,2.92331250945049e-15,"1","METTL7A"
3.59685941891739e-19,1.1166622468105,0.599,0.303,6.40528725320809e-15,"1","SLCO3A1"
3.60445132410804e-19,2.02810674450331,0.271,0.084,6.41880691797159e-15,"1","MTMR11"
4.04454954597547e-19,1.18345361344007,0.583,0.244,7.20253383147311e-15,"1","WARS"
4.1249644350968e-19,1.48476634893242,0.411,0.168,7.34573666602038e-15,"1","GNB4"
4.83478492882166e-19,1.0839901267267,0.636,0.338,8.60978500124562e-15,"1","RAB10"
5.58552289606557e-19,1.77413368153983,0.252,0.09,9.94669917331357e-15,"1","ITPRIPL2"
8.66329732615179e-19,1.76588743954417,0.439,0.159,1.54275998784111e-14,"1","CORO1C"
9.11200026925505e-19,1.86634802594382,0.282,0.084,1.62266500794894e-14,"1","HBEGF"
9.30594026864012e-19,1.27417420042628,0.573,0.259,1.65720184303943e-14,"1","PLSCR1"
9.41793251707096e-19,1.25690000630279,0.581,0.279,1.67714542264e-14,"1","LAP3"
9.8219646667181e-19,1.86571551370251,0.431,0.141,1.74909546784916e-14,"1","SLC24A4"
1.08092484483118e-18,1.59731578225219,0.423,0.167,1.92491096367536e-14,"1","ZSWIM6"
1.24250195764119e-18,0.617510551013952,0.9,0.686,2.21264748616744e-14,"1","KLF6"
1.36710414510992e-18,1.71569976028873,0.305,0.112,2.43453906161175e-14,"1","KIF13A"
1.85696488315952e-18,1.71571314255066,0.39,0.143,3.30688306393047e-14,"1","NAGA"
2.20150654492885e-18,1.17229848918039,0.655,0.33,3.9204428552093e-14,"1","TMEM154"
2.2632682217827e-18,2.07601697211018,0.342,0.106,4.03042804935064e-14,"1","HK3"
2.35076824830675e-18,2.05245507579998,0.293,0.083,4.18624809658467e-14,"1","CCR2"
2.60613035481195e-18,1.51742441283541,0.473,0.205,4.64099693584913e-14,"1","LIPA"
2.99356346996363e-18,2.41812573847728,0.367,0.093,5.33093782731123e-14,"1","ARHGEF40"
4.09135747217775e-18,1.7403696506162,0.417,0.148,7.28588938645413e-14,"1","ZFHX3"
4.74405956110884e-18,1.14646615156382,0.63,0.303,8.44822126642263e-14,"1","RHOQ"
7.26634280678932e-18,1.48670292251794,0.439,0.168,1.29399032703304e-13,"1","AHR"
9.29996140358086e-18,0.573768261667468,0.95,0.575,1.65613712674968e-13,"1","EFHD2"
9.81280068297126e-18,1.23466417648752,0.463,0.221,1.74746354562352e-13,"1","IRS2"
1.10586288679662e-17,1.34994861698906,0.475,0.213,1.96932062880742e-13,"1","JAK2"
1.20112074662859e-17,1.35499208717053,0.371,0.151,2.1389558255962e-13,"1","CALHM6"
1.40729841051749e-17,1.5845682140203,0.434,0.154,2.50611700944954e-13,"1","HHEX"
1.43976179682253e-17,0.461806250698857,0.757,0.458,2.56392780778156e-13,"1","NFKBIZ"
1.61031400802522e-17,0.997351843105006,0.45,0.243,2.86764718549132e-13,"1","CPEB4"
1.68230088967071e-17,0.95807418703411,0.835,0.649,2.99584142432559e-13,"1","BTG2"
1.9488969336451e-17,1.33282856047139,0.438,0.183,3.47059565943519e-13,"1","GAPT"
2.17908815321706e-17,1.08139554614925,0.644,0.421,3.88052018324894e-13,"1","SLC2A3"
2.20170979155835e-17,1.11790077854058,0.552,0.254,3.92080479680712e-13,"1","GRINA"
2.29773753822048e-17,0.447957447432482,0.898,0.686,4.09181100806302e-13,"1","NFKBIA"
2.54681024053199e-17,1.10174212927274,0.631,0.316,4.53535967633937e-13,"1","PICALM"
2.75353382155217e-17,1.26474323375899,0.496,0.22,4.9034930294201e-13,"1","GRK3"
4.07811583344795e-17,1.79875605775782,0.366,0.125,7.26230867620412e-13,"1","TLR8"
1.07548163483023e-16,1.62213552827117,0.333,0.126,1.91521769530567e-12,"1","QSOX1"
1.27388465386932e-16,2.01137426985854,0.341,0.111,2.26853379161049e-12,"1","CSF2RB"
1.8205176152963e-16,1.12221184998805,0.462,0.214,3.24197776931965e-12,"1","NFKBID"
2.07940068342888e-16,1.21604911819078,0.475,0.224,3.70299673705014e-12,"1","IL6R"
2.54680750797185e-16,1.81169377539772,0.359,0.123,4.53535481019627e-12,"1","CAMK1"
3.01347709622894e-16,1.76718800719151,0.375,0.132,5.3664000129645e-12,"1","LILRA1"
3.69965641824984e-16,0.695991483332272,0.64,0.308,6.58834814961932e-12,"1","NINJ1"
4.11768898132569e-16,1.4537499194078,0.288,0.123,7.33278053794478e-12,"1","MAFG"
4.55003130592144e-16,1.68306319488325,0.257,0.092,8.10269574958491e-12,"1","LINC00937"
5.27346780998924e-16,1.71659434805734,0.414,0.149,9.39099147602885e-12,"1","ANPEP"
5.5895945478217e-16,0.907171175675615,0.542,0.209,9.95394997076088e-12,"1","MAFB"
5.77276117396777e-16,1.07261966386337,0.403,0.193,1.02801330986018e-11,"1","OAS1"
6.91952108271757e-16,1.86653955252035,0.337,0.11,1.23222831441035e-11,"1","PID1"
7.50147222200718e-16,1.50266811291612,0.448,0.186,1.33586217329504e-11,"1","SH2B3"
8.37913517025358e-16,1.64682392467057,0.394,0.146,1.49215639111876e-11,"1","FGD4"
8.41828618184492e-16,1.18339053063623,0.411,0.181,1.49912840326294e-11,"1","BASP1"
8.5952228714994e-16,1.29404999955179,0.486,0.218,1.53063728895661e-11,"1","DAPP1"
9.05914499620691e-16,1.09255192086982,0.469,0.247,1.61325254092453e-11,"1","CARD19"
9.20133103618363e-16,1.11441767127268,0.672,0.348,1.63857303092358e-11,"1","TRIM8"
9.3105203439374e-16,1.46750073448007,0.473,0.194,1.65801746284837e-11,"1","CTNNA1"
9.80001301208108e-16,1.58928870632662,0.269,0.106,1.7451863171914e-11,"1","LILRB4"
9.83958465125857e-16,1.61311473775595,0.391,0.145,1.75223323469613e-11,"1","SLC31A2"
1.08609180333144e-15,1.55132247537228,0.426,0.172,1.93411228337262e-11,"1","RELT"
1.17977809787734e-15,1.53147228345237,0.358,0.144,2.10094883669997e-11,"1","MCTP1"
1.44938819196265e-15,0.611166447382193,0.83,0.577,2.5810704922471e-11,"1","HLA-DPB1"
1.45607712632269e-15,2.23757137149637,0.339,0.085,2.59298214655544e-11,"1","IER5L"
1.64131381049516e-15,1.14715660580189,0.616,0.302,2.92285163372978e-11,"1","TET2"
1.75966425560689e-15,1.21681734698114,0.343,0.157,3.13361010638474e-11,"1","DOCK5"
1.93358273373238e-15,1.39382862320787,0.394,0.17,3.44332413223062e-11,"1","ARID3A"
1.97898049351082e-15,1.69378764653074,0.471,0.178,3.52416846284407e-11,"1","MBOAT7"
2.41573297500865e-15,1.87856070448449,0.368,0.119,4.3019372818954e-11,"1","GPBAR1"
2.43331680793572e-15,0.934946212930398,0.653,0.364,4.33325057157193e-11,"1","ATG3"
2.4426017716646e-15,1.38738471018504,0.382,0.163,4.34978523498032e-11,"1","FBP1"
2.89447386958733e-15,1.61607728162155,0.258,0.103,5.15447906696111e-11,"1","DAPK1"
2.89776539190444e-15,0.99481841392003,0.553,0.276,5.16034060990343e-11,"1","UBE2D1"
3.0842502648528e-15,1.21086019917198,0.403,0.192,5.49243287164986e-11,"1","APP"
3.407852153466e-15,1.12306277084218,0.456,0.189,6.06870311489225e-11,"1","SGK1"
3.54037780782941e-15,1.55872651660723,0.383,0.148,6.30470480018262e-11,"1","SAP30"
5.15284456734688e-15,0.962388545358204,0.494,0.262,9.17618560553132e-11,"1","SPTLC2"
5.9108822280796e-15,1.95237491659496,0.33,0.108,1.05260990717641e-10,"1","NPL"
5.9436227137224e-15,1.2287548614054,0.444,0.184,1.05844033285968e-10,"1","BCL6"
6.02113966532833e-15,1.24074621602871,0.45,0.219,1.07224455160167e-10,"1","C20orf27"
8.59343229338161e-15,1.00278311411009,0.48,0.256,1.5303184228054e-10,"1","OAZ2"
1.10794964429775e-14,1.67511618192228,0.457,0.159,1.97303672656543e-10,"1","TLR4"
1.2938085099157e-14,1.43173545226129,0.379,0.16,2.30401419445789e-10,"1","MPP1"
1.878025649665e-14,0.732804696530149,0.74,0.461,3.34438807692344e-10,"1","ZNF106"
2.77095274383289e-14,1.51865516038924,0.324,0.139,4.9345126462176e-10,"1","PPIF"
6.77960292120274e-14,0.565920523559602,0.553,0.325,1.20731168820778e-09,"1","STX7"
6.83766668054545e-14,0.71687638958253,0.753,0.47,1.21765168247153e-09,"1","MIS18BP1"
8.59305639551409e-14,0.904466559294028,0.578,0.318,1.53025148291315e-09,"1","PIM3"
1.03999452715447e-13,1.13913974380231,0.379,0.185,1.85202225395668e-09,"1","OSBPL11"
1.4698463880692e-13,1.1175368868515,0.366,0.173,2.61750244787363e-09,"1","KYNU"
1.5234269551883e-13,1.86698030737349,0.256,0.087,2.71291872179932e-09,"1","GLT1D1"
1.5699853731807e-13,0.259753218757011,0.699,0.372,2.79582995256019e-09,"1","PPP1R15A"
1.77693708800894e-13,0.979498934764402,0.395,0.208,3.16436956632632e-09,"1","DENND3"
2.36149990575686e-13,0.853132150064711,0.664,0.392,4.20535903217181e-09,"1","RNF149"
2.699239108703e-13,1.23596958601399,0.343,0.165,4.80680500477831e-09,"1","MID1IP1"
2.89660077600026e-13,0.730797285183589,0.423,0.221,5.15826666190127e-09,"1","IRF8"
2.93808533330648e-13,1.66182809190408,0.272,0.097,5.23214236155219e-09,"1","PTGIR"
3.92991381133688e-13,1.77742213698636,0.261,0.089,6.99839051522871e-09,"1","CRISPLD2"
4.02735002880564e-13,0.696477263238477,0.551,0.329,7.17190493129708e-09,"1","CUX1"
5.6692291408529e-13,1.49679025459889,0.366,0.146,1.00957632540308e-08,"1","EPB41L3"
5.77066888331299e-13,1.24458896558434,0.297,0.138,1.02764071474038e-08,"1","MIR22HG"
6.25545653938152e-13,1.17817355222212,0.407,0.197,1.11397170053306e-08,"1","APAF1"
7.7047873020306e-13,1.47452668752328,0.263,0.113,1.37206852274561e-08,"1","SORT1"
9.01338111604705e-13,1.16179789957387,0.481,0.231,1.60510290914566e-08,"1","FKBP15"
9.03332727210068e-13,1.12686150726126,0.574,0.348,1.60865492061569e-08,"1","GADD45B"
1.08985098587752e-12,0.878939333728115,0.484,0.266,1.94080663565069e-08,"1","SLC25A37"
1.18962100158568e-12,1.01717231280869,0.499,0.234,2.11847707962378e-08,"1","LILRB1"
1.5778748049059e-12,1.70392488633296,0.362,0.132,2.80987945257643e-08,"1","LPCAT2"
1.81458821438095e-12,1.61899049334793,0.311,0.12,3.2314186921696e-08,"1","ATP6V0A1"
1.88684854523472e-12,1.03310449396126,0.497,0.247,3.36009988935399e-08,"1","PIK3AP1"
2.29466590269307e-12,1.54326891581319,0.371,0.153,4.08634103951581e-08,"1","PPM1F"
2.48600948430908e-12,0.908623567306065,0.529,0.257,4.42708568965761e-08,"1","ITGAX"
2.59095166187981e-12,1.19772900059914,0.367,0.169,4.61396671947556e-08,"1","SPECC1"
2.76956929791363e-12,0.984000150200659,0.579,0.306,4.9320490057246e-08,"1","BAZ2B"
3.66473183046599e-12,1.57484967332857,0.31,0.122,6.52615444369384e-08,"1","MAP3K20"
3.95790335455516e-12,0.959197975262272,0.276,0.14,7.04823429379183e-08,"1","PHACTR1"
5.60923343553421e-12,1.52842475762295,0.349,0.137,9.98892290199932e-08,"1","MEFV"
6.53972429805596e-12,0.860307708802631,0.543,0.308,1.16459410299781e-07,"1","MAP2K3"
1.00133328331051e-11,0.992994478828364,0.369,0.188,1.78317431091936e-07,"1","FGD2"
1.39305679668674e-11,1.43249715387831,0.298,0.13,2.48075554353975e-07,"1","CHST15"
1.46113585357706e-11,1.75667987321351,0.272,0.093,2.60199072805002e-07,"1","ALDH1A1"
1.73412798270632e-11,0.879765254259958,0.395,0.171,3.08813511160341e-07,"1","SOX4"
2.18605505808983e-11,1.35223933006701,0.26,0.112,3.89292684744638e-07,"1","HDAC9"
2.36901558360582e-11,1.39579743773523,0.317,0.138,4.21874295128524e-07,"1","SRGAP2B"
2.95142421330766e-11,0.983335085833856,0.352,0.172,5.25589623905828e-07,"1","CIITA"
5.14255084280534e-11,1.12172694285698,0.369,0.186,9.15785454086775e-07,"1","SCARB2"
5.65767740648027e-11,1.02963462310906,0.426,0.221,1.00751919254601e-06,"1","SGK3"
7.70665695498966e-11,1.24183198372042,0.354,0.154,1.37240147054456e-06,"1","ADGRE2"
7.94516840930176e-11,0.721793686316164,0.695,0.446,1.41487559032846e-06,"1","HERPUD1"
8.83783083139455e-11,1.17756250642003,0.371,0.169,1.57384091445474e-06,"1","RRAS"
9.30775108129045e-11,1.342907466325,0.255,0.111,1.6575243125562e-06,"1","MICAL2"
1.03792197221852e-10,0.705346194831695,0.778,0.596,1.84833144812675e-06,"1","HMGB2"
1.29722994530068e-10,1.29370302916547,0.364,0.169,2.31010708659146e-06,"1","TRPS1"
1.44635785420585e-10,1.62763582376278,0.296,0.117,2.57567406676977e-06,"1","IMPA2"
1.82329898795486e-10,0.69361266840769,0.395,0.214,3.24693083775001e-06,"1","HVCN1"
2.24261923928071e-10,1.55185087634774,0.324,0.127,3.99365634131109e-06,"1","GM2A"
2.47165065266184e-10,0.807617310260712,0.554,0.348,4.4015154822602e-06,"1","NBPF19"
3.46961259721553e-10,0.777639517285409,0.475,0.287,6.17868611312142e-06,"1","ASAP1"
3.68726266943529e-10,0.791952273409516,0.449,0.229,6.56627736173036e-06,"1","SNX18"
3.99889642130464e-10,0.944232497405143,0.618,0.35,7.12123474705931e-06,"1","RNF13"
4.83558223444973e-10,1.37139715452537,0.318,0.143,8.61120484310807e-06,"1","PEA15"
5.87141919906229e-10,0.771714890637976,0.452,0.202,1.04558233096901e-05,"1","APOBEC3A"
6.40514632993171e-10,0.792467562242863,0.379,0.232,1.14062845843424e-05,"1","TLE3"
6.74237890652954e-10,1.60363466755301,0.386,0.154,1.20068283567478e-05,"1","ABHD5"
7.54739663613642e-10,1.44404735064452,0.281,0.119,1.34404039296317e-05,"1","FUCA1"
1.05621046275527e-09,0.782890033720486,0.362,0.213,1.88089959207458e-05,"1","OTUD1"
1.17606577067362e-09,1.359705283231,0.272,0.123,2.09433792441558e-05,"1","CR1"
1.21852771917188e-09,0.649013186269735,0.529,0.364,2.16995416230128e-05,"1","VAMP5"
1.42410756371476e-09,0.785847808811706,0.397,0.211,2.53605074946325e-05,"1","CTBP2"
2.11376688564651e-09,1.00567442622824,0.301,0.161,3.7641960699593e-05,"1","BEST1"
2.46859644695563e-09,1.34995809870711,0.44,0.196,4.39607655273858e-05,"1","NR4A2"
2.59384016890615e-09,1.25239031399262,0.325,0.156,4.61911057278807e-05,"1","ZMIZ1"
2.70820224483245e-09,1.28991983776384,0.284,0.13,4.82276655759763e-05,"1","DSE"
2.95880570314471e-09,0.817111394203436,0.468,0.284,5.26904119616009e-05,"1","AGFG1"
3.30708565294538e-09,1.19613509537132,0.413,0.213,5.88925813076513e-05,"1","AC103591.3"
3.34595153096386e-09,0.825321830391169,0.424,0.254,5.95847048634045e-05,"1","MAT2A"
3.49706383579674e-09,0.66014019669515,0.347,0.185,6.22757127878684e-05,"1","TMEM176B"
3.62920075034607e-09,0.897928482469341,0.451,0.243,6.46288069621629e-05,"1","NABP1"
3.73782588076943e-09,0.866639665852179,0.513,0.318,6.65632032847419e-05,"1","CHMP1B"
5.86310706962066e-09,0.584459981729758,0.319,0.227,0.000104410210695805,"1","CITED2"
7.4188485139856e-09,1.0045067605549,0.35,0.189,0.000132114854337056,"1","SLC36A4"
9.94521509381685e-09,1.10809590462302,0.452,0.206,0.00017710439039069,"1","AC245014.3"
1.28244204235871e-08,1.13273865887087,0.353,0.178,0.00022837727890324,"1","CAMKK2"
1.35976587216037e-08,1.17776788921597,0.273,0.132,0.000242147106514319,"1","SESTD1"
1.44412926957875e-08,1.32057434911249,0.324,0.147,0.000257170540326584,"1","BMP2K"
1.70364031497699e-08,1.34356092053374,0.425,0.194,0.000303384267291102,"1","RARA"
1.87469009698785e-08,1.16492988268544,0.277,0.135,0.000333844812471597,"1","DHX57"
2.02239439039859e-08,1.35391213282772,0.386,0.159,0.000360147993042181,"1","TENT5A"
2.08589155597724e-08,0.521805948735613,0.352,0.167,0.000371455568288427,"1","ACSL1"
6.44123788521703e-08,1.41527781023621,0.269,0.112,0.00114705564259945,"1","AC245128.3"
6.8682319546884e-08,0.38814681708486,0.679,0.494,0.00122309474649091,"1","CD55"
7.89015944411981e-08,1.30037556922615,0.291,0.13,0.00140507959380886,"1","CXCL16"
1.15450656964239e-07,0.783733618824276,0.371,0.216,0.00205594529921918,"1","LPAR6"
1.48218854690943e-07,1.24520187322054,0.276,0.122,0.00263948136433631,"1","GSN"
1.48629264649261e-07,1.14357490869052,0.327,0.161,0.00264678994487403,"1","KDM1B"
1.98875935560807e-07,1.40272691032013,0.307,0.134,0.00354158266046685,"1","NACC2"
2.34686696566654e-07,0.803908187962095,0.307,0.176,0.00417930069245898,"1","BCL3"
2.5409273254052e-07,0.978644946152359,0.321,0.17,0.00452488338108157,"1","TIAM1"
2.55218798165997e-07,0.758641816566016,0.441,0.275,0.00454493635774007,"1","STAT2"
2.6578737030981e-07,0.538382547960431,0.396,0.247,0.0047331414904771,"1","SMIM14"
4.62576231234934e-07,1.25656341092553,0.251,0.121,0.00823755752583171,"1","MOSPD2"
5.12257696958842e-07,0.659324560561276,0.429,0.207,0.00912228506744305,"1","ETS2"
5.63367022070158e-07,0.931202959671023,0.352,0.196,0.0100324399290254,"1","SNN"
6.41513562771526e-07,1.25064511109862,0.253,0.119,0.0114240735258353,"1","RNF24"
8.88155157171966e-07,0.448635641757331,0.642,0.405,0.0158162670389184,"1","HIF1A"
1.01716310941907e-06,0.333161404951051,0.671,0.537,0.0181136406525349,"1","TUBA1B"
1.13731464639187e-06,0.683272432228455,0.489,0.305,0.0202532992229464,"1","SEC14L1"
1.17156356117479e-06,0.756160306230865,0.423,0.228,0.0208632038974007,"1","FAM49A"
1.22868933550934e-06,0.683177167164798,0.363,0.228,0.0218804996867503,"1","GABARAPL1"
1.3078720060241e-06,1.02266537520694,0.32,0.173,0.0232905846832772,"1","DENND5A"
1.36019742839952e-06,0.724701545321894,0.396,0.243,0.0242223958049387,"1","LFNG"
1.48641850038724e-06,0.685350856665183,0.338,0.212,0.0264701406548959,"1","PLK3"
1.81876019507095e-06,1.33247780741823,0.263,0.108,0.0323884815538235,"1","IL18"
2.25206795846657e-06,0.392433068714987,0.257,0.176,0.0401048262043728,"1","ARMH1"
2.60289780472057e-06,0.939511286691594,0.381,0.211,0.046352404106464,"1","NBPF14"
3.46259710709467e-06,0.872310199267322,0.29,0.15,0.0616619292831419,"1","MIR4435-2HG"
4.03747660070935e-06,0.399466375501967,0.612,0.429,0.071899383305432,"1","TPM4"
4.23333142850865e-06,0.563780517047097,0.329,0.178,0.075387166078882,"1","RNF144B"
4.68466355552335e-06,0.374269469874605,0.279,0.184,0.0834244885967598,"1","KCNQ1OT1"
4.83515124179007e-06,0.824302349145151,0.343,0.196,0.0861043733137977,"1","FNDC3B"
6.15677799805911e-06,0.901216875876793,0.392,0.237,0.109639902589437,"1","IFRD1"
6.24665549355266e-06,0.555446547051707,0.311,0.2,0.111240441029186,"1","BHLHE40"
1.00338162240959e-05,0.657591959227184,0.346,0.199,0.1786821993187,"1","CXCL8"
2.52588336325021e-05,0.949173537405837,0.394,0.217,0.449809309327598,"1","ACSL4"
3.83013521216967e-05,0.545036856773941,0.466,0.31,0.682070478583175,"1","JARID2"
3.94559203675777e-05,0.418527395879565,0.421,0.321,0.702631029905823,"1","MX2"
4.02875975015783e-05,0.562454549225961,0.318,0.183,0.717441536308107,"1","SLC2A6"
7.06574750057442e-05,0.507075514195066,0.315,0.218,1,"1","ST8SIA4"
7.69888031056321e-05,0.426829402484157,0.453,0.302,1,"1","G0S2"
7.84471087549462e-05,0.453689077884329,0.575,0.39,1,"1","LIMS1"
9.19331929709966e-05,0.637546709068441,0.494,0.382,1,"1","CRIP1"
0.000116571893404415,0.614097864271105,0.537,0.371,1,"1","CTNNB1"
0.000177490008122273,0.507375589722303,0.741,0.515,1,"1","IL10RA"
0.000199158312762391,0.752307745237464,0.438,0.261,1,"1","KDM6B"
0.000244788685493492,0.742953679167655,0.326,0.2,1,"1","ARL4A"
0.000245415004851323,0.730215938085379,0.268,0.137,1,"1","ICAM1"
0.000250287734150857,0.500789072121773,0.496,0.336,1,"1","UBE2J1"
0.000250598223592326,0.872298464653645,0.508,0.343,1,"1","IFI6"
0.000307476968373975,0.532585858920904,0.407,0.273,1,"1","DIAPH2"
0.000609282356901215,0.659593626222548,0.251,0.157,1,"1","NFIL3"
0.000670018044521903,0.3084475334711,0.321,0.221,1,"1","PELI1"
0.00101181891823377,0.59293719804688,0.324,0.206,1,"1","SKIL"
0.00121335033164212,0.684291273148979,0.306,0.19,1,"1","PSTPIP2"
0.00133283216512503,0.600468537062308,0.43,0.286,1,"1","SOCS3"
0.00145839816105589,0.430911188265727,0.813,0.712,1,"1","H1FX"
0.00234905159347417,0.527729722008325,0.321,0.219,1,"1","FOXO3"
0.0029746600080432,0.822789008667494,0.286,0.18,1,"1","IFI44"
0.00306022070511276,0.285735886043672,0.772,0.616,1,"1","ID2"
0.0041057431508846,0.78726032504961,0.322,0.194,1,"1","IRF7"
0.00602735632374913,0.514965594117883,0.257,0.142,1,"1","TCF7L2"
0.00867408782895483,0.301040780269728,0.322,0.24,1,"1","LAIR1"
5.43201033868801e-149,4.53387310508224,0.949,0.078,9.6733240111356e-145,"2","KLRF1"
2.2595500677704e-147,3.2763017565333,1,0.418,4.02380676068553e-143,"2","NKG7"
7.00707360857521e-145,3.74966776869781,0.975,0.159,1.24781966821507e-140,"2","GZMB"
1.25510573049915e-144,3.47661962426684,0.988,0.162,2.23509228487288e-140,"2","KLRD1"
4.6120122653048e-143,3.73461122161839,0.984,0.173,8.21307144205479e-139,"2","PRF1"
3.04712815067667e-140,3.10738020063,0.991,0.247,5.42632581072501e-136,"2","GZMA"
6.72178026635665e-140,3.05752768264345,0.992,0.239,1.19701462983279e-135,"2","CST7"
1.77937748697553e-134,2.95978895114832,0.971,0.371,3.16871542880602e-130,"2","CD247"
1.08278401601433e-132,4.71386478376682,0.872,0.095,1.92822177571832e-128,"2","SPON2"
5.82076858495708e-132,3.43081105280395,0.978,0.376,1.03656246960916e-127,"2","GNLY"
1.15266349603617e-130,4.70468356176868,0.84,0.089,2.05266315374122e-126,"2","CLIC3"
4.33521984644984e-130,3.46451569153293,0.906,0.143,7.72015950255788e-126,"2","FGFBP2"
4.85593928946418e-121,4.23675863517251,0.855,0.112,8.64745668667781e-117,"2","IL2RB"
1.51890771716396e-120,3.08430888838882,0.945,0.235,2.70487086272559e-116,"2","CTSW"
5.77026510127641e-109,2.54173060339796,0.928,0.34,1.0275688092353e-104,"2","GZMM"
6.5175652385228e-108,3.28031747544683,0.876,0.186,1.16064801767614e-103,"2","HOPX"
2.76182519647229e-105,2.51234791494098,0.93,0.393,4.91825830987785e-101,"2","CD7"
1.4799195255354e-102,2.60751017154114,0.917,0.254,2.63544069107345e-98,"2","KLRB1"
9.185777704262e-100,1.79805329799227,0.989,0.702,1.63580329357498e-95,"2","ARL4C"
2.48121828889347e-95,1.88184575151648,0.97,0.577,4.41855352886149e-91,"2","EFHD2"
4.67644434878631e-94,2.32951452202165,0.895,0.195,8.32781209631867e-90,"2","FCGR3A"
4.24113740612354e-91,2.6596311442013,0.792,0.207,7.55261749282479e-87,"2","PYHIN1"
1.08109787654929e-89,3.38793294559368,0.724,0.089,1.92521909855897e-85,"2","ADGRG1"
3.90267961399155e-83,3.04288616040093,0.754,0.083,6.94989185659615e-79,"2","TRDC"
4.6018713014079e-81,2.22893328713192,0.817,0.352,8.1950124135472e-77,"2","SYNE1"
7.05014482020358e-78,1.45284680452275,0.976,0.847,1.25548978958185e-73,"2","IFITM2"
1.24059953542931e-76,3.55927041644643,0.631,0.074,2.20925965269251e-72,"2","S1PR5"
7.2225661920131e-72,2.13947137416885,0.782,0.155,1.28619458747369e-67,"2","GZMH"
4.50200520778138e-71,3.26031148013935,0.718,0.128,8.01717087401708e-67,"2","MATK"
7.62130800766802e-71,2.5049973759542,0.779,0.216,1.35720253000552e-66,"2","SAMD3"
2.95984786747074e-70,4.71669254142541,0.528,0.034,5.27089708239189e-66,"2","AKR1C3"
4.19601105782814e-69,2.43855740954264,0.733,0.304,7.47225649178034e-65,"2","GNPTAB"
1.1100141258452e-67,2.42160662079887,0.729,0.191,1.97671315530513e-63,"2","MYBL1"
2.44619883425659e-67,2.7315773496158,0.635,0.151,4.35619088404414e-63,"2","CEP78"
9.34426535304555e-66,1.74717004740767,0.939,0.667,1.66402677407035e-61,"2","PLAC8"
5.32734087616274e-65,4.58194431075253,0.498,0.028,9.4869286322706e-61,"2","KLRC1"
4.40362587014525e-63,3.73779009099421,0.582,0.12,7.84197694955465e-59,"2","IGFBP7"
7.0022983077301e-61,4.95017936797155,0.457,0.022,1.24696928264058e-56,"2","SH2D1B"
1.15599124578331e-60,3.10587236530292,0.589,0.084,2.05858921049092e-56,"2","C1orf21"
2.01200023790038e-60,0.577124496442352,0.84,0.33,3.582970023653e-56,"2","CCL4"
2.04751702330981e-59,1.74830525676792,0.885,0.452,3.64621831511011e-55,"2","SYNE2"
6.10314482881204e-57,6.42793480012305,0.427,0.023,1.08684803111485e-52,"2","MYOM2"
8.55379820441128e-57,2.45686197365397,0.667,0.198,1.52326038424156e-52,"2","TXK"
9.87399971495639e-57,2.54083687776579,0.662,0.233,1.75836186923943e-52,"2","CX3CR1"
4.87867648584366e-56,3.26205365673865,0.551,0.077,8.6879470859904e-52,"2","TBX21"
1.66520499599144e-54,1.82798350062056,0.866,0.46,2.96539705686155e-50,"2","CCL5"
2.11462069914166e-54,3.58049601873142,0.5,0.056,3.76571654103147e-50,"2","PTGDR"
1.62449964793285e-52,3.87048756062434,0.414,0.058,2.89290897303881e-48,"2","CD38"
2.2566614146028e-52,4.34410373262204,0.439,0.034,4.01866264712466e-48,"2","CD160"
3.53034035662424e-52,3.6484705457989,0.526,0.094,6.28683010707645e-48,"2","CHST2"
8.30767543253097e-51,1.33928934924147,0.906,0.605,1.47943084102511e-46,"2","ID2"
3.70804239780409e-50,3.4047868539305,0.488,0.056,6.60328190200952e-46,"2","PRSS23"
9.64039013869954e-50,4.29827340184305,0.445,0.035,1.71676067589961e-45,"2","XCL2"
2.8465795156094e-46,1.45050575410224,0.874,0.567,5.06918880139722e-42,"2","CD63"
5.83591519899301e-46,2.73185043690052,0.655,0.223,1.03925977863668e-41,"2","CMC1"
1.88578068375645e-44,2.59667250918191,0.536,0.117,3.35819824163349e-40,"2","NCR3"
3.17865385960112e-43,4.1670298965173,0.379,0.027,5.66054679317768e-39,"2","NCAM1"
3.86621054962498e-42,1.9953244952351,0.665,0.234,6.88494774677217e-38,"2","C12orf75"
2.85333017485599e-41,2.28594662345584,0.586,0.177,5.08121037538356e-37,"2","RHOC"
3.03694450628228e-41,2.7047751605735,0.499,0.096,5.40819077678748e-37,"2","TGFBR3"
3.47839686990166e-41,3.44690550503389,0.486,0.071,6.19432914592087e-37,"2","TTC38"
7.32302593896634e-41,2.3182263617124,0.576,0.187,1.30408445921113e-36,"2","SYTL3"
1.96433704839741e-40,0.984387598266606,0.928,0.434,3.49809141578611e-36,"2","FCER1G"
3.19707558880011e-38,1.12103923676235,0.835,0.651,5.69335220853523e-34,"2","LY6E"
4.57378889872153e-37,2.02661200212415,0.673,0.298,8.1450032708433e-33,"2","APOBEC3G"
5.05325468566194e-36,2.58618382521662,0.453,0.107,8.99883594422678e-32,"2","SLAMF7"
5.85041443303302e-34,4.45120944413033,0.344,0.02,1.04184180223452e-29,"2","NCR1"
7.60937005794989e-32,4.24582263982449,0.33,0.024,1.35507661991972e-27,"2","IL18RAP"
9.11947069857133e-32,4.17689490344781,0.281,0.023,1.62399534200158e-27,"2","RHOBTB3"
6.31747473332448e-31,0.881720015738852,0.935,0.691,1.12501590051042e-26,"2","ITGB2"
7.63320304391695e-31,1.31510716401445,0.752,0.498,1.35932079806073e-26,"2","CTSC"
2.37811524091301e-30,4.49738028743509,0.277,0.021,4.23494762101789e-26,"2","LAIR2"
3.18622795423803e-30,1.29030282627102,0.686,0.346,5.67403474090709e-26,"2","RORA"
5.62705261065579e-30,2.64386246675855,0.366,0.066,1.00206552890558e-25,"2","FCRL6"
9.78737964789305e-30,2.13584154086255,0.529,0.202,1.74293656769679e-25,"2","CXXC5"
4.77710107624972e-29,2.57116178025824,0.284,0.056,8.50706159658551e-25,"2","F2R"
1.12095888936271e-28,0.636181940536516,0.872,0.536,1.99620359017711e-24,"2","PLEK"
1.44915444000884e-27,2.13482046148464,0.435,0.082,2.58065422676774e-23,"2","TRGC1"
7.58904337063738e-27,2.62767765300548,0.388,0.088,1.3514568434431e-22,"2","SH2D2A"
2.08793565560675e-26,1.44953018198496,0.701,0.439,3.7181958155045e-22,"2","SPN"
3.21494610500453e-25,3.52479589374163,0.27,0.045,5.72517602379207e-21,"2","DAB2"
1.88168963915544e-24,2.49938966147846,0.421,0.135,3.350912909408e-20,"2","GK5"
4.66513690102015e-24,1.37340076243651,0.744,0.496,8.30767579333668e-20,"2","DDIT4"
1.96861655774733e-23,2.07054876135262,0.53,0.235,3.50571236603645e-19,"2","CD300A"
5.37541972208641e-23,1.64987608810166,0.571,0.309,9.57254744109148e-19,"2","METRNL"
1.16416616525757e-22,1.46566437006872,0.61,0.317,2.07314710709067e-18,"2","MAP3K8"
1.01193486471621e-21,2.92089362613051,0.282,0.07,1.80205360708663e-17,"2","AREG"
6.34110253510059e-21,2.05292894867922,0.459,0.207,1.12922353945071e-16,"2","CTBP2"
3.09489063788149e-20,1.67116980741543,0.403,0.2,5.51138124793936e-16,"2","ABI3"
4.96769623040111e-19,0.720664055147023,0.831,0.647,8.8464734470983e-15,"2","IRF1"
8.69498694505887e-19,2.59828375334662,0.307,0.107,1.54840327517608e-14,"2","HAVCR2"
5.86583538483778e-18,0.968183320343079,0.53,0.333,1.04458796533191e-13,"2","IKZF3"
1.10297753256504e-16,1.51006094779774,0.475,0.238,1.96418238999182e-12,"2","GBP5"
4.53274795879824e-16,0.58824336352561,0.958,0.862,8.07191756502791e-12,"2","LCP1"
1.58572757307874e-15,0.678432045262092,0.745,0.643,2.82386366213863e-11,"2","CFLAR"
1.87110653970627e-15,0.84696632078531,0.816,0.551,3.33206652590893e-11,"2","MYO1F"
1.05765051095347e-14,0.381439986451584,0.986,0.526,1.88346402990595e-10,"2","TYROBP"
1.13494263719039e-14,2.02225511590091,0.34,0.105,2.02110584830864e-10,"2","SYTL2"
5.06306691547614e-14,1.89707158014533,0.265,0.076,9.0163095630799e-10,"2","TIGIT"
8.98006512437602e-14,1.12321185891351,0.643,0.511,1.59916999734888e-09,"2","HIST1H1D"
9.26963720998913e-14,1.30323052966918,0.474,0.272,1.65073699435487e-09,"2","ITGAM"
1.15342241185247e-13,1.01313535848671,0.665,0.564,2.05401463102688e-09,"2","HIST1H1E"
2.56447581071874e-13,0.569115089399545,0.616,0.387,4.56681852372793e-09,"2","TRBC1"
2.87177375094823e-13,1.16362524066161,0.453,0.254,5.11405469568861e-09,"2","PRDM1"
3.60564563080392e-13,1.52041391787726,0.339,0.149,6.42093373933562e-09,"2","SH2D1A"
4.20352266313543e-13,1.82630725271918,0.32,0.141,7.48563315851157e-09,"2","CREM"
3.56068333146841e-12,0.870908659590832,0.535,0.366,6.34086487667894e-08,"2","LYAR"
4.49986232365689e-12,1.97742649212824,0.303,0.142,8.0133548259682e-08,"2","ASCL2"
6.18488416835507e-12,1.77398333121234,0.255,0.079,1.10140417270067e-07,"2","FCRL3"
6.54720568199612e-12,1.01193510353713,0.708,0.571,1.16592638784987e-07,"2","PIK3R1"
1.61680276604524e-10,1.10379242376511,0.384,0.266,2.87920236577337e-06,"2","GBP4"
3.38108272918479e-10,0.790352469782041,0.62,0.453,6.02103212413227e-06,"2","DUSP2"
4.23913991698516e-10,0.974401799185233,0.566,0.452,7.54906036416718e-06,"2","HIST1H1C"
1.47250420168463e-09,1.03588097229628,0.506,0.342,2.62223548236e-05,"2","AOAH"
6.12849497918404e-09,1.14543224635707,0.336,0.239,0.000109136238589309,"2","LAIR1"
7.08384825677618e-09,0.512030872557078,0.712,0.504,0.00012614916975667,"2","CTSD"
1.01624133552548e-08,1.04774825149173,0.406,0.292,0.000180972257030377,"2","SAMD9L"
3.83026478097371e-08,0.819271221277896,0.566,0.486,0.000682093552195799,"2","HIST1H4C"
9.9928513845518e-08,1.27791065788308,0.301,0.201,0.00177952697456098,"2","FNDC3B"
1.44655325371175e-07,0.262967677095789,0.988,0.971,0.00257602203420989,"2","SH3BGRL3"
2.2533601603329e-07,0.577991974128136,0.619,0.445,0.00401278377352082,"2","CD69"
4.28098639431942e-07,0.520498285720766,0.518,0.434,0.00762358057100402,"2","ISG15"
6.2555972088405e-07,0.668608288391387,0.469,0.322,0.0111399675095032,"2","LINC00861"
6.68675331563486e-07,0.627045691188364,0.526,0.418,0.0119077703044826,"2","MIDN"
9.72960177829268e-07,1.22977548678427,0.297,0.159,0.0173264748467836,"2","PDE4D"
1.04065274161245e-06,1.01788038761444,0.398,0.285,0.0185319440226345,"2","FOSL2"
1.69350136715594e-06,1.11823589765004,0.391,0.26,0.030157872346313,"2","PTGER2"
3.57322094622932e-06,1.27426752012606,0.321,0.2,0.0636319186104517,"2","BHLHE40"
1.57388323367729e-05,0.836224974940977,0.32,0.233,0.280277126253252,"2","MTSS1"
1.7033815317117e-05,0.487441535232895,0.575,0.496,0.303338183167219,"2","CD2"
1.76502062303594e-05,0.363837193417689,0.662,0.582,0.314314872550239,"2","REL"
3.02996398748084e-05,0.872336598305015,0.267,0.164,0.539575986890588,"2","MAF"
0.000108915194157401,0.631552367080561,0.504,0.448,1,"2","XAF1"
0.000225768657156995,0.423350799346026,0.577,0.541,1,"2","MT2A"
0.000306183147048737,0.481442787758313,0.251,0.173,1,"2","LINC01871"
0.00063540777056666,0.7928810350994,0.263,0.213,1,"2","RPAP2"
0.00657231440784869,0.262626235697457,0.487,0.485,1,"2","PARP14"
0.00939786844673212,0.746464995527687,0.268,0.23,1,"2","SLC20A1"
3.35067346686741e-55,1.53847360760152,0.851,0.412,5.96687930979748e-51,"3","TCF7"
4.75945751445586e-53,1.89378497438894,0.697,0.237,8.475641941743e-49,"3","LEF1"
3.03356791984489e-51,1.0685992778019,0.943,0.507,5.40217775165978e-47,"3","CD3D"
1.14885077203503e-49,2.02626383323063,0.603,0.198,2.04587345483998e-45,"3","MAL"
6.65683893077642e-49,1.03826172418933,0.904,0.452,1.18544987679267e-44,"3","CD3G"
2.68461676098509e-45,0.891907491431698,0.984,0.697,4.78076552796224e-41,"3","LTB"
1.01967954303037e-43,1.52692908350144,0.682,0.33,1.81584533022849e-39,"3","RCAN3"
8.2422950913117e-43,1.7357389658651,0.625,0.218,1.46778790986079e-38,"3","CCR7"
1.23409102152095e-37,1.28837023309052,0.774,0.502,2.19766929112452e-33,"3","NOSIP"
1.67649208872555e-37,0.696329255164453,0.95,0.526,2.98549711160246e-33,"3","IL7R"
3.23334201156628e-37,2.67528877184661,0.41,0.103,5.75793545419723e-33,"3","FHIT"
2.55386912412344e-35,0.954331139918577,0.833,0.437,4.54793013623902e-31,"3","TRAC"
3.79043972505109e-30,1.859069550324,0.509,0.183,6.75001506237099e-26,"3","TRABD2A"
6.29629164324267e-29,2.8843604425332,0.372,0.065,1.12124361582865e-24,"3","TSHZ2"
6.99753624785207e-29,1.53625325205139,0.652,0.311,1.2461212550175e-24,"3","LINC00861"
2.44869107864404e-28,1.37249579336806,0.644,0.328,4.36062907284931e-24,"3","BCL11B"
5.15595881962134e-26,1.43937116622021,0.584,0.258,9.18173146598167e-22,"3","CD27"
9.37987177074746e-24,0.896665828699544,0.807,0.556,1.67036756493471e-19,"3","TRBC2"
4.8723644202214e-23,1.46547937317121,0.493,0.223,8.67670655953027e-19,"3","CAMK4"
1.34904084859753e-19,1.50767645225007,0.545,0.249,2.40237194318249e-15,"3","OXNAD1"
6.87875995601576e-18,2.10439056476736,0.272,0.085,1.22496957296729e-13,"3","CHRM3-AS2"
6.60585929981208e-17,1.47441473735286,0.491,0.278,1.17637142411053e-12,"3","IL6ST"
1.19146884733876e-16,1.05681641521808,0.477,0.276,2.12176772334087e-12,"3","ITM2A"
6.28830181640208e-15,1.36874009267585,0.392,0.183,1.11982078746488e-10,"3","TRAT1"
7.27123399012622e-12,1.24851063157161,0.292,0.163,1.29486134896168e-07,"3","MYC"
8.50645563064204e-11,1.35002834745196,0.303,0.148,1.51482961870473e-06,"3","ITGA6"
2.1653340719877e-10,2.04344242219551,0.257,0.086,3.85602691539569e-06,"3","BEX3"
2.77079530222221e-10,0.822548025366632,0.589,0.394,4.93423227419731e-06,"3","TRBC1"
3.39176925273323e-09,4.14530544036661,0.331,0.188,6.04006268526733e-05,"3","HBB"
5.80916953230417e-08,0.911405817510004,0.36,0.278,0.00103449691031273,"3","RFLNB"
3.00460607891504e-07,0.911966504948897,0.286,0.163,0.0053506025053319,"3","STMN1"
5.83388119901769e-07,1.25314983416194,0.28,0.153,0.0103889756392107,"3","RGCC"
1.52126118879604e-05,0.774862278589233,0.549,0.391,0.270906192500798,"3","NUCB2"
6.33411392310537e-05,0.319340737084737,0.626,0.427,1,"3","CD7"
0.000108148351908923,1.08570147182345,0.273,0.154,1,"3","INPP4B"
0.00038734281949121,0.904078475811535,0.276,0.152,1,"3","AQP3"
2.48377826118708e-135,3.55063457611745,0.957,0.155,4.42311232752196e-131,"4","GZMH"
2.82385995557593e-128,2.74588096351107,1,0.459,5.02872980888961e-124,"4","CCL5"
4.50307042713924e-100,2.02772046128316,0.965,0.448,8.01906781664955e-96,"4","CD3G"
1.47239424702266e-99,2.26433748091932,1,0.43,2.62203967509795e-95,"4","NKG7"
1.66886813340814e-95,2.14615189700956,0.978,0.256,2.97192037197321e-91,"4","CST7"
6.62296945482192e-93,1.75630440604108,0.982,0.645,1.17941840051469e-88,"4","IL32"
4.28214983892595e-91,2.00005854909519,0.975,0.264,7.62565243315934e-87,"4","GZMA"
1.48402562457663e-87,1.75471522880123,0.972,0.505,2.64275283224605e-83,"4","CD3D"
2.13786515508063e-87,3.37419059827532,0.717,0.143,3.80711026816759e-83,"4","CD8A"
2.19730109623198e-84,2.25119972810768,0.879,0.161,3.91295379216991e-80,"4","FGFBP2"
4.30431967118006e-78,1.88522598863139,0.927,0.471,7.66513247043746e-74,"4","CD2"
4.47724702313186e-74,1.75644640152723,0.939,0.457,7.97308149879322e-70,"4","SYNE2"
3.70079531057314e-69,1.66635230713131,0.883,0.197,6.59037628906864e-65,"4","PRF1"
2.47791381522941e-65,2.12615755358046,0.883,0.396,4.41266892216053e-61,"4","GNLY"
1.54377100229133e-64,1.88973512180219,0.837,0.186,2.7491474008804e-60,"4","GZMB"
1.35171046010592e-62,2.00039427130666,0.9,0.601,2.40712598735662e-58,"4","ITGB1"
2.71965795218185e-61,2.4747583604902,0.601,0.131,4.84316688124545e-57,"4","CD8B"
1.15437860748262e-60,1.71880095637404,0.813,0.259,2.05571742420504e-56,"4","CTSW"
2.55634119661241e-59,3.54205684986798,0.582,0.099,4.55233240292738e-55,"4","TRGC2"
3.54378355934317e-59,2.01622800893611,0.826,0.192,6.31076976247832e-55,"4","KLRD1"
8.92976251805573e-59,1.72195706103078,0.884,0.356,1.59021210921536e-54,"4","GZMM"
4.0250594378847e-57,1.86449375382972,0.716,0.225,7.16782584698507e-53,"4","PYHIN1"
7.93442704017279e-54,1.97539803265685,0.733,0.232,1.41296276731397e-49,"4","SAMD3"
2.8892791055235e-53,2.19440368475169,0.746,0.237,5.14522823111626e-49,"4","C12orf75"
1.0616522580332e-50,1.27430779734887,0.864,0.552,1.89059034110552e-46,"4","TRBC2"
1.4654103073202e-50,2.37236743784437,0.628,0.11,2.60960267527581e-46,"4","ADGRG1"
3.49082435234645e-50,1.89340472291105,0.814,0.362,6.21646000665856e-46,"4","SYNE1"
1.5307189102687e-47,2.24177868799208,0.576,0.15,2.72590423540649e-43,"4","LINC01871"
7.19842552477911e-47,1.41380376303909,0.857,0.435,1.28189561745266e-42,"4","TRAC"
7.75171820932253e-47,2.59145621264379,0.511,0.11,1.38042597871616e-42,"4","KLRG1"
5.6283968282637e-45,1.97913996142993,0.691,0.205,1.0023049071772e-40,"4","MYBL1"
1.75843650285043e-42,1.03189485209028,0.97,0.71,3.13142372427604e-38,"4","ARL4C"
9.8857483160377e-40,1.56056347368586,0.714,0.356,1.76045406011999e-35,"4","LYAR"
1.74227341067206e-37,1.74730073585997,0.649,0.308,3.10264048972481e-33,"4","APOBEC3G"
2.22241033592002e-36,1.4500064328459,0.646,0.217,3.95766832620638e-32,"4","HOPX"
5.27165951755844e-36,2.40978687805301,0.527,0.1,9.38777126886807e-32,"4","C1orf21"
2.78583986319328e-35,2.85166115630505,0.467,0.065,4.96102362837459e-31,"4","FCRL6"
4.23644087715352e-34,1.3157105156097,0.722,0.351,7.54425391403498e-30,"4","RORA"
5.76376187854553e-33,4.49545938551703,0.334,0.022,1.02641071533139e-28,"4","ZNF683"
3.15324457915814e-32,2.40179181184486,0.499,0.104,5.61529794656482e-28,"4","TGFBR3"
3.18720725335339e-31,0.71399639143946,0.757,0.399,5.67577867677172e-27,"4","CD247"
1.40277593445023e-29,1.57363544234701,0.508,0.155,2.49806338406898e-25,"4","MATK"
5.61257616458997e-29,1.97006344487424,0.522,0.17,9.99487563390182e-25,"4","CEP78"
7.66313574988426e-28,1.94794298564343,0.45,0.099,1.36465121433939e-23,"4","S1PR5"
3.52833377586103e-26,1.58206109022059,0.491,0.202,6.28325678805332e-22,"4","SYTL3"
5.6481874943526e-26,2.12109095342668,0.394,0.14,1.00582922899431e-21,"4","TRG-AS1"
8.66603823677725e-26,1.31018829316739,0.635,0.33,1.54324808920529e-21,"4","IKZF3"
1.86324034840307e-25,2.13773049819687,0.435,0.095,3.31805841243619e-21,"4","TBX21"
1.34135654285384e-24,2.30218849325623,0.288,0.066,2.38868773151412e-20,"4","KIF21A"
1.40148501811298e-24,2.41131521608967,0.308,0.059,2.49576452025559e-20,"4","F2R"
5.21240496611149e-24,0.62327738859649,0.919,0.735,9.28225076365134e-20,"4","ANXA1"
8.73266979955716e-24,0.356808298910834,1,1,1.55511383790514e-19,"4","TMSB4X"
2.45901661434145e-23,2.93990094038526,0.359,0.082,4.37901678681925e-19,"4","PATL2"
1.20877772079312e-21,2.42048765789646,0.409,0.07,2.15259136518839e-17,"4","PRSS23"
2.39396478721629e-21,1.13587038503024,0.669,0.446,4.26317249307477e-17,"4","SPN"
6.16599860892723e-21,1.50998129359429,0.557,0.25,1.09804103227776e-16,"4","CX3CR1"
2.45470386867278e-20,2.38202628395291,0.317,0.094,4.37133664933249e-16,"4","PTMS"
3.16544139665951e-20,0.804745308589856,0.877,0.592,5.63701803917125e-16,"4","EFHD2"
7.01623193344983e-20,0.656199340692726,0.907,0.71,1.24945058270875e-15,"4","AHNAK"
8.51963088447513e-20,0.564152204184899,0.982,0.972,1.51717586790733e-15,"4","SH3BGRL3"
2.08502349022103e-18,2.01527266014235,0.363,0.108,3.71300983138561e-14,"4","SYTL2"
2.68236424277583e-18,1.91739757309421,0.394,0.119,4.7767542435352e-14,"4","SLAMF7"
9.49317915408437e-18,0.259828076753249,0.815,0.547,1.69054534375934e-13,"4","PLEK"
7.46579350941362e-17,1.42956851536929,0.537,0.252,1.32950850815638e-12,"4","PRDM1"
4.89251255335131e-16,2.05295449646003,0.295,0.078,8.71258635500801e-12,"4","TIGIT"
8.62495239411439e-16,1.70385135164579,0.317,0.1,1.53593152234389e-11,"4","SH2D2A"
1.04612934702588e-15,0.534856477096742,0.826,0.617,1.86294714118368e-11,"4","ID2"
3.02402866007874e-15,1.60225135141987,0.293,0.094,5.38519023786821e-11,"4","TTC38"
3.77336170125916e-15,2.09129739487411,0.377,0.14,6.7196025176023e-11,"4","ASCL2"
6.29784207058815e-15,1.66784107558834,0.3,0.081,1.12151971593034e-10,"4","PTGDR"
6.72869828015583e-15,0.503339116449302,0.43,0.145,1.19824658973015e-10,"4","SPON2"
1.56716800481146e-14,0.947941187648181,0.755,0.57,2.79081278296825e-10,"4","PIK3R1"
3.5454129938213e-13,0.43935768777644,0.891,0.856,6.31367145939698e-09,"4","IFITM2"
6.3331155833167e-13,1.33104428424364,0.406,0.236,1.12780122307704e-08,"4","FAM129A"
1.7254970225259e-12,1.20290289980245,0.445,0.245,3.07276509771412e-08,"4","GBP5"
2.03155933155745e-12,0.530842553805855,0.529,0.237,3.61780085763751e-08,"4","FCGR3A"
6.11554409038967e-12,0.86729628216148,0.694,0.507,1.08905609161659e-07,"4","CTSC"
4.58160943327231e-11,0.968400571452043,0.5,0.33,8.15893007877133e-07,"4","GNPTAB"
8.17774397468277e-11,0.849917032340276,0.48,0.307,1.45629264701151e-06,"4","ARID5B"
1.19380539938791e-10,1.01925608007818,0.626,0.392,2.12592865522999e-06,"4","TRBC1"
1.38535158728136e-10,0.466315137805537,0.813,0.518,2.46703410663064e-06,"4","ZEB2"
2.59432159166917e-10,0.582139430127651,0.787,0.559,4.61996789044445e-06,"4","MYO1F"
3.37503745632182e-10,2.22152900168179,0.333,0.097,6.0102667022179e-06,"4","TRGC1"
4.06220843560554e-10,1.33135018188685,0.331,0.153,7.23398078212635e-06,"4","SH2D1A"
2.03113508963583e-09,0.297804821643444,0.335,0.142,3.61704536762349e-05,"4","CLIC3"
3.22684996020264e-09,0.384246642637339,0.599,0.429,5.74637440912886e-05,"4","CD7"
3.97165656961556e-09,1.23330234614854,0.376,0.253,7.07272601917138e-05,"4","CMC1"
5.31038214926437e-09,1.35418631061473,0.348,0.16,9.45672853140998e-05,"4","MAF"
4.04379262437818e-08,0.425988280470277,0.364,0.164,0.000720118590549267,"4","IL2RB"
4.87550370249254e-08,1.55264932320148,0.264,0.12,0.000868229699339872,"4","THEMIS"
1.97594766845946e-07,0.692674845586349,0.592,0.518,0.0035187676079926,"4","HIST1H1D"
2.41070966743583e-07,1.45150458499227,0.289,0.155,0.00429299177576972,"4","MIR4435-2HG"
7.48554815826948e-07,0.258279444834919,0.765,0.656,0.0133302641602463,"4","IRF1"
7.83552387426298e-07,0.756189234160744,0.674,0.535,0.0139535009152875,"4","MT2A"
2.47801211968706e-06,0.989679025738781,0.25,0.154,0.0441284398273872,"4","GK5"
3.90241211844277e-06,0.963365437524314,0.693,0.564,0.0694941550052289,"4","HIST1H1E"
7.37020509573468e-06,0.47991219878865,0.591,0.459,0.131248612344843,"4","DUSP2"
1.01336510860117e-05,0.284495134302504,0.988,0.936,0.180460058539697,"4","S100A4"
1.67438387963004e-05,0.775131458648029,0.499,0.385,0.298174281284517,"4","CRIP1"
4.87275668056822e-05,0.307693768775915,0.453,0.343,0.867740509675589,"4","BCL11B"
5.34793402799978e-05,0.414179026729912,0.37,0.347,0.952360091706201,"4","RABGAP1L"
9.83783277979897e-05,0.553219546770347,0.495,0.395,1,"4","NUCB2"
0.000176325759694562,0.725304369685787,0.423,0.28,1,"4","ITM2A"
0.00046461495711315,0.34401426747955,0.796,0.609,1,"4","LGALS1"
0.000872553873705122,0.392592154738019,0.597,0.532,1,"4","IL10RA"
0.00110084285159854,0.649387501360082,0.338,0.266,1,"4","PTGER2"
0.00139861191970782,0.299174781994037,0.43,0.328,1,"4","LINC00861"
0.00271666640019903,0.358789198850213,0.748,0.661,1,"4","LY6E"
0.00448424759762309,0.325653904888973,0.393,0.362,1,"4","TOB1"
0.00557800490187159,0.265582887159623,0.943,0.865,1,"4","LCP1"
0.00562915477563765,0.320453492973071,0.699,0.648,1,"4","CFLAR"
0.00782081443656435,0.561623957287523,0.511,0.458,1,"4","HIST1H1C"
0.00889200787578513,0.676450190734546,0.33,0.256,1,"4","CD300A"
0.00901547456840944,0.847406889651371,0.3,0.228,1,"4","SLC20A1"
0.00912607563352497,0.40226128943082,0.505,0.468,1,"4","HERPUD1"
3.76751101790554e-99,2.51544723307111,0.864,0.206,6.70918362068618e-95,"5","CCR7"
1.58395255697959e-87,2.19473381298086,0.853,0.231,2.82070271346926e-83,"5","LEF1"
4.42028960754985e-86,1.82216817563223,0.954,0.409,7.87165173312478e-82,"5","TCF7"
7.41788546420044e-64,2.06563254875576,0.717,0.266,1.32097704346481e-59,"5","IL6ST"
6.25776537497043e-62,2.73882927422575,0.563,0.096,1.11438285797473e-57,"5","FHIT"
2.65520308340308e-59,2.23719556617863,0.717,0.172,4.7283856509242e-55,"5","TRABD2A"
3.25497695754178e-57,1.59532984080883,0.812,0.325,5.79646296599039e-53,"5","RCAN3"
2.82288910513592e-54,1.46613048210806,0.901,0.497,5.02700091842605e-50,"5","NOSIP"
8.86971238826533e-53,1.72146846065585,0.717,0.241,1.57951838210229e-48,"5","OXNAD1"
1.18853065944883e-51,1.13676998960627,0.987,0.528,2.11653539834648e-47,"5","IL7R"
4.76707012977836e-48,1.93828178413513,0.71,0.211,8.4891984871093e-44,"5","CAMK4"
6.37229747183904e-48,1.86595354608578,0.699,0.196,1.1347787337851e-43,"5","MAL"
2.74612685414773e-47,0.8791445422543,0.997,0.698,4.89030270186628e-43,"5","LTB"
2.7889754245258e-45,1.49244230938742,0.769,0.307,4.96660743599555e-41,"5","LINC00861"
9.89670531445334e-45,1.98099563577083,0.618,0.17,1.76240528239785e-40,"5","TRAT1"
1.58631714178883e-44,1.51045225608333,0.786,0.322,2.82491356609755e-40,"5","BCL11B"
1.056040369349e-41,0.957112076210836,0.912,0.435,1.88059668973669e-37,"5","TRAC"
3.1077969145361e-41,2.08113399274101,0.52,0.136,5.53436474540588e-37,"5","ITGA6"
5.27692813716954e-38,1.43958255740844,0.711,0.253,9.39715362667151e-34,"5","CD27"
9.36508920302056e-38,0.874362435551179,0.943,0.454,1.6677350852739e-33,"5","CD3G"
8.67936502353969e-35,2.45801705318123,0.385,0.068,1.54562132339195e-30,"5","LRRN3"
2.94349195269091e-33,2.4577119400683,0.427,0.077,5.24177046935197e-29,"5","CHRM3-AS2"
5.62483187548122e-31,2.438815701149,0.382,0.067,1.0016700603857e-26,"5","TSHZ2"
7.22732147082105e-31,0.736371911691731,0.966,0.509,1.28704140752381e-26,"5","CD3D"
1.76672606594681e-30,3.00839463944326,0.297,0.033,3.14618577823808e-26,"5","ADTRP"
1.36689292986286e-28,1.3811843481522,0.419,0.146,2.43416292949979e-24,"5","INPP4B"
3.14376392626951e-28,0.953383027201909,0.857,0.555,5.59841479990074e-24,"5","TRBC2"
8.65372076314548e-28,1.07583204543804,0.731,0.38,1.54105459350095e-23,"5","NUCB2"
5.80390018858835e-27,0.993494710068563,0.786,0.474,1.03355854558381e-22,"5","HIST1H4C"
5.56709217430793e-25,1.56164132691425,0.422,0.156,9.91387774400757e-21,"5","MYC"
3.38446316947521e-24,1.46057704812615,0.516,0.268,6.02705201220145e-20,"5","LRRC75A"
6.76736453831069e-22,0.662556792352709,0.808,0.504,1.20513227698237e-17,"5","HIST1H1D"
1.9441675152149e-21,1.82052038982518,0.371,0.105,3.46217351109469e-17,"5","TTN"
1.07185346683221e-19,1.19938466867163,0.614,0.268,1.9087566537348e-15,"5","ITM2A"
1.56323711857958e-16,1.05589168127389,0.669,0.391,2.78381266076651e-12,"5","TRBC1"
1.88365462493834e-15,0.995916232573873,0.547,0.219,3.3544121560902e-11,"5","TXK"
5.71735643034872e-15,1.00954342085896,0.318,0.175,1.0181468331165e-10,"5","ARMH1"
2.31955497666045e-14,1.62822410456758,0.281,0.076,4.13066350243693e-10,"5","CD40LG"
2.52990533603177e-14,1.81747236380674,0.309,0.085,4.50525542240538e-10,"5","BEX3"
8.90355758946852e-14,0.935087231297366,0.49,0.277,1.58554553553255e-09,"5","BCL2"
4.15074392994271e-13,1.08185797411614,0.35,0.149,7.39164479044198e-09,"5","RGCC"
7.43124313762558e-13,1.22031713798589,0.29,0.115,1.32335577794836e-08,"5","AP3M2"
1.38455223287411e-12,0.261872160180756,0.812,0.482,2.46561061630221e-08,"5","CD2"
1.44670207197823e-12,0.268359526995335,0.736,0.421,2.57628704977883e-08,"5","CD7"
3.29531867427267e-12,0.839418623686776,0.358,0.16,5.86830349514477e-08,"5","STMN1"
4.39764485066932e-12,1.27000731388764,0.293,0.103,7.83132595007192e-08,"5","BACH2"
8.34630764520505e-12,0.300580661602185,0.772,0.559,1.48631046545812e-07,"5","HIST1H1E"
4.7763015999523e-10,0.897093070636922,0.301,0.165,8.50563788919506e-06,"5","CITED4"
5.90977933047325e-10,0.871901077789409,0.447,0.273,1.05241350317068e-05,"5","RFLNB"
5.4606426121569e-09,0.751139801387243,0.631,0.42,9.724312363729e-05,"5","GABPB1-AS1"
1.37319727199285e-07,0.839956984528559,0.283,0.146,0.00244538970196487,"5","CHD7"
6.72449076503508e-07,0.885518558967968,0.27,0.121,0.0119749731543745,"5","THEMIS"
2.28796883274541e-06,0.622658624173767,0.335,0.215,0.0407441489735302,"5","AC025164.1"
1.22259070354071e-05,1.19556284423832,0.282,0.103,0.21771895248653,"5","NELL2"
0.000109569522388653,0.423633665807783,0.296,0.152,1,"5","AQP3"
0.000117321571366535,0.764951497419262,0.41,0.252,1,"5","MARCKSL1"
0.000139059503611821,0.440864953853214,0.442,0.311,1,"5","ARID5B"
0.00133455278895693,0.30736763979682,0.373,0.244,1,"5","XIST"
1.89814375372287e-167,4.09534473318101,0.991,0.179,3.38021439662969e-163,"6","NLRP3"
9.99302800782837e-162,4.37638868736936,0.997,0.278,1.77955842763408e-157,"6","G0S2"
3.47286974192666e-160,4.36802133604935,0.971,0.141,6.18448643642299e-156,"6","ACSL1"
2.5524013412259e-159,5.30732439586024,0.993,0.301,4.54531630845508e-155,"6","IL1B"
1.33603813060035e-158,3.48716444713463,0.999,0.405,2.37921670297311e-154,"6","SOD2"
5.03575270544918e-156,3.68682998928083,0.995,0.289,8.9676684178639e-152,"6","BCL2A1"
2.14822413647185e-155,3.69074904253334,0.984,0.297,3.82555754222907e-151,"6","SAMSN1"
2.4772347906387e-155,4.11480146083018,0.938,0.106,4.4114597151694e-151,"6","ICAM1"
4.58974372802261e-154,3.47048105132787,0.996,0.326,8.17341563086266e-150,"6","MARCKS"
8.5907121380228e-154,2.40351345684244,1,0.797,1.5298340175391e-149,"6","SRGN"
5.19668107271188e-152,3.43726679459842,0.999,0.318,9.25424965428531e-148,"6","TNFAIP2"
5.48317199009759e-150,3.01341549272574,1,0.386,9.76443267996579e-146,"6","NAMPT"
2.44025263252993e-148,2.23152427298928,1,0.996,4.3456018880093e-144,"6","FTH1"
2.57417107489234e-148,3.68922053186345,0.983,0.204,4.58408385016828e-144,"6","CD83"
3.66756772712397e-148,3.24462228317703,0.992,0.304,6.53120460846236e-144,"6","NINJ1"
7.09234320457695e-148,6.36290676496809,0.901,0.049,1.26300447787106e-143,"6","C15orf48"
6.81664286970207e-146,3.36894425225557,0.987,0.249,1.21390776223655e-141,"6","AC020656.1"
1.29462791756123e-145,3.6304282009589,0.937,0.151,2.30547339559304e-141,"6","RNF144B"
1.9496995288831e-144,3.32958553839016,0.989,0.242,3.47202492103502e-140,"6","IER3"
4.58675937726615e-144,3.49193316190394,0.954,0.188,8.16810109903556e-140,"6","ETS2"
4.86812626781087e-144,3.02570783614648,0.999,0.542,8.6691592577176e-140,"6","PLEK"
3.98129873933375e-141,2.84853363874056,1,0.69,7.08989679500555e-137,"6","NFKBIA"
8.18509352429757e-140,2.80119370673613,0.998,0.462,1.45760145480691e-135,"6","TNFAIP3"
3.80177951691323e-138,4.49249968130059,0.917,0.174,6.77020896371908e-134,"6","CXCL8"
2.02260619283631e-136,2.91061891790959,0.995,0.459,3.6018571082029e-132,"6","NFKBIZ"
1.52852046388008e-135,3.9753768169594,0.903,0.112,2.72198924207765e-131,"6","PFKFB3"
1.363769098685e-133,2.76069267543393,0.968,0.23,2.42860001093826e-129,"6","FPR1"
1.16957633968929e-131,2.66206756806474,0.972,0.308,2.08278154571869e-127,"6","PIM3"
1.03525073898093e-130,3.2710691289809,0.91,0.204,1.84357451597725e-126,"6","MAFB"
1.74646477183577e-130,2.81906512382108,0.992,0.357,3.11010446568514e-126,"6","ATP2B1-AS1"
4.99256388483146e-130,4.25229206054704,0.962,0.273,8.89075776610787e-126,"6","CCL3"
1.16304806899023e-129,2.03244886483268,0.999,0.728,2.07115600125781e-125,"6","CD44"
2.45129304434106e-129,5.33555049987369,0.835,0.089,4.36526265336255e-125,"6","THBS1"
4.26957857109687e-129,2.92775392855454,0.967,0.23,7.60326551940931e-125,"6","PLAUR"
6.83050638751679e-129,2.47407435482386,0.989,0.397,1.21637657748899e-124,"6","HIF1A"
2.69550892892853e-128,3.13605540013946,0.963,0.308,4.80016230063593e-124,"6","MAP3K8"
5.6346318999165e-128,3.27376048675876,0.927,0.183,1.00341524873713e-123,"6","RIPK2"
4.6936091555775e-127,3.73098234894564,0.879,0.132,8.35837918425241e-123,"6","RNF19B"
8.78664215481608e-127,3.25918596957698,0.92,0.159,1.56472523492965e-122,"6","CLEC4E"
1.95324569146795e-124,4.18658859116634,0.858,0.092,3.47833992736613e-120,"6","AQP9"
3.1177230164632e-124,2.77116529258094,0.922,0.19,5.55204114771766e-120,"6","TLR2"
9.4412804505763e-124,2.5706559066993,0.969,0.295,1.68130322263863e-119,"6","PDE4B"
4.95830195427836e-122,2.54142467011429,0.923,0.161,8.82974412017891e-118,"6","TMEM176B"
4.95112788433049e-121,3.08166782632761,0.881,0.15,8.81696853641573e-117,"6","BCL3"
2.69334534952687e-120,2.59393248797838,0.978,0.372,4.79630939843745e-116,"6","PPP1R15A"
9.51101530914878e-120,2.07521272520269,1,0.737,1.69372160625321e-115,"6","LYZ"
7.32671034250332e-119,2.479459800338,0.965,0.294,1.30474057779299e-114,"6","IFNGR2"
2.428984818809e-118,4.02561015845031,0.881,0.15,4.32553616533507e-114,"6","CCL3L1"
1.34636896409353e-117,2.47236116598973,0.95,0.213,2.39761385125777e-113,"6","XIST"
3.84048034444434e-117,2.93482318080056,0.875,0.178,6.83912739738649e-113,"6","SGK1"
7.54528510862782e-116,2.14412690982153,0.995,0.289,1.34366437214444e-111,"6","CD14"
1.97513150348295e-114,2.02929448962174,0.993,0.358,3.51731418140244e-110,"6","VCAN"
4.24566409443639e-114,4.05194234332512,0.828,0.091,7.56067861937233e-110,"6","RASGEF1B"
1.07755719580252e-113,2.95716492316727,0.847,0.158,1.91891385428512e-109,"6","AHR"
1.43742789316594e-112,3.03662984051685,0.874,0.158,2.5597715921499e-108,"6","SLC2A6"
1.75472915969543e-112,2.71254981743491,0.912,0.221,3.12482168758562e-108,"6","NFKB2"
1.87694685912367e-112,1.65639857653289,0.997,0.58,3.34246696672743e-108,"6","TKT"
9.54392596280978e-112,2.93579399504162,0.9,0.171,1.69958233545717e-107,"6","BCL6"
9.59696740319291e-112,1.61116121832009,0.992,0.497,1.70902795516059e-107,"6","ANXA5"
1.70379689192155e-111,2.62061966636221,0.934,0.257,3.03412150513389e-107,"6","MXD1"
3.12471464532002e-111,2.66201005230186,0.921,0.22,5.56449184038588e-107,"6","SLC43A2"
6.91565063035464e-111,2.52222699493288,0.932,0.216,1.23153906425355e-106,"6","CD93"
8.12853074231485e-111,2.75585057492251,0.909,0.214,1.44752875459143e-106,"6","SNX18"
1.02081945663653e-110,2.45196957196503,0.922,0.204,1.81787528837833e-106,"6","LGALS2"
1.1786124192929e-110,2.38816274003471,0.956,0.251,2.0988729962768e-106,"6","DMXL2"
1.64632959926763e-109,1.87073115748944,0.989,0.331,2.9317837503758e-105,"6","SPI1"
2.24839211165469e-109,2.24419596123672,0.951,0.247,4.00393667243467e-105,"6","IRAK3"
2.32740909316673e-109,1.34941767843081,1,0.946,4.14465011311131e-105,"6","PNRC1"
2.57505502147155e-109,1.76920998956714,0.999,0.601,4.58565798223654e-105,"6","S100A8"
3.11789665882273e-109,2.24893781614756,0.923,0.266,5.55235037003152e-105,"6","SOCS3"
3.72759671553879e-109,1.82483924669986,1,0.754,6.63810423103148e-105,"6","S100A9"
5.4485114270445e-107,2.32789756012765,0.922,0.248,9.70270914928084e-103,"6","GRINA"
6.15851205449264e-107,1.75895238407294,0.983,0.309,1.09670782666405e-102,"6","NCF2"
7.55717200238975e-107,1.71271438714255,0.966,0.288,1.34578119018557e-102,"6","S100A12"
1.85696929448794e-106,2.9144925850119,0.841,0.15,3.30689091962412e-102,"6","PTAFR"
2.69738767829449e-105,2.03960445483989,0.98,0.379,4.80350797750683e-101,"6","CEBPD"
4.29994659981914e-105,2.43720387268637,0.881,0.202,7.65734490495792e-101,"6","NFKBID"
7.1867134394376e-105,1.70543022943355,0.999,0.722,1.27980992929505e-100,"6","SAT1"
1.4973255483278e-104,1.87211094482326,0.984,0.285,2.66643733646215e-100,"6","CSF3R"
3.2267084495094e-104,1.63074545363869,1,0.903,5.74612240688633e-100,"6","NEAT1"
3.24141742597267e-104,1.32639107104258,1,0.943,5.77231615217212e-100,"6","VIM"
7.16633972439413e-104,1.71118057761376,0.992,0.31,1.27618177812011e-99,"6","SERPINA1"
1.83519324928117e-103,2.24121392306378,0.967,0.475,3.26811213831991e-99,"6","ATP2B1"
2.20218067899454e-103,1.72540583947769,1,0.395,3.92164335315347e-99,"6","FCN1"
4.19413080500717e-103,1.7060638270127,0.997,0.485,7.46890813755676e-99,"6","APLP2"
4.28809828335438e-103,2.99949552731651,0.863,0.191,7.63624542299748e-99,"6","APOBEC3A"
4.64278659571667e-103,1.71954465681216,1,0.735,8.26787436965225e-99,"6","CTSS"
1.19240089957804e-102,1.5852444206979,0.995,0.634,2.12342752196858e-98,"6","MCL1"
2.78619045409303e-102,2.56184706653296,0.874,0.192,4.96164796064886e-98,"6","STX11"
4.58705791047265e-102,1.70154099206559,0.993,0.331,8.1686327269697e-98,"6","CFD"
6.27431185197462e-101,2.55993402399832,0.869,0.228,1.11732945459964e-96,"6","CD300E"
4.85134750462113e-100,1.83737075825242,0.991,0.566,8.6392796362293e-96,"6","REL"
1.27504880069848e-98,1.88229770839573,0.956,0.272,2.27060690428386e-94,"6","CPVL"
4.65228240334787e-98,2.30968715979804,0.891,0.244,8.28478450388188e-94,"6","KDM6B"
8.97137924913662e-97,2.47538578956988,0.8,0.156,1.59762321668625e-92,"6","SIRPA"
4.45965508988661e-96,1.8790124046971,0.985,0.394,7.94175378407008e-92,"6","PTPRE"
7.74333668463127e-96,1.81288751996112,0.994,0.513,1.37893339679914e-91,"6","ZEB2"
2.41035576649365e-95,1.77886282162833,0.977,0.366,4.2923615489719e-91,"6","LGALS3"
9.45212612402535e-95,2.3247558448693,0.852,0.196,1.68323462016643e-90,"6","LILRA5"
3.17369982442125e-94,4.13543487664899,0.676,0.054,5.65172464732936e-90,"6","FFAR2"
4.28217971982037e-94,1.54324453745063,1,0.588,7.62570564505611e-90,"6","PSAP"
5.56933877468825e-94,2.73611965205681,0.74,0.142,9.91787848996484e-90,"6","P2RX4"
2.16413932324569e-93,2.08184619785512,0.924,0.253,3.85389930683593e-89,"6","HCK"
3.64262952834496e-93,1.89238349032645,0.913,0.244,6.4867946640767e-89,"6","LRP1"
4.23380818931984e-93,1.58608497557878,0.997,0.369,7.53956562354077e-89,"6","CYBB"
4.90258720842012e-93,1.41509635283587,0.984,0.515,8.73052730075454e-89,"6","SDCBP"
4.9530744018866e-93,2.29063206833392,0.926,0.319,8.82043489487966e-89,"6","BACH1"
6.24786136154967e-93,1.5612420875165,0.978,0.312,1.11261915126477e-88,"6","MPEG1"
8.95727137040918e-93,2.34363062218727,0.912,0.292,1.59511088564247e-88,"6","TNIP1"
1.0796461607499e-92,2.03973653399305,0.906,0.239,1.92263388306342e-88,"6","ALDH2"
1.23580463866531e-92,2.53412076481627,0.849,0.19,2.20072090053518e-88,"6","PLK3"
2.72942681370165e-92,1.34222354827325,0.983,0.536,4.8605632698399e-88,"6","TALDO1"
8.20322719495103e-92,1.90146771232309,0.945,0.265,1.46083069887688e-87,"6","LILRB2"
8.96986100226052e-92,1.23154129844342,1,0.998,1.59735284728255e-87,"6","FTL"
3.26591146861186e-91,2.68482252468648,0.736,0.111,5.81593514330401e-87,"6","TMEM176A"
3.42509668428591e-91,6.18018878910621,0.598,0.013,6.09941217537635e-87,"6","TNFAIP6"
4.01206635108194e-91,3.86240534224498,0.693,0.073,7.14468775800672e-87,"6","DRAM1"
4.48630618821792e-91,2.00001944602529,0.951,0.367,7.98921405997848e-87,"6","RILPL2"
1.41024093825036e-90,2.91583551126118,0.84,0.197,2.51135706283624e-86,"6","PELI1"
2.61341818216321e-90,2.54550540524941,0.766,0.16,4.65397509879624e-86,"6","KYNU"
6.42938517211435e-90,2.3785490519591,0.886,0.25,1.14494491145012e-85,"6","AZIN1"
7.92257413141888e-90,1.48361945697562,0.994,0.38,1.41085200132307e-85,"6","GRN"
1.18894845025686e-89,3.15713198964189,0.744,0.096,2.11727940021741e-85,"6","ZC3H12A"
2.25091285965976e-89,1.51978898464546,0.965,0.354,4.00842562048211e-85,"6","RNF130"
3.3154889062854e-89,1.4455887526339,0.994,0.425,5.90422264431304e-85,"6","TYMP"
5.76171687272593e-89,1.63127023997884,0.969,0.298,1.02604654069503e-84,"6","CLEC7A"
7.41387129683203e-89,1.98084458757384,0.887,0.241,1.32026220053985e-84,"6","RAB31"
3.33978919301946e-88,1.33054957727605,0.986,0.473,5.94749659492905e-84,"6","AP1S2"
3.70882755410998e-88,2.61186118963692,0.896,0.303,6.60468010835905e-84,"6","SERPINB9"
1.27935153274773e-87,4.09876231809514,0.89,0.347,2.27826920951715e-83,"6","CCL4"
1.63427975687548e-87,1.41467958948849,1,0.543,2.91032539104385e-83,"6","TYROBP"
1.6395572265137e-87,1.68976840556566,0.932,0.347,2.9197235089756e-83,"6","BID"
2.75671730837903e-87,1.98199103220089,0.895,0.24,4.90916218276138e-83,"6","TGFBI"
4.71490987137805e-87,1.08234240555346,1,0.963,8.39631149895003e-83,"6","S100A6"
5.09953864247843e-87,1.28149756612878,0.994,0.568,9.08125841452559e-83,"6","BRI3"
1.03225779454383e-86,3.22016244532323,0.739,0.094,1.83824468052365e-82,"6","AC245128.3"
1.59121358974079e-86,1.71306606186774,0.947,0.292,2.8336331606104e-82,"6","CFP"
3.97013442109685e-86,2.47135020926767,0.789,0.172,7.07001537708926e-82,"6","CDKN1A"
1.02131153123562e-85,1.61552787157306,0.983,0.406,1.8187515748244e-81,"6","LYN"
2.27184685724347e-85,1.67291700575927,0.871,0.239,4.04570488337917e-81,"6","PLBD1"
2.85456289258016e-85,1.17965713509415,0.999,0.527,5.08340559910675e-81,"6","AIF1"
3.10557302998034e-85,1.6115131779519,0.913,0.275,5.53040445178898e-81,"6","SLC11A1"
5.94894387631294e-85,2.38651915765438,0.883,0.28,1.05938792549381e-80,"6","EHD1"
1.21538907930805e-84,4.29839317400463,0.701,0.093,2.16436487243178e-80,"6","IL1RN"
1.30968150168953e-84,1.97232760980195,0.842,0.239,2.33228081820872e-80,"6","C5AR1"
5.48095568567978e-84,1.35951619789776,0.968,0.288,9.76048588505855e-80,"6","MS4A6A"
7.02355331818025e-84,1.58943201952746,0.966,0.296,1.25075437490154e-79,"6","CD68"
1.18725367666321e-83,1.02973194364362,0.997,0.923,2.11426134740184e-79,"6","GAPDH"
2.12253143513328e-83,2.1660927668833,0.895,0.315,3.77980397968535e-79,"6","NFKB1"
2.55307381952216e-83,1.76809191314892,0.918,0.252,4.54651385780505e-79,"6","PILRA"
2.75110816319761e-83,3.26586064368922,0.637,0.071,4.8991734170223e-79,"6","CLIC4"
6.43767632440574e-83,3.69875696322706,0.676,0.075,1.14642139985017e-78,"6","EREG"
6.58423274097929e-83,2.73656051685541,0.728,0.119,1.17252016651359e-78,"6","TREM1"
8.57495144295353e-83,1.66803063733605,0.883,0.249,1.52702735296116e-78,"6","CD302"
8.8452230960629e-83,1.60275817182693,0.932,0.296,1.57515732894688e-78,"6","TNFSF13B"
1.82803771479448e-82,1.68050767415149,0.965,0.472,3.25536956250601e-78,"6","IRF2BP2"
3.35951424868597e-82,1.55586218909256,0.924,0.331,5.98262297405998e-78,"6","CTSH"
5.18095090621106e-82,1.16240294570903,0.997,0.712,9.22623737378065e-78,"6","TSPO"
8.51371136838616e-82,1.70594063642959,0.96,0.435,1.51612172048221e-77,"6","NCF1"
2.00642303894444e-81,1.78333097346244,0.865,0.233,3.57303814775226e-77,"6","PLXDC2"
3.65475668795834e-81,1.35987746969307,0.999,0.449,6.50839070991621e-77,"6","FCER1G"
4.46161837415339e-81,1.70517233315266,0.866,0.241,7.94525000069236e-77,"6","FCGR2A"
5.95991360582657e-81,2.30653051797634,0.842,0.214,1.0613414149256e-76,"6","FAM49A"
1.44563584431208e-80,1.48654706751268,0.922,0.317,2.57438831155095e-76,"6","BLVRB"
1.61487576018228e-80,3.60068677820298,0.664,0.088,2.87577075373261e-76,"6","PTGS2"
2.64759414672901e-80,1.55436786801744,0.923,0.279,4.71483565649502e-76,"6","IGSF6"
1.01726471213734e-79,1.2797960359817,0.993,0.371,1.81154499937418e-75,"6","FGL2"
1.85380497885122e-79,1.67277121209081,0.914,0.329,3.30125590633826e-75,"6","PPT1"
3.80590243286618e-79,1.58840322385424,0.907,0.344,6.77755105244809e-75,"6","IER5"
4.43551799197132e-79,2.16455686937765,0.756,0.18,7.89877044010252e-75,"6","SNN"
5.10358732864077e-79,1.21517494561679,0.956,0.306,9.08846831484348e-75,"6","CSTA"
5.24614114757949e-79,2.01525081651921,0.823,0.213,9.34232815560956e-75,"6","GAS7"
8.73599462958035e-79,1.44457814875172,0.903,0.256,1.55570592363567e-74,"6","CD36"
1.61494858378754e-78,1.62985954134235,0.955,0.355,2.87590043800885e-74,"6","CTSB"
6.57688954920317e-78,1.36250777884551,1,0.456,1.1712124909221e-73,"6","CST3"
8.88228284932466e-78,2.29249728574186,0.763,0.175,1.58175692980774e-73,"6","GCH1"
1.60936861324162e-77,2.2427408905684,0.73,0.168,2.86596362646069e-73,"6","CKAP4"
2.03592935578069e-77,0.938070050877802,0.996,0.465,3.62558299677424e-73,"6","LST1"
2.21299165885962e-77,1.33497494916616,0.904,0.361,3.94089554609721e-73,"6","NUP214"
2.69757251634933e-77,1.69703451716635,0.856,0.243,4.8038371371149e-73,"6","SLC7A7"
3.00605914489581e-77,1.64970179092036,0.81,0.234,5.35319012523045e-73,"6","SULT1A1"
2.49681158641493e-76,1.25435954761371,0.926,0.285,4.44632207308771e-72,"6","CLEC12A"
3.396595040624e-76,5.2565911911049,0.561,0.025,6.04865644834322e-72,"6","KCNJ2"
2.25102202677683e-75,1.00289178182944,0.991,0.365,4.00862002528418e-71,"6","MNDA"
1.00974973170187e-74,1.7222922740345,0.93,0.412,1.79816232221468e-70,"6","ZFAND5"
1.25672747132381e-74,1.04059788998042,1,0.864,2.23798028093344e-70,"6","LCP1"
2.6969964378917e-74,2.68819639782974,0.683,0.11,4.80281125659754e-70,"6","ARL5B"
3.8367444187714e-74,1.38462250853829,0.985,0.602,6.83247446094812e-70,"6","SERPINB1"
5.1027677747314e-74,1.44568457674112,0.989,0.691,9.08700885324168e-70,"6","KLF6"
2.32592736551461e-73,1.40680643818642,0.973,0.392,4.14201145250842e-69,"6","FCGRT"
2.42978082408146e-73,1.1822422371707,0.989,0.659,4.32695369152426e-69,"6","RAC1"
2.79384107078636e-73,1.64793105124219,0.945,0.408,4.97527217885635e-69,"6","NCOA4"
6.39921593379021e-73,1.71390360221802,0.719,0.198,1.13957237348936e-68,"6","NRGN"
1.929174819475e-72,1.77250101674926,0.818,0.221,3.43547451852108e-68,"6","EMILIN2"
2.05395993257475e-72,1.076604540671,0.99,0.661,3.65769184792912e-68,"6","GSTP1"
3.59245489297907e-72,4.40577435304753,0.737,0.138,6.39744367341714e-68,"6","CCL4L2"
5.45449865364352e-72,1.83185787927414,0.745,0.198,9.71337120240838e-68,"6","CREG1"
6.06214940992207e-72,1.82821025196811,0.916,0.299,1.07954756691892e-67,"6","METRNL"
8.88110817280214e-72,1.09364726777117,0.999,0.619,1.5815477434126e-67,"6","DUSP1"
1.08765698461491e-71,1.23113362997583,0.973,0.479,1.93689955820223e-67,"6","NPC2"
2.75001008216512e-71,2.48010724656968,0.663,0.118,4.89721795431964e-67,"6","PLAGL2"
2.82783777325903e-71,0.892482528960953,0.998,0.734,5.03581350661968e-67,"6","S100A11"
3.95901851131485e-71,2.29650872410272,0.734,0.153,7.05022016494948e-67,"6","SLC15A3"
3.13562024832264e-70,1.48018770342321,0.872,0.306,5.58391253821295e-66,"6","CCDC88A"
1.29691744574198e-69,2.09284768046957,0.755,0.194,2.30955058737732e-65,"6","ZNF267"
1.70267940653255e-69,1.47760500163534,0.856,0.303,3.03213148715316e-65,"6","LGALS9"
2.48655737358173e-69,1.48389790181955,0.881,0.275,4.42806137087434e-65,"6","CPPED1"
1.07697154410076e-68,2.21775027395138,0.786,0.238,1.91787092573464e-64,"6","NRIP1"
1.48952606915109e-68,0.630217819323186,1,0.991,2.65254802394427e-64,"6","H3F3A"
1.51434960924987e-68,1.94920475987589,0.852,0.272,2.69675378415216e-64,"6","UBE2D1"
1.85781943963458e-68,5.34618748597708,0.562,0.045,3.30840485810126e-64,"6","CXCL2"
1.92345243159857e-68,1.60272076251328,0.81,0.227,3.42528409019073e-64,"6","RAB32"
2.7654249633448e-68,1.30501312793329,0.911,0.321,4.92466877472441e-64,"6","PECAM1"
3.04013170682324e-68,1.75694420882053,0.867,0.301,5.41386654351083e-64,"6","MAP2K3"
4.31311841799904e-68,1.55766682245734,0.959,0.487,7.68080127877269e-64,"6","CD55"
4.44145519752464e-68,2.45482064974117,0.673,0.128,7.90934341575188e-64,"6","PPIF"
7.60609918573555e-68,1.48072501749671,0.851,0.247,1.35449414299579e-63,"6","LILRB3"
1.89603193567386e-67,2.04833852361311,0.664,0.145,3.37645367104801e-63,"6","CD163"
2.31310231620835e-67,4.18836346263541,0.547,0.061,4.11917260470384e-63,"6","STEAP4"
1.08058703283952e-66,2.47760290952137,0.626,0.092,1.92430938808062e-62,"6","TNF"
1.41616704785854e-66,1.48740074200545,0.874,0.26,2.52191027882648e-62,"6","TIMP2"
1.7659211672761e-66,0.915547020261421,0.997,0.642,3.14475241468529e-62,"6","COTL1"
2.65489452036489e-66,0.81586976462801,0.995,0.798,4.72783616186579e-62,"6","GNAI2"
2.99506770892031e-66,1.05330617115922,0.974,0.47,5.33361657604529e-62,"6","ASAH1"
7.85570235388706e-66,1.13744571671914,0.831,0.247,1.39894347518021e-61,"6","MS4A7"
1.68872171719934e-65,2.22076454583624,0.8,0.206,3.00727563398858e-61,"6","PPP1R15B"
2.52373889761151e-65,1.46911397219003,0.887,0.336,4.49427422886658e-61,"6","THEMIS2"
2.656299124904e-65,1.59837069070876,0.792,0.223,4.73033748162904e-61,"6","C19orf38"
5.40471846281371e-65,1.38963057843599,0.989,0.612,9.62472263857865e-61,"6","ZFP36"
5.60742538054372e-65,1.55602361057517,0.854,0.306,9.98570311767226e-61,"6","RHOQ"
5.77674585267465e-65,1.0905759098224,0.97,0.534,1.0287229014443e-60,"6","H2AFY"
7.87598596243876e-65,1.25432559749392,0.949,0.451,1.40255558019109e-60,"6","TIMP1"
9.82953205035203e-65,1.10580210093728,0.995,0.601,1.75044306752669e-60,"6","LGALS1"
1.00552388785696e-64,1.0969156123869,0.971,0.535,1.79063693949568e-60,"6","ANXA2"
1.04556076370462e-64,1.49674461079213,0.722,0.203,1.86193460800519e-60,"6","CDA"
9.1491360340111e-64,1.62497374206083,0.806,0.248,1.6292781449367e-59,"6","WARS"
1.00950734885015e-63,1.54511082553193,0.756,0.243,1.79773068683234e-59,"6","BLVRA"
1.93347693114106e-63,2.14827434531551,0.821,0.275,3.443135718976e-59,"6","IVNS1ABP"
3.40636916397063e-63,3.20769904960915,0.498,0.055,6.0660622071989e-59,"6","FCAR"
5.11486944977087e-62,2.37903161475301,0.626,0.143,9.10855951615196e-58,"6","JDP2"
6.106482433959e-62,1.20732919518048,0.997,0.56,1.08744239183942e-57,"6","HLA-DRA"
7.95183859008849e-62,1.24683501656083,0.918,0.413,1.41606341612296e-57,"6","CASP1"
1.13555560815593e-61,1.4570779062406,0.79,0.264,2.02219742700409e-57,"6","C9orf72"
1.1668139895868e-61,1.4064830171585,0.978,0.634,2.07786235265618e-57,"6","CFLAR"
1.95795610572931e-61,1.18888503512785,0.936,0.439,3.48672823308276e-57,"6","VMP1"
2.60744839524617e-61,1.41093860655753,0.691,0.19,4.64334410225439e-57,"6","RBP7"
4.77586053272355e-61,1.18972536543727,0.977,0.489,8.50485243667409e-57,"6","TNFRSF1B"
5.31364862721058e-61,1.43882846443209,0.784,0.261,9.46254547533661e-57,"6","RASSF2"
5.69823305788578e-61,1.95140585655835,0.652,0.162,1.0147413429483e-56,"6","DENND5A"
1.27333496005111e-60,1.61108994449811,0.807,0.261,2.26755489685902e-56,"6","PLSCR1"
1.5321631520316e-60,1.5756056588609,0.765,0.219,2.72847614113788e-56,"6","TBXAS1"
1.89135395210842e-60,1.61123868070714,0.779,0.231,3.36812311791468e-56,"6","PGD"
2.05643917977444e-60,1.27651626777225,0.834,0.319,3.66210689134232e-56,"6","PICALM"
2.08267719038945e-60,2.05094896797974,0.702,0.167,3.70883154064553e-56,"6","ODF3B"
2.19590397589155e-60,1.03557100260746,0.971,0.5,3.91046580026768e-56,"6","PYCARD"
2.89983604163449e-60,1.03713512385176,0.966,0.494,5.1640280229427e-56,"6","VSIR"
4.0166427349228e-60,0.995825894636487,0.962,0.528,7.15283738235051e-56,"6","ATP6V0B"
4.81641434327962e-60,1.90215146498742,0.655,0.148,8.57707066251235e-56,"6","ANPEP"
6.23111380398321e-60,1.8277846411418,0.688,0.192,1.10963674621333e-55,"6","SKIL"
9.28447714966353e-60,1.44916421266119,0.821,0.272,1.65337969081208e-55,"6","CAPG"
1.28813225485539e-59,1.14897818128065,0.952,0.538,2.29390591944648e-55,"6","PKM"
1.43226599521796e-59,4.8737369465902,0.482,0.021,2.55057928428414e-55,"6","DNAAF1"
1.72017638935072e-59,3.29973205501262,0.488,0.054,3.06329011415576e-55,"6","FPR2"
2.28532278297378e-59,1.78012156010254,0.667,0.179,4.06970281191971e-55,"6","HNMT"
2.5127043602754e-59,1.5581926414566,0.844,0.324,4.47462392477843e-55,"6","UBE2J1"
2.81682465679548e-59,1.63012553613017,0.899,0.463,5.01620134882138e-55,"6","EIF1B"
3.22613757718198e-59,1.98715179153012,0.646,0.148,5.74510579744568e-55,"6","BEST1"
3.53256192966528e-59,1.24740271258948,0.966,0.542,6.29078628434792e-55,"6","CARD16"
3.97322798966748e-59,2.49674669629947,0.577,0.096,7.07552440399984e-55,"6","NFKBIE"
4.1277727874477e-59,1.12009789858667,0.978,0.564,7.35073777988686e-55,"6","CEBPB"
4.26344853439609e-59,1.36952397221989,0.956,0.46,7.59234915005256e-55,"6","QKI"
1.24489283209085e-58,2.19161066313594,0.622,0.129,2.21690515538739e-54,"6","B4GALT5"
2.00978334819719e-58,2.35207528911167,0.667,0.139,3.57902218646956e-54,"6","MTF1"
3.13205672399204e-58,1.06451324121789,0.914,0.406,5.57756661408503e-54,"6","HLA-DQB1"
3.25166670238709e-58,2.40347869673695,0.619,0.107,5.79056806361092e-54,"6","MAPK6"
4.46907566572288e-58,1.85845223855618,0.661,0.169,7.95852994551931e-54,"6","CAMKK2"
5.51218459090897e-58,1.48128891647535,0.7,0.201,9.81609831949069e-54,"6","ZNF385A"
9.54011402244593e-58,1.60374759219916,0.691,0.182,1.69890350511717e-53,"6","BST1"
1.10399645619364e-57,1.42214015184366,0.836,0.28,1.96599688918964e-53,"6","LY86"
1.19052199010997e-57,2.01159281723761,0.583,0.13,2.12008155998783e-53,"6","MIR22HG"
1.19529876410553e-57,1.46255783127393,0.897,0.315,2.12858803911913e-53,"6","OGFRL1"
1.20829573259143e-57,1.33120369927785,0.867,0.337,2.15173304059881e-53,"6","DPYD"
1.43412929505207e-57,1.25572618050252,0.961,0.638,2.55389744862873e-53,"6","ZFP36L1"
1.85076185665148e-57,1.11798801220861,0.903,0.493,3.29583671432495e-53,"6","METTL9"
4.0736518370169e-57,4.21424262446892,0.412,0.016,7.2543591913597e-53,"6","IRAK2"
1.1020747609094e-56,1.462977003465,0.659,0.181,1.96257473422746e-52,"6","OSCAR"
3.26157136477078e-56,1.96587270854271,0.602,0.142,5.8082062863838e-52,"6","NFIL3"
6.1598073537073e-56,1.68959747184866,0.793,0.275,1.0969384935482e-51,"6","AGFG1"
6.95534964952048e-56,1.14195199684582,0.835,0.302,1.23860866558661e-51,"6","GCA"
2.80323091834554e-55,0.755506783784003,1,0.937,4.99199361938974e-51,"6","S100A4"
2.90776296983508e-55,2.02069759753496,0.669,0.161,5.17814429668232e-51,"6","TLR4"
6.69456076012297e-55,1.61745758592836,0.781,0.277,1.1921673801627e-50,"6","SNHG15"
8.38646585533141e-55,6.60780041725886,0.429,0.022,1.49346183951742e-50,"6","CCL20"
9.5072639346248e-55,5.20548625577692,0.473,0.025,1.69305356147798e-50,"6","PTX3"
1.0976620669978e-54,0.823622820884005,0.993,0.86,1.95471660890968e-50,"6","S100A10"
1.28613074933284e-54,1.10191259569448,0.965,0.497,2.29034163841192e-50,"6","CTSD"
1.56816034602633e-54,1.29835005835718,0.904,0.361,2.79257994420368e-50,"6","AGTRAP"
1.65433921918127e-54,0.589402739076764,0.999,0.968,2.94604728151801e-50,"6","OAZ1"
1.76344699321972e-54,1.41619505113204,0.739,0.238,3.14034640552568e-50,"6","LY96"
1.77838362457649e-54,1.41590449841636,0.792,0.287,3.16694555864582e-50,"6","MYD88"
2.01205228111029e-54,0.512733953833547,1,1,3.5830627022012e-50,"6","MT-ND1"
2.26956261887436e-54,1.23649921956485,0.888,0.362,4.04163711169146e-50,"6","RTN3"
2.29367435484504e-54,1.12822109817267,0.788,0.282,4.08457529110805e-50,"6","MEGF9"
2.31433349720575e-54,2.30049016733095,0.563,0.107,4.12136509182399e-50,"6","C3AR1"
2.8988136259887e-54,1.55798602824348,0.763,0.283,5.16220730516067e-50,"6","LAP3"
4.27624728741834e-54,1.12503185830092,0.937,0.385,7.61514116943459e-50,"6","JAML"
5.40601566305568e-54,1.99859022381361,0.609,0.143,9.62703269276956e-50,"6","EPB41L3"
8.41530328858609e-54,1.61253221902133,0.754,0.213,1.49859720963141e-49,"6","RNASE6"
1.02362627831775e-53,1.35138035909644,0.848,0.324,1.82287367642824e-49,"6","NUMB"
1.11750318558567e-53,2.04031087372711,0.796,0.259,1.99004967289096e-49,"6","SLC25A37"
1.13095173487575e-53,1.49840796790773,0.74,0.233,2.01399884946674e-49,"6","GNS"
1.14516646709849e-53,1.98708038353924,0.647,0.201,2.03931244460898e-49,"6","DUSP6"
1.94736934081387e-53,2.74373867367946,0.519,0.076,3.46787532212135e-49,"6","GPR132"
3.27834126850954e-53,1.06345784109588,0.988,0.735,5.83807013096178e-49,"6","ANXA1"
4.67728190994939e-53,4.28580627770635,0.429,0.028,8.32930362523788e-49,"6","MFSD2A"
4.7489219881579e-53,0.962440517399189,0.935,0.452,8.45688027651158e-49,"6","LYST"
5.14988461181926e-53,1.791599000632,0.728,0.235,9.17091451672774e-49,"6","ZNF281"
1.05231086893964e-52,1.19399686768529,0.877,0.349,1.87395519540772e-48,"6","ADA2"
1.15867396159758e-52,1.44496581631825,0.703,0.201,2.06336659081298e-48,"6","CLEC4A"
1.28899469220918e-52,0.961825685868641,0.997,0.696,2.29544174788611e-48,"6","ITGB2"
1.37406710786444e-52,2.02082696891665,0.654,0.146,2.446938705685e-48,"6","CSRNP1"
1.83529221150687e-52,1.64764637819841,0.889,0.372,3.26828837025143e-48,"6","GBP2"
4.2153561253775e-52,2.1213319589471,0.576,0.122,7.50670618807225e-48,"6","CXCL16"
7.25584008383708e-52,1.9328535522107,0.643,0.177,1.29212000212971e-47,"6","PSTPIP2"
9.42618826031602e-52,5.83059628238833,0.339,0.017,1.67861560539708e-47,"6","CXCL3"
1.33901204540179e-51,1.7435126159122,0.714,0.199,2.38451265045151e-47,"6","DENND3"
3.39077146581426e-51,1.56088760928757,0.798,0.298,6.03828582632204e-47,"6","JARID2"
3.40153832578001e-51,1.90856704203851,0.668,0.212,6.05745945054904e-47,"6","PMAIP1"
3.42214922545348e-51,1.16463678484097,0.84,0.303,6.09416334068755e-47,"6","KLF10"
5.18987232139701e-51,0.988052960487675,0.948,0.51,9.2421246299438e-47,"6","VASP"
6.10240826977844e-51,7.02508170403453,0.413,0.011,1.08671686468214e-46,"6","IL6"
6.23667774758144e-51,1.11455366320402,0.787,0.298,1.1106275732893e-46,"6","SCPEP1"
6.42946604078243e-51,2.86780269252436,0.56,0.099,1.14495931254254e-46,"6","IL18"
1.0260572906556e-50,0.901812904557564,0.94,0.491,1.8272028231995e-46,"6","GLIPR1"
1.09906888935029e-50,4.40401776983874,0.415,0.021,1.95722187815499e-46,"6","KCNJ2-AS1"
2.35359404499468e-50,1.31762166616498,0.96,0.647,4.19128027532652e-46,"6","IRF1"
4.12386326074847e-50,1.61675223055509,0.635,0.167,7.34377569474088e-46,"6","CD33"
4.18604097761755e-50,4.38150460391044,0.405,0.024,7.45450177294133e-46,"6","LUCAT1"
4.61997375613783e-50,1.70735408384952,0.749,0.252,8.22724926493024e-46,"6","OAZ2"
4.93618777421761e-50,0.824315781531718,0.99,0.724,8.79036318832673e-46,"6","EVI2B"
5.06448551641091e-50,1.21275589624581,0.962,0.513,9.01883580762455e-46,"6","IL10RA"
5.10073156546678e-50,1.64340246896033,0.636,0.164,9.08338277178324e-46,"6","IL13RA1"
6.62663245232327e-50,1.055253351725,0.9,0.456,1.18007070710973e-45,"6","PLP2"
1.10332804842536e-49,3.74745160719109,0.394,0.031,1.96480658863588e-45,"6","ADM"
1.16687326038826e-49,1.18343791094282,0.779,0.253,2.07796790209941e-45,"6","LRRK2"
1.32927104613101e-49,1.6465141046506,0.639,0.165,2.3671658789501e-45,"6","PYGL"
1.42008529897987e-49,1.26944450778471,0.679,0.223,2.52888790042335e-45,"6","GRK3"
1.6607629780698e-49,1.78869577810745,0.704,0.202,2.95748671134671e-45,"6","FOXO3"
1.70535325022033e-49,1.40775275170767,0.862,0.39,3.03689306799236e-45,"6","NFE2L2"
2.75916291130418e-49,1.97856498633053,0.646,0.175,4.91351731245048e-45,"6","ATP13A3"
3.21482164719388e-49,1.19960407624847,0.851,0.33,5.72495438932286e-45,"6","IFITM3"
3.26745523714692e-49,0.997915522747943,0.933,0.407,5.81868428631124e-45,"6","CTSZ"
3.41279067616988e-49,1.67333308215226,0.572,0.146,6.07749763612332e-45,"6","ZNF467"
5.61661258494009e-49,2.78602073471198,0.557,0.089,1.00020636912613e-44,"6","PTGIR"
5.80184410336184e-49,1.28910316883407,0.7,0.206,1.03319239792668e-44,"6","ASGR1"
6.83219412745181e-49,1.40554781640184,0.682,0.215,1.21667713021662e-44,"6","NCF4"
1.00700254055108e-48,1.25515606933875,0.785,0.292,1.79327012421336e-44,"6","CTSA"
1.44756360969453e-48,1.19465294516973,0.945,0.388,2.57782127614402e-44,"6","FGR"
2.12713179858676e-48,1.57454034946497,0.592,0.164,3.7879963069233e-44,"6","SMCO4"
2.3715839207777e-48,1.20495753047205,0.855,0.353,4.22331664612092e-44,"6","IFNGR1"
2.9347825619756e-48,2.01931110522688,0.598,0.148,5.22626078636615e-44,"6","ZBTB43"
3.23326416442021e-48,2.01537304130145,0.615,0.14,5.7577968239995e-44,"6","MCTP1"
3.43982629693641e-48,1.36400688199865,0.57,0.165,6.12564266958436e-44,"6","SHTN1"
3.44959986798824e-48,1.84148576791938,0.629,0.149,6.14304744491345e-44,"6","SIRPB1"
4.41345809560927e-48,1.15513466935421,0.787,0.308,7.85948617666098e-44,"6","SNX10"
5.47927435531308e-48,1.21176907161829,0.756,0.244,9.75749177194153e-44,"6","RXRA"
9.10694123016078e-48,1.32600047799189,0.69,0.207,1.62176409426703e-43,"6","PRAM1"
9.69753594777277e-48,1.02031594882552,0.76,0.279,1.72693720157937e-43,"6","NAIP"
1.04622342925447e-47,1.86686388996494,0.576,0.137,1.86311468281635e-43,"6","SEMA4A"
1.05604453557967e-47,2.66297620805876,0.549,0.072,1.88060410896028e-43,"6","TOP1MT"
1.09511170733583e-47,1.22054741585027,0.744,0.253,1.95017492842365e-43,"6","AC007952.4"
1.16125851204431e-47,0.565644505872103,1,0.997,2.0679691582485e-43,"6","ACTB"
1.69193896056365e-47,1.2336886653548,0.778,0.283,3.01300490097175e-43,"6","DPYSL2"
2.10611794214927e-47,0.975062819678996,0.879,0.37,3.75057483137941e-43,"6","STXBP2"
2.43953756145752e-47,1.57588424396621,0.65,0.175,4.34432848944356e-43,"6","SLC8A1"
4.71240634052464e-47,0.629861916831923,0.998,0.737,8.39185321120628e-43,"6","CD74"
4.98202684779663e-47,1.58291326620973,0.616,0.158,8.87199341055623e-43,"6","CREB5"
1.2849310027805e-46,1.57781287911015,0.575,0.154,2.28820512975152e-42,"6","RBM47"
1.50418107951514e-46,2.71812532635655,0.435,0.06,2.67864566640056e-42,"6","FUT4"
2.24490394669298e-46,1.41593727045465,0.664,0.193,3.99772494827085e-42,"6","LILRA2"
4.04970453273921e-46,2.66064774437587,0.49,0.076,7.21171383190199e-42,"6","GNA15"
5.97610087471518e-46,2.78747870871378,0.466,0.071,1.06422404376928e-41,"6","OASL"
7.67084100425683e-46,5.08455798936436,0.37,0.011,1.36602336603806e-41,"6","ADORA2A-AS1"
1.71701056211063e-45,2.84038238068572,0.474,0.064,3.05765240900662e-41,"6","GPR35"
1.89062948538918e-45,1.39719778453159,0.8,0.279,3.36683298758105e-41,"6","CRTAP"
2.08314069368937e-45,1.13460110788499,0.877,0.38,3.70965694732203e-41,"6","ZYX"
2.5892990514571e-45,1.03802151429229,0.822,0.359,4.61102375083481e-41,"6","YBX3"
2.71044134477984e-45,0.823511847139122,0.946,0.525,4.82675394678395e-41,"6","ARRB2"
3.13176188200366e-45,1.28562890804008,0.875,0.327,5.57704155947212e-41,"6","AOAH"
3.28045279398259e-45,2.92861075844691,0.468,0.07,5.84183033552419e-41,"6","RIN2"
3.38471688712261e-45,1.33914680085722,0.719,0.248,6.02750383258794e-41,"6","CHP1"
3.80180325403738e-45,2.19106266001467,0.536,0.098,6.77025123478977e-41,"6","BTG3"
3.8779699061111e-45,1.50874945767112,0.805,0.254,6.90588880880265e-41,"6","ITGAX"
4.68596053880546e-45,1.46742711363923,0.585,0.176,8.34475852750477e-41,"6","RELT"
4.73778345795178e-45,1.61277453716277,0.743,0.242,8.43704478192053e-41,"6","CARD19"
4.73937252316992e-45,2.98280062855337,0.49,0.061,8.43987458926099e-41,"6","ATF3"
5.00524342789542e-45,0.907194633537503,0.99,0.709,8.91333749639616e-41,"6","AHNAK"
6.87242906990543e-45,0.819927662745492,0.929,0.519,1.22384216876876e-40,"6","FOS"
7.11062425132554e-45,2.00718490212503,0.534,0.117,1.26625996667605e-40,"6","MAFG"
7.72089527211624e-45,1.20120443697329,0.826,0.319,1.37493703005846e-40,"6","GLUL"
9.25434841869706e-45,6.71061380329357,0.358,0.007,1.64801436640157e-40,"6","IL1A"
1.38078830350796e-44,2.06210204687269,0.381,0.075,2.45890781088698e-40,"6","CLEC4D"
1.90792135020744e-44,1.44038600717691,0.682,0.194,3.39762634044941e-40,"6","NR4A1"
1.92972026217022e-44,1.00592307398037,0.819,0.379,3.43644584287273e-40,"6","TMEM167A"
2.22206014904679e-44,1.68002711346355,0.573,0.164,3.95704471342252e-40,"6","VNN2"
2.4395343208851e-44,1.62123182893831,0.656,0.181,4.34432271863218e-40,"6","MBOAT7"
2.63382029325627e-44,2.31833254229844,0.496,0.099,4.69030717823076e-40,"6","GRASP"
3.02556816687452e-44,4.05804408671161,0.415,0.023,5.38793179157014e-40,"6","AP003354.2"
3.16502033902848e-44,1.56875103638859,0.557,0.152,5.63626821974192e-40,"6","ADGRE2"
6.45622353731166e-44,1.31196577042278,0.827,0.362,1.14972428752446e-39,"6","CTNNB1"
1.01107602705245e-43,1.32602119577019,0.772,0.283,1.800524188975e-39,"6","SH3BP2"
1.83718718022782e-43,1.11359167358149,0.794,0.326,3.27166293054971e-39,"6","CUX1"
2.07380620817279e-43,1.84020824839008,0.76,0.24,3.69303409551411e-39,"6","NBN"
2.16398561356074e-43,0.991844037984387,0.78,0.359,3.85362558062897e-39,"6","RGS2"
2.22578371306654e-43,1.68830202160719,0.593,0.159,3.96367563622889e-39,"6","MPP1"
2.51387633625773e-43,1.78438992918525,0.691,0.24,4.47671097960776e-39,"6","NABP1"
3.86962562416008e-43,2.10898146281752,0.442,0.087,6.89102931150428e-39,"6","CRISPLD2"
4.46272869495201e-43,1.29962377803845,0.735,0.255,7.94722725997054e-39,"6","PRKACA"
8.44623295170035e-43,2.15893083563553,0.533,0.108,1.5041051640388e-38,"6","EAF1"
9.37587740923782e-43,1.26499172619358,0.762,0.283,1.66965624903707e-38,"6","GNAQ"
1.37357299437848e-42,1.75410479878047,0.563,0.136,2.44605878838921e-38,"6","NFAM1"
2.27660997419415e-42,1.83008431636166,0.562,0.14,4.05418704204494e-38,"6","CSF2RA"
2.52108368847444e-42,3.56735027676508,0.351,0.027,4.48954583243528e-38,"6","MIR222HG"
3.59116071831476e-42,1.67027249210426,0.568,0.152,6.39513900717492e-38,"6","ZFHX3"
6.66835709105817e-42,2.03452054045618,0.45,0.099,1.18750103077564e-37,"6","GK"
7.00165018184691e-42,0.942726345907375,0.848,0.404,1.2468538643833e-37,"6","MIDN"
1.2220352606041e-41,1.09123671958739,0.805,0.314,2.17620039208378e-37,"6","IL17RA"
1.72297408559542e-41,1.04927326319881,0.779,0.317,3.06827225162832e-37,"6","EHBP1L1"
1.76408567036857e-41,2.18001439974244,0.538,0.11,3.14148376179236e-37,"6","PID1"
2.15760534422075e-41,1.31833093974793,0.543,0.157,3.84226359698831e-37,"6","FAM198B"
2.34541653024142e-41,1.25596127380536,0.801,0.306,4.17671775705392e-37,"6","SLCO3A1"
2.90234402519375e-41,1.48389216556844,0.713,0.235,5.16849424006503e-37,"6","LILRB1"
3.03566969855729e-41,1.24162585998288,0.603,0.209,5.40592059919082e-37,"6","AC245014.3"
3.40764590065265e-41,1.38562450273172,0.792,0.345,6.06833581988225e-37,"6","NBPF19"
3.7665286309293e-41,2.84042610242273,0.388,0.053,6.7074341859589e-37,"6","ID1"
3.83097944211993e-41,2.64995112503945,0.452,0.062,6.82220819052717e-37,"6","LDLR"
4.5803978669684e-41,2.59227679245253,0.53,0.093,8.15677252149732e-37,"6","RAPGEF2"
5.19388263271821e-41,1.74905273508404,0.584,0.182,9.24926619234459e-37,"6","BASP1"
5.23542382731842e-41,1.03539987483234,0.748,0.282,9.32324275168864e-37,"6","SYK"
6.44104521695664e-41,1.79774490272655,0.628,0.169,1.14702133223564e-36,"6","CPD"
6.55223749271923e-41,1.75092737923618,0.61,0.161,1.16682245270344e-36,"6","FBP1"
1.02868199927211e-40,1.79460895504342,0.49,0.109,1.83187690430378e-36,"6","RNASE2"
1.42402682789876e-40,2.32103904111423,0.503,0.091,2.53590697512211e-36,"6","ASGR2"
1.68781998898253e-40,2.63963646307686,0.369,0.057,3.0056698363801e-36,"6","ABCA1"
2.10506324946446e-40,1.5021841769517,0.588,0.163,3.74869663464631e-36,"6","TMEM170B"
2.17279758416722e-40,1.38270453160076,0.597,0.163,3.86931793788499e-36,"6","MGST1"
3.39562977934958e-40,1.973098188291,0.512,0.11,6.04693751106573e-36,"6","KIF13A"
4.30101645234417e-40,1.09620019875439,0.79,0.311,7.6592500983345e-36,"6","ARHGAP26"
4.49144855767318e-40,2.42630184079965,0.444,0.083,7.9983715915044e-36,"6","VEGFA"
4.49804186782501e-40,1.65692586466174,0.533,0.139,8.01011295822278e-36,"6","CYFIP1"
4.66396254917784e-40,1.09766959358105,0.808,0.336,8.3055845075759e-36,"6","CD4"
5.16780924255356e-40,1.10260901819843,0.906,0.514,9.20283469913938e-36,"6","DNAJA1"
5.51340703514694e-40,1.17800711132278,0.804,0.348,9.81827524818967e-36,"6","GPCPD1"
5.78619653593125e-40,1.13801638317229,0.667,0.222,1.03040587911864e-35,"6","RASSF4"
8.40217331401301e-40,1.91701583370702,0.53,0.125,1.49625902375944e-35,"6","QSOX1"
1.06045427453751e-39,1.26200396293342,0.698,0.244,1.8884569720964e-35,"6","ATP6V1B2"
1.39112015592243e-39,1.33026139143449,0.616,0.184,2.47730677366666e-35,"6","PLXNB2"
1.40393030767148e-39,1.5592253163115,0.678,0.224,2.50011909190136e-35,"6","LAIR1"
2.97718287483616e-39,0.799650586083851,0.811,0.382,5.30176726350824e-35,"6","LTA4H"
3.61463703816895e-39,1.80583335000195,0.484,0.115,6.43694563757128e-35,"6","IMPA2"
3.85800688533245e-39,1.41306625319153,0.648,0.198,6.87033866140003e-35,"6","CTNNA1"
4.38657343147322e-39,0.813802966326797,0.961,0.573,7.81160996676751e-35,"6","CD63"
6.01255011956958e-39,1.75920243425276,0.517,0.138,1.07071492529295e-34,"6","CCR1"
6.67588106322418e-39,0.872195004434845,0.901,0.479,1.18884089973896e-34,"6","CMTM6"
1.04040830497094e-38,1.64569025665656,0.551,0.149,1.85275910949225e-34,"6","FGD4"
1.49529631648905e-38,1.13138424748995,0.697,0.242,2.6628236804037e-34,"6","PAK1"
2.94188106644877e-38,1.16784399791626,0.775,0.318,5.23890180313198e-34,"6","MYADM"
3.40884552452447e-38,0.86278573443876,0.84,0.38,6.07047211007318e-34,"6","SKAP2"
3.81402862732896e-38,1.47096741616256,0.737,0.257,6.79202217954741e-34,"6","PLD3"
7.58227783163552e-38,2.24136101142556,0.384,0.072,1.35025203625765e-33,"6","RAB20"
1.08489596494391e-37,5.67657476989376,0.282,0.006,1.93198273437211e-33,"6","PTGES"
1.65003101180697e-37,1.3030383945758,0.717,0.247,2.93837522582586e-33,"6","PIK3AP1"
1.70614527402699e-37,2.17920830899153,0.503,0.092,3.03830350398726e-33,"6","ITPRIP"
1.85739390516167e-37,0.741506419961255,0.924,0.501,3.30764706631191e-33,"6","POU2F2"
2.01477310313013e-37,1.45079504853089,0.529,0.15,3.58790794205414e-33,"6","SLC24A4"
2.40406717687745e-37,1.63457797915888,0.663,0.204,4.28116282858337e-33,"6","OTUD1"
2.47852584812947e-37,1.59308569962152,0.516,0.136,4.41375883034896e-33,"6","LILRA1"
3.78699269439965e-37,1.84258049761,0.472,0.106,6.7438765901869e-33,"6","HOMER3"
4.07474829139402e-37,1.04815204779557,0.863,0.403,7.25631175731446e-33,"6","BNIP3L"
4.19257060403339e-37,1.70350658562511,0.603,0.156,7.46612973166267e-33,"6","SECTM1"
5.14359967136002e-37,1.16229889541306,0.731,0.268,9.15972229475792e-33,"6","NOTCH2"
1.06476426649865e-36,2.34217562581697,0.515,0.118,1.8961322057808e-32,"6","ANKRD28"
1.17705989717377e-36,1.65976280326168,0.633,0.206,2.09610826488704e-32,"6","PLEKHF2"
1.36902989718933e-36,1.36780969988392,0.626,0.206,2.43796844091476e-32,"6","NBPF14"
1.60256623516629e-36,1.88303530475851,0.498,0.129,2.85384995158413e-32,"6","TLR8"
1.91543034523195e-36,2.82478433799377,0.415,0.055,3.41099835878906e-32,"6","BATF3"
4.69943990326344e-36,0.51954272517733,0.954,0.519,8.36876257973153e-32,"6","HLA-DRB1"
4.9236762270614e-36,0.690018037480182,0.989,0.591,8.76808262515094e-32,"6","EFHD2"
5.37488635182119e-36,1.15688975795467,0.477,0.143,9.57159761532317e-32,"6","CYP1B1"
6.17549826157396e-36,1.30202421751303,0.689,0.24,1.09973273042109e-31,"6","LACTB"
7.20457716715381e-36,1.67157369020311,0.711,0.302,1.28299110192675e-31,"6","GPR183"
7.48010619031465e-36,1.78167747573206,0.422,0.11,1.33205731037123e-31,"6","CCDC71L"
8.72340595853467e-36,1.29639834182287,0.53,0.162,1.55346413309585e-31,"6","KCNE3"
1.06065197260357e-35,1.73626744006312,0.526,0.132,1.88880903281244e-31,"6","AC096667.1"
1.65533988370087e-35,1.35369978473825,0.497,0.144,2.94782926489451e-31,"6","CD1D"
2.05771438500545e-35,1.35537628635456,0.554,0.172,3.6643777768177e-31,"6","GNB4"
2.19985676154542e-35,1.43794194693322,0.406,0.109,3.91750492096008e-31,"6","MICAL2"
2.92463163529883e-35,3.54414479535841,0.306,0.024,5.20818401614016e-31,"6","B3GNT5"
3.44178857292978e-35,1.01474510568717,0.843,0.367,6.12913709067336e-31,"6","TPP1"
3.5613323648394e-35,1.36933147078802,0.604,0.207,6.342020675306e-31,"6","ST8SIA4"
4.12100577526655e-35,1.56995939233633,0.543,0.152,7.33868708459467e-31,"6","ZMIZ1"
4.84537738885255e-35,1.073224341948,0.621,0.227,8.62864805406861e-31,"6","MFSD1"
5.02009409015804e-35,0.845929167845032,0.857,0.446,8.93978355575345e-31,"6","EVI2A"
5.0787906329134e-35,1.98339478515449,0.526,0.11,9.04431035909218e-31,"6","FCGR1A"
6.41776687001998e-35,0.6141695266716,0.716,0.261,1.14287592421316e-30,"6","KCTD12"
7.64460516550194e-35,1.34445788271647,0.566,0.185,1.36135128787259e-30,"6","SLC36A4"
8.32005834952402e-35,1.22154198803959,0.627,0.211,1.48163599088324e-30,"6","PLXNC1"
1.12887190671059e-34,1.1486323203411,0.774,0.317,2.01029509147022e-30,"6","PLEC"
1.38966957127739e-34,1.94049997722636,0.426,0.086,2.47472357253078e-30,"6","EZH2"
3.51143036855424e-34,2.16766660965418,0.391,0.076,6.25315520032139e-30,"6","MARCO"
3.75000406738758e-34,1.43597814370826,0.501,0.14,6.67800724320381e-30,"6","AC020916.1"
3.81969907912559e-34,1.76213457237464,0.617,0.202,6.80212012010686e-30,"6","RAP2C"
4.57206550236362e-34,1.84231365182334,0.493,0.125,8.14193424660914e-30,"6","DSE"
6.1332361279054e-34,0.732999715514239,0.941,0.547,1.09220668965739e-29,"6","FKBP1A"
6.20597704787772e-34,1.05149999859633,0.596,0.219,1.10516039268606e-29,"6","UNC93B1"
6.52387728413848e-34,1.75407640046491,0.494,0.121,1.16177206675938e-29,"6","MAP3K20"
6.69672716870201e-34,1.64444447570686,0.526,0.146,1.19255317420245e-29,"6","PSMA6"
7.88910526072324e-34,0.925675480823286,0.803,0.355,1.40489186482959e-29,"6","HSBP1"
8.02115861851561e-34,1.55872951669143,0.42,0.111,1.42840792678526e-29,"6","RASGRP4"
8.38005862454151e-34,0.84205789233163,0.591,0.204,1.49232083985835e-29,"6","FOSB"
8.46118341131187e-34,1.21824662062643,0.641,0.216,1.50676754188642e-29,"6","ALOX5"
1.45822571124871e-33,0.488456499448213,0.999,0.971,2.5968083465917e-29,"6","SH3BGRL3"
1.50404392383279e-33,3.13341640559073,0.337,0.034,2.67840141956144e-29,"6","CDC42EP2"
1.57485752270572e-33,0.499352182753684,0.839,0.363,2.80450627643434e-29,"6","HLA-DRB5"
2.08379573440242e-33,2.35851951299536,0.378,0.061,3.71082344382383e-29,"6","PLEKHG2"
2.13737782524716e-33,1.26651874158824,0.596,0.196,3.80624243120015e-29,"6","PRKCD"
2.33806379691682e-33,1.13950764118002,0.618,0.217,4.16362400954947e-29,"6","HEXB"
2.36964454859627e-33,4.32112650755986,0.258,0.011,4.21986301214024e-29,"6","TRIP10"
2.55140573078178e-33,3.13816977012222,0.332,0.028,4.5435433253762e-29,"6","SLC7A5"
2.84468468655277e-33,1.05660574072928,0.723,0.265,5.06581448981317e-29,"6","ITGAM"
3.18857232624458e-33,2.34927363327811,0.423,0.074,5.67820959857635e-29,"6","CD300LB"
4.12477290301113e-33,0.874037996850586,0.926,0.615,7.34539558568223e-29,"6","ID2"
4.12880064598689e-33,2.88162647765136,0.33,0.043,7.35256819037346e-29,"6","SRC"
4.78867729585096e-33,1.15690248764838,0.558,0.194,8.52767652845139e-29,"6","APP"
6.28688824922351e-33,0.80887214760813,0.771,0.35,1.11956905942172e-28,"6","HLA-DMA"
7.09984360678622e-33,1.19845563175179,0.702,0.34,1.26434014949649e-28,"6","IFI6"
7.20199384917187e-33,1.54258437792956,0.469,0.128,1.28253106466053e-28,"6","GM2A"
7.46848946234669e-33,1.38422252903338,0.577,0.192,1.3299886034547e-28,"6","ARL4A"
1.23075281380172e-32,1.11929317214967,0.608,0.215,2.1917246108181e-28,"6","EIF4EBP1"
1.26691333994709e-32,0.39403540817588,1,1,2.25611927577778e-28,"6","MT-CO1"
1.60370983205217e-32,2.24287426322439,0.377,0.068,2.8558864689185e-28,"6","ZEB2-AS1"
1.66713857744492e-32,1.14986673149338,0.549,0.18,2.96884037871391e-28,"6","CD86"
1.8705136376712e-32,4.81238212025552,0.299,0.01,3.33101068596487e-28,"6","SDC4"
1.87934193320878e-32,1.47376688088772,0.534,0.149,3.34673211465819e-28,"6","SLC31A2"
2.27441311456918e-32,0.969505220062641,0.586,0.192,4.0502748744248e-28,"6","CSF1R"
2.53874906618184e-32,1.75180622169421,0.45,0.109,4.52100433705662e-28,"6","SORT1"
4.58252521123544e-32,1.15009448965223,0.604,0.212,8.16056089616808e-28,"6","ATP6V1A"
4.67220751914244e-32,2.77117158341206,0.388,0.048,8.32026715008886e-28,"6","ACVR2A"
5.53347113940857e-32,2.24321325292625,0.314,0.054,9.85400540505877e-28,"6","AC005280.2"
5.67063253100284e-32,1.39904769863874,0.53,0.155,1.00982624112099e-27,"6","DOCK5"
1.49014284496416e-31,1.33778110211564,0.548,0.175,2.65364637831218e-27,"6","C15orf39"
2.92676415045034e-31,1.23503658049019,0.614,0.226,5.21198159912196e-27,"6","TLE3"
3.3615076859278e-31,1.30699336774042,0.433,0.13,5.98617288710023e-27,"6","CHST15"
3.3939092018768e-31,5.7839671700087,0.26,0.005,6.0438735067022e-27,"6","MIR3945HG"
4.5672291501567e-31,1.42794663150516,0.418,0.121,8.13332167059904e-27,"6","TBC1D9"
7.60480388086713e-31,1.18872599389432,0.576,0.19,1.35426347510482e-26,"6","FNDC3B"
1.16584381354982e-30,1.51160477803603,0.459,0.136,2.07613466316953e-26,"6","PHACTR1"
1.29214980351569e-30,3.55786810496721,0.25,0.02,2.30106037010074e-26,"6","CCRL2"
1.37096342711379e-30,1.78332325849392,0.423,0.105,2.44141167100424e-26,"6","LILRB4"
1.84751475801002e-30,1.15229681806204,0.687,0.262,3.29005428106424e-26,"6","SPTLC2"
1.85649269753361e-30,1.39857077621463,0.624,0.237,3.30604219576786e-26,"6","PLIN2"
2.58232110494641e-30,0.630302403279536,0.93,0.523,4.59859742368856e-26,"6","C1orf162"
2.61990171733649e-30,1.19431974685293,0.511,0.168,4.66552097823282e-26,"6","CORO1C"
3.26064542334623e-30,1.71530974225687,0.502,0.155,5.80655736989497e-26,"6","CITED4"
3.915096279871e-30,0.985523250499988,0.777,0.349,6.97200345519427e-26,"6","BIRC3"
4.42223807720659e-30,1.86647938364642,0.392,0.087,7.87512156788949e-26,"6","CLMN"
4.82692825707371e-30,0.879962703023085,0.914,0.494,8.59579384019686e-26,"6","RHOG"
6.25528505560473e-30,1.21129465358073,0.553,0.192,1.11394116270209e-25,"6","SH2B3"
6.55469261949515e-30,0.903121015513498,0.542,0.202,1.1672596616797e-25,"6","BTK"
7.16431018232479e-30,3.52337366683622,0.263,0.019,1.2758203572684e-25,"6","HCAR3"
7.64145340045673e-30,1.29388281252203,0.438,0.13,1.36079002155333e-25,"6","CAMK1"
1.00087347625695e-29,1.66732226320095,0.441,0.118,1.78235548651837e-25,"6","AL034397.3"
1.45280095518518e-29,1.34373496264981,0.737,0.35,2.58714794099377e-25,"6","GADD45B"
1.69730887678723e-29,1.96555256615558,0.396,0.101,3.0225676477827e-25,"6","SLC12A7"
1.8421186529421e-29,0.524724656299111,0.954,0.683,3.2804448971593e-25,"6","PRELID1"
3.03863354493443e-29,1.99084539806875,0.388,0.064,5.41119861681924e-25,"6","MAFF"
3.30726561795448e-29,0.65148746729875,0.627,0.228,5.88957861245334e-25,"6","LRRC25"
4.26098831193742e-29,1.91845203068331,0.357,0.078,7.58796798589815e-25,"6","LRMDA"
4.70664561818191e-29,1.52335943908688,0.481,0.136,8.38159451685835e-25,"6","LPCAT2"
4.9187470030368e-29,3.83962894403656,0.258,0.016,8.75930466300794e-25,"6","PHLDA1"
1.2222443541996e-28,0.773589701874334,0.53,0.186,2.17657274595864e-24,"6","EGR1"
1.60488613169335e-28,1.53564006746338,0.541,0.154,2.85798122331951e-24,"6","PPM1F"
1.69949372194598e-28,1.90625071498474,0.424,0.088,3.0264584200414e-24,"6","STAB1"
2.25034033752099e-28,2.13087156445633,0.363,0.075,4.00740607305738e-24,"6","TRIB1"
2.29785204214959e-28,1.33087577149663,0.487,0.15,4.09201491665999e-24,"6","NAGA"
2.31001803663627e-28,0.690764662506155,0.815,0.413,4.11368011964187e-24,"6","FBXL5"
2.4529683869893e-28,1.19720536212942,0.694,0.248,4.36824610355054e-24,"6","PTGER2"
2.52239974397957e-28,1.02885261081217,0.395,0.137,4.49188946407881e-24,"6","NACC2"
2.93966135063102e-28,1.60051157916319,0.375,0.096,5.23494893320373e-24,"6","ALDH1A1"
3.38938112519751e-28,1.1804734401856,0.469,0.157,6.03580990775172e-24,"6","EVI5"
3.6310991027979e-28,1.43560918149744,0.378,0.105,6.46626128226251e-24,"6","ARHGEF40"
4.48201381273138e-28,2.65591839516655,0.286,0.04,7.98157019771205e-24,"6","SMPDL3A"
6.47378189885807e-28,3.39790273360115,0.257,0.024,1.15285108054865e-23,"6","LRG1"
6.79512842169388e-28,1.56914048409292,0.44,0.117,1.21007646933525e-23,"6","CSF2RB"
1.0578278889817e-27,1.69914295890219,0.386,0.094,1.88377990469862e-23,"6","WDFY3"
1.46915694647822e-27,2.22701337861444,0.306,0.054,2.61627469028841e-23,"6","PADI2"
1.78855856407747e-27,0.62278241263937,0.971,0.552,3.18506509090915e-23,"6","MYO1F"
1.91699230500734e-27,3.86418877683111,0.297,0.025,3.41377989675707e-23,"6","MIR155HG"
2.16844858599645e-27,0.966009836997745,0.851,0.548,3.86157324194249e-23,"6","TMPO"
2.41416159050568e-27,1.69398237195733,0.452,0.122,4.29913896037251e-23,"6","F13A1"
2.55938769747564e-27,0.599037551695553,0.618,0.243,4.55775761166461e-23,"6","LMO2"
2.73725685412362e-27,1.06423167752979,0.484,0.161,4.87450700582335e-23,"6","FES"
2.86040771481032e-27,1.02715642875941,0.575,0.196,5.09381405853421e-23,"6","ENTPD1"
4.60029955151386e-27,2.45753640993121,0.358,0.06,8.19221344133589e-23,"6","SASH1"
5.28597232901528e-27,0.87568012716109,0.728,0.31,9.41325952351041e-23,"6","TET2"
6.29991570743964e-27,1.84326755990992,0.343,0.077,1.12188898918085e-22,"6","INSR"
9.24122496670083e-27,1.10688634917315,0.498,0.175,1.64567734207008e-22,"6","ARID3A"
1.09494713567573e-26,1.37991825626095,0.601,0.235,1.94988185921134e-22,"6","GBP1"
1.17935399863584e-26,1.20076189538059,0.529,0.161,2.1001936007707e-22,"6","TFEC"
1.26374064217692e-26,2.12259939855436,0.273,0.05,2.25046933558866e-22,"6","FCGR1B"
1.31757300243055e-26,1.84274540912153,0.353,0.076,2.34633400272832e-22,"6","LINC00528"
1.56334955862789e-26,1.33337787014813,0.49,0.149,2.78401289400455e-22,"6","ADAP2"
1.60141543298586e-26,0.542638027108097,0.826,0.438,2.85180060306123e-22,"6","PLEKHO1"
2.07214956475975e-26,0.884121833149841,0.656,0.275,3.69008394492416e-22,"6","FOSL2"
2.81069383046026e-26,1.21697601955302,0.458,0.148,5.00528357328364e-22,"6","BMP2K"
3.05761765869257e-26,1.40722198878354,0.471,0.137,5.44500552659973e-22,"6","TTYH3"
3.12785001161906e-26,0.805137681212679,0.565,0.217,5.57007530069122e-22,"6","SCIMP"
3.24955388230787e-26,1.74064245784335,0.382,0.088,5.78680555361386e-22,"6","GLT1D1"
3.58478327884589e-26,1.06195335332074,0.437,0.149,6.38378206296876e-22,"6","CD82"
3.93651654247724e-26,1.60207427597819,0.37,0.094,7.01014865884347e-22,"6","DUSP3"
5.07308777652861e-26,1.46544066861172,0.39,0.1,9.03415471244214e-22,"6","QPCT"
5.86309418597804e-26,1.96212454579854,0.386,0.089,1.04409981263897e-21,"6","SLC16A6"
1.23953581389315e-25,0.593649369555084,0.831,0.469,2.20736537738092e-21,"6","ZNF106"
1.60395574616091e-25,2.33591152804836,0.332,0.06,2.85632439276335e-21,"6","LMNA"
1.9370382727423e-25,1.53338098919368,0.588,0.213,3.44947775609948e-21,"6","AC103591.3"
2.02163489602535e-25,1.02502360112979,0.537,0.206,3.60012742284195e-21,"6","CAMK2D"
2.24515765936665e-25,1.06984654571789,0.496,0.172,3.99817675980013e-21,"6","SPECC1"
4.13435654513805e-25,1.13566801434789,0.682,0.264,7.36246213558183e-21,"6","DIAPH2"
4.73629181505834e-25,0.919864106322865,0.598,0.244,8.43438846425589e-21,"6","CPEB4"
5.52670341221917e-25,1.39576726376271,0.4,0.114,9.8419534364799e-21,"6","HK3"
5.74368507049478e-25,1.33723917979733,0.411,0.124,1.02283543735371e-20,"6","LTBR"
7.45597667259295e-25,1.19162278277769,0.484,0.159,1.32776032585535e-20,"6","ROGDI"
9.03468863196932e-25,1.65671047007601,0.366,0.094,1.6088973515811e-20,"6","CNTLN"
1.42864534928853e-24,1.17754209892933,0.479,0.175,2.54413163801301e-20,"6","IFI44"
1.54528817093416e-24,1.40752434371834,0.467,0.132,2.75184917479956e-20,"6","MGST2"
2.22307230877796e-24,0.898974859399862,0.463,0.177,3.95884716747179e-20,"6","ZSWIM6"
2.25801226547088e-24,0.661104116707938,0.462,0.176,4.02106824235055e-20,"6","HMOX1"
2.84301188160095e-24,0.818350334307715,0.675,0.281,5.06283555875498e-20,"6","SULF2"
2.95446349346202e-24,0.805501939015031,0.868,0.47,5.26130858915716e-20,"6","RNH1"
3.89139263615414e-24,1.24004752820711,0.484,0.16,6.92979200646329e-20,"6","MSRB2"
4.08177861841427e-24,1.96976416492496,0.272,0.053,7.26883136367213e-20,"6","VENTX"
5.04812134633636e-24,1.01800926984653,0.559,0.201,8.98969449355579e-20,"6","MSRB1"
6.84200494351161e-24,0.929833882175972,0.838,0.425,1.21842424034055e-19,"6","TPM4"
7.05886218408869e-24,0.75337212872525,0.779,0.371,1.25704217774251e-19,"6","ATG3"
7.56226412731348e-24,1.0621623030479,0.521,0.19,1.34668799579198e-19,"6","GAPT"
7.61880645380583e-24,0.988235366581725,0.563,0.205,1.35675705329374e-19,"6","KIAA0930"
9.63455791616383e-24,1.21751810362538,0.576,0.227,1.71572207371045e-19,"6","IRS2"
9.78533420662657e-24,1.35021621205797,0.472,0.141,1.74257231551606e-19,"6","MEFV"
1.14660980322183e-23,1.1543408920172,0.427,0.137,2.04188273757743e-19,"6","PLCB1"
1.19286767833935e-23,1.12331769162318,0.373,0.126,2.12425876158671e-19,"6","ATP6V0A1"
1.49586052051555e-23,0.950192479325326,0.667,0.286,2.6638284149341e-19,"6","ASAP1"
1.78898008092865e-23,1.83972589175226,0.284,0.063,3.18581572811774e-19,"6","CYP27A1"
1.93977535293562e-23,0.698394610865675,0.555,0.238,3.45435194850775e-19,"6","FKBP15"
2.64616542993012e-23,0.873064809549886,0.545,0.224,4.71229139761955e-19,"6","SGK3"
4.02267459531537e-23,1.57309818612291,0.284,0.072,7.16357891933761e-19,"6","F5"
5.11769117566076e-23,0.657637626732281,0.674,0.338,9.11358444561667e-19,"6","CDC42EP3"
6.24022608590482e-23,0.946360253598643,0.546,0.224,1.11125946137793e-18,"6","IRF8"
8.8854705778119e-23,1.75181474147823,0.328,0.07,1.58232460049674e-18,"6","NRG1"
1.09534366461847e-22,0.355556403252228,0.989,0.861,1.95058799795257e-18,"6","CALM2"
1.14125673016801e-22,1.49816276341904,0.375,0.104,2.0323499850832e-18,"6","DAPK1"
1.78193240384412e-22,0.571997378181802,0.455,0.163,3.1732652247656e-18,"6","SMIM25"
1.88680800878273e-22,1.42537182668755,0.322,0.09,3.36002770204029e-18,"6","MTMR11"
2.30873577072183e-22,1.1608935594019,0.379,0.124,4.11139666050143e-18,"6","CR1"
2.31824958624299e-22,0.734231624342687,0.451,0.176,4.12833886318152e-18,"6","KLF4"
2.91759292527632e-22,0.505348174088467,0.726,0.325,5.19564948133206e-18,"6","HLA-DMB"
3.52017294453118e-22,1.05816485480239,0.408,0.143,6.26872397962113e-18,"6","DOK3"
3.53514859977931e-22,1.02718374319353,0.568,0.215,6.29539262648699e-18,"6","ACSL4"
3.57361078488496e-22,1.35215113796619,0.388,0.116,6.36388608572314e-18,"6","NPL"
3.95703323747775e-22,1.46410098314942,0.389,0.107,7.04668478930038e-18,"6","FNIP2"
4.57271433579519e-22,0.87718487791405,0.485,0.186,8.14308968918407e-18,"6","NUDT16"
6.41153105947548e-22,1.23199946732712,0.509,0.2,1.14176545107139e-17,"6","APOL3"
6.54129878705545e-22,0.691144587415702,0.726,0.407,1.16487448799884e-17,"6","STAT1"
8.25613071944798e-22,1.01628913219919,0.491,0.197,1.4702517585193e-17,"6","IFI44L"
1.01034194704991e-21,0.54055557970974,0.677,0.345,1.79921693930648e-17,"6","TMEM154"
1.69603446768911e-21,0.711842557974759,0.457,0.183,3.02029818006077e-17,"6","TESC"
1.74185342613115e-21,1.23490977892767,0.545,0.231,3.10189258125435e-17,"6","PTGER4"
1.91909416148125e-21,0.70567490638562,0.734,0.356,3.41752288276581e-17,"6","RNF13"
2.35111779359064e-21,1.327692954026,0.422,0.13,4.18687056682622e-17,"6","SESTD1"
2.79132227627497e-21,0.595527627736834,0.483,0.211,4.97078670959046e-17,"6","METTL7A"
2.8896252754376e-21,1.635827389174,0.323,0.081,5.14584469049927e-17,"6","CD300C"
3.21878785750641e-21,1.61010945332717,0.367,0.103,5.73201741664742e-17,"6","TNFSF8"
4.01816086424741e-21,1.18576593958186,0.483,0.135,7.15554086705179e-17,"6","TCF7L2"
4.29934670038289e-21,1.52010992551522,0.287,0.069,7.65627660404186e-17,"6","DUSP5"
7.37997000681172e-21,0.905934246719306,0.709,0.312,1.31422505881303e-16,"6","BAZ2B"
8.84061608221072e-21,1.23864046265557,0.325,0.102,1.57433691192008e-16,"6","P2RX7"
9.14824460551643e-21,1.40636335356895,0.359,0.099,1.62911939935037e-16,"6","LILRA6"
1.07597096648937e-20,1.17983781555424,0.376,0.116,1.91608909712426e-16,"6","SIGLEC10"
1.26795993703372e-20,0.508278808488174,0.441,0.201,2.25798305586966e-16,"6","OAS1"
1.9478207299004e-20,1.81100037541056,0.269,0.058,3.46867915580663e-16,"6","FOLR3"
2.01502261797998e-20,1.04054232688776,0.402,0.142,3.58835227809876e-16,"6","SRGAP2B"
2.29614285999439e-20,0.851348227641768,0.481,0.195,4.08897120507801e-16,"6","HRH2"
3.67411349868788e-20,0.826459423898919,0.371,0.148,6.54286131846337e-16,"6","ACER3"
4.22274069298217e-20,1.00365069062149,0.554,0.214,7.51985662606265e-16,"6","MDM2"
4.4475935748007e-20,1.93026066340267,0.345,0.08,7.92027463800509e-16,"6","RHOU"
5.43649933856109e-20,0.666858845488389,0.568,0.276,9.68131802210958e-16,"6","STAT2"
5.74324266353886e-20,1.13331073764848,0.342,0.112,1.022756653523e-15,"6","FRMD4B"
9.36989022573795e-20,1.73674859881377,0.363,0.087,1.66859005139941e-15,"6","TRAF1"
1.33976748147918e-19,1.5199853195741,0.327,0.101,2.38585793101812e-15,"6","OAS3"
1.81673525367064e-19,1.4628155043699,0.464,0.178,3.23524213973668e-15,"6","SOX4"
2.19576247959514e-19,1.23104908765271,0.433,0.145,3.91021382366303e-15,"6","PEA15"
2.95150085148522e-19,0.813777494757348,0.411,0.17,5.25603271632488e-15,"6","MID1IP1"
3.35963579751572e-19,1.06742358167901,0.403,0.129,5.982839428216e-15,"6","GPBAR1"
4.292957407573e-19,0.735522027558223,0.59,0.246,7.64489855140599e-15,"6","MAPKAPK3"
4.55256463849624e-19,0.64531978786347,0.375,0.166,8.10720710823411e-15,"6","ABHD5"
4.61900556830532e-19,1.3620108890342,0.279,0.083,8.22552511603812e-15,"6","TLR5"
4.98318832612679e-19,0.710798120826782,0.534,0.246,8.87406177116659e-15,"6","MARCKSL1"
5.15672240300371e-19,1.20394253110299,0.392,0.125,9.18309125526901e-15,"6","ALDH3B1"
7.74689976800778e-19,0.81070692746452,0.515,0.204,1.37956791068683e-14,"6","APOBR"
9.7205054406906e-19,0.989569801774892,0.54,0.214,1.73102760887818e-14,"6","LIPA"
3.74048912649125e-18,0.655157275013682,0.716,0.348,6.66106303645561e-14,"6","RAB10"
5.93421593087873e-18,1.03070456188701,0.566,0.273,1.05676517297088e-13,"6","MX1"
6.39134901882187e-18,0.813833416503849,0.477,0.18,1.1381714332718e-13,"6","RGS18"
6.59551164912839e-18,0.52457507282593,0.734,0.389,1.17452871447678e-13,"6","LIMS1"
6.7915564083305e-18,1.26551093510414,0.261,0.081,1.2094403651955e-13,"6","ADAMTSL4"
7.33450520243119e-18,1.31091698838618,0.485,0.159,1.30612868644895e-13,"6","RUFY3"
1.10222491244422e-17,1.25783066035646,0.413,0.159,1.96284212408067e-13,"6","TWISTNB"
1.28922353352877e-17,0.548842446364145,0.316,0.121,2.29584926850804e-13,"6","ARHGAP24"
1.72465271342636e-17,1.5410274370512,0.353,0.09,3.07126155206967e-13,"6","PDE4A"
1.96865979420755e-17,1.43849600031357,0.462,0.145,3.50578936152481e-13,"6","EHD4"
2.34140023500723e-17,0.519523809524404,0.726,0.393,4.16956553850087e-13,"6","HIST2H2AC"
3.6179353930637e-17,0.79165817244428,0.376,0.159,6.44281934796784e-13,"6","SAP30"
5.9324361085891e-17,0.973948109557782,0.437,0.163,1.05644822221755e-12,"6","KDM1B"
6.23183089148887e-17,1.88390819918728,0.293,0.063,1.10976444515634e-12,"6","RBBP8"
6.24336862676585e-17,1.3373393318396,0.257,0.075,1.11181908505446e-12,"6","RTN1"
6.8526393060668e-17,1.23309332323226,0.307,0.094,1.22031800762438e-12,"6","HPSE"
7.22488311488453e-17,0.735849858116916,0.896,0.712,1.28660718509864e-12,"6","H1FX"
7.2841988661551e-17,1.23334046098507,0.291,0.096,1.2971701340849e-12,"6","ITPRIPL2"
1.00555531808416e-16,0.729524230245342,0.466,0.191,1.79069291044428e-12,"6","FGD2"
1.07962791934121e-16,1.1991457502331,0.301,0.094,1.92260139876283e-12,"6","TSPAN4"
1.55182282292839e-16,0.600168220175407,0.709,0.354,2.76348608307087e-12,"6","MGAT1"
5.73341081973707e-16,0.50098690173145,0.474,0.191,1.02100579877878e-11,"6","SWAP70"
7.86629893666184e-16,1.8090150857819,0.31,0.075,1.40083051464074e-11,"6","LINC01678"
8.96871270489254e-16,0.656061941610658,0.734,0.36,1.59714835848726e-11,"6","TRIM8"
1.10101747318154e-15,0.765396439119616,0.594,0.316,1.96069191624169e-11,"6","MX2"
1.23071902741574e-15,1.67583302264092,0.294,0.075,2.19166444402196e-11,"6","DST"
1.48644284328306e-15,1.37756853574705,0.363,0.116,2.64705741531848e-11,"6","ZBTB10"
1.80565764989915e-15,0.53866476538703,0.517,0.225,3.2155151429404e-11,"6","MTSS1"
1.8525027748419e-15,0.445960643787522,0.655,0.31,3.29893694143846e-11,"6","NAGK"
1.90110620695442e-15,0.657945240152343,0.507,0.224,3.38548993334443e-11,"6","JAK2"
1.94530883866296e-15,1.42771196776683,0.289,0.082,3.464205979891e-11,"6","HK2"
1.98586337570888e-15,1.06596943636316,0.486,0.167,3.53642549946237e-11,"6","GAA"
6.89167085385066e-15,0.638246475187203,0.507,0.227,1.22726874565373e-10,"6","C20orf27"
8.47759587405464e-15,1.1605237692897,0.268,0.088,1.50969027325165e-10,"6","MYOF"
9.31973045919386e-15,0.735357559609807,0.474,0.202,1.65965760017324e-10,"6","RARA"
9.32353188714605e-15,1.03673526580114,0.341,0.15,1.66033455846297e-10,"6","INSIG1"
1.41663284023621e-14,1.07372849634038,0.346,0.121,2.52273976189265e-10,"6","RNF24"
1.6614033003422e-14,0.796411469349279,0.259,0.1,2.95862699724939e-10,"6","LINC00937"
1.81592683742247e-14,0.405292082673159,0.807,0.5,3.23380251208193e-10,"6","WSB1"
2.51904376353538e-14,1.52301897168816,0.31,0.088,4.4859131341038e-10,"6","H1F0"
2.76669341353011e-14,0.470070424899902,0.386,0.197,4.92692763081441e-10,"6","HSPA1A"
3.25319408675227e-14,0.320489825310324,0.839,0.447,5.79328802968844e-10,"6","DUSP2"
4.81909095437507e-14,0.675535522341998,0.791,0.468,8.58183717155112e-10,"6","PARP14"
5.9637031466438e-14,0.481758849845377,0.752,0.4,1.06201625635433e-09,"6","RNF149"
6.39253208550488e-14,0.980097961779662,0.526,0.193,1.13838211378671e-09,"6","BHLHE40"
7.27187551341806e-14,0.330950374699243,0.339,0.17,1.29497559142949e-09,"6","P2RY13"
7.33335718299118e-14,1.6515221254721,0.251,0.06,1.30592424714707e-09,"6","MCEMP1"
9.95669780892474e-14,0.326787693362478,0.585,0.308,1.77308874581332e-09,"6","PHACTR2"
1.28406116502556e-13,0.622221783291944,0.493,0.212,2.28665612267751e-09,"6","SLC16A3"
1.35431157690862e-13,1.28521067806957,0.279,0.088,2.41175805615887e-09,"6","ATF5"
1.60443066925018e-13,0.564596097951925,0.505,0.233,2.85717013580073e-09,"6","FAM129A"
2.08713081575099e-13,0.59219697235889,0.69,0.429,3.71676255668937e-09,"6","SLC2A3"
2.10872471324474e-13,0.668692443545326,0.341,0.109,3.75521696934623e-09,"6","SYNGR1"
2.17226027495143e-13,0.405685960875494,0.956,0.694,3.8683610976335e-09,"6","SAMHD1"
3.10403576823113e-13,1.23940750269747,0.28,0.087,5.527666896066e-09,"6","GZF1"
3.89130415496734e-13,0.803254180708882,0.281,0.101,6.92963443916584e-09,"6","SIGLEC7"
4.15725835973076e-13,0.438150567883305,0.479,0.234,7.40324568700853e-09,"6","SCLT1"
4.63021283958855e-13,0.721162891987233,0.324,0.127,8.24548302473928e-09,"6","GSN"
5.638589516373e-13,1.50712563478728,0.297,0.079,1.0041200210757e-08,"6","S100Z"
6.41890913507211e-13,0.964227647275654,0.293,0.108,1.14307933877364e-08,"6","PADI4"
6.7370621310125e-13,0.479673304818244,0.705,0.37,1.19973602429071e-08,"6","RAB11FIP1"
1.27317660531901e-12,0.730715259532099,0.51,0.226,2.2672728987521e-08,"6","GABARAPL1"
1.80943093082397e-12,0.852451999920008,0.335,0.129,3.22223460161132e-08,"6","IRF5"
1.85834991294354e-12,0.729570833932387,0.356,0.143,3.30934952496985e-08,"6","RAB3D"
4.71825458212588e-12,0.31176122234587,0.916,0.642,8.40226775984976e-08,"6","CSTB"
4.98838436291751e-12,1.01888439335473,0.295,0.106,8.88331487348351e-08,"6","CRYBG3"
6.98227201600753e-12,0.75916851529407,0.303,0.125,1.24340300061062e-07,"6","FUCA1"
8.98738953678233e-12,0.716096550345388,0.319,0.139,1.6004743287102e-07,"6","DHX57"
1.09603129196174e-11,0.562792689424526,0.285,0.133,1.95181252472546e-07,"6","LMNB1"
1.17929560382067e-11,0.348341869636502,0.285,0.104,2.10008961128385e-07,"6","RETN"
1.82210171830952e-11,0.346950695105555,0.464,0.216,3.2447987399656e-07,"6","CTBP2"
4.80578526350876e-11,0.516141056176644,0.714,0.4,8.5581423972564e-07,"6","TUBB"
5.19596975946692e-11,0.327527582659934,0.465,0.247,9.2529829476587e-07,"6","LFNG"
6.99999943341083e-11,1.38990937138632,0.277,0.08,1.2465598991018e-06,"6","SIGLEC14"
9.8198203609539e-11,0.828242520354974,0.472,0.189,1.74871360987867e-06,"6","SCARB2"
1.01658387507931e-10,0.716345749795334,0.356,0.154,1.81033256474124e-06,"6","KCNK6"
1.1018623634324e-10,0.579028472161391,0.551,0.256,1.96219649680042e-06,"6","PRDM1"
1.12724979959862e-10,0.542066832032901,0.25,0.114,2.00740644312523e-06,"6","RPGR"
1.32587854301495e-10,0.431420757029443,0.599,0.308,2.36112450940103e-06,"6","SEC14L1"
1.66987531751262e-10,0.623029218874634,0.62,0.322,2.97371396542648e-06,"6","CHMP1B"
2.87080706851449e-10,0.782217559653029,0.273,0.116,5.1123332276106e-06,"6","CHML"
4.17531960004866e-10,0.526155215449698,0.37,0.175,7.43540914376665e-06,"6","TIAM1"
1.23365377055098e-09,0.41679967338501,0.463,0.241,2.19689063459718e-05,"6","IFRD1"
1.26022244841834e-09,0.814363100581912,0.381,0.146,2.24420413614339e-05,"6","CD300LF"
2.98846217041469e-09,0.39353419642368,0.468,0.253,5.32185343307448e-05,"6","EPSTI1"
3.42545303140978e-09,0.403230433257225,0.411,0.207,6.10004675833454e-05,"6","APAF1"
5.00835424577571e-09,0.501144651394838,0.485,0.235,8.91887724087739e-05,"6","IL6R"
6.78074155249371e-09,0.611558867244875,0.414,0.212,0.000120751445566808,"6","OAS2"
1.10940016709674e-08,0.299955241682837,0.326,0.155,0.000197561981756588,"6","MIR4435-2HG"
1.60260526667624e-08,0.572444834736554,0.291,0.126,0.000285391945889704,"6","ARHGAP18"
2.35163211202729e-08,0.777895962273039,0.301,0.125,0.000418778646509819,"6","MOSPD2"
2.58993555343546e-08,0.522890008094838,0.409,0.196,0.000461215723355787,"6","IRF7"
7.96663185020327e-08,0.513897366559301,0.371,0.178,0.0014186977998842,"6","TRPS1"
1.77537094930002e-07,0.285309665492842,0.486,0.249,0.00316158058651348,"6","SMIM14"
2.74652346500582e-07,0.438152722245569,0.392,0.177,0.00489100898648236,"6","RRAS"
5.07354477251118e-07,0.342731999937748,0.394,0.224,0.00903496853088791,"6","SLC20A1"
5.88499884608383e-07,0.555602090137197,0.283,0.116,0.0104800059451061,"6","HAVCR2"
6.398506194673e-07,0.369377029806384,0.571,0.355,0.0113944598314737,"6","EIF2AK2"
8.19018940948858e-07,0.354463834616128,0.471,0.273,0.0145850893004173,"6","RFLNB"
9.69023298941495e-07,0.863437990299108,0.26,0.095,0.0172563669075501,"6","GOLIM4"
1.69494949939483e-06,0.440849470388504,0.382,0.179,0.0301836606852232,"6","CIITA"
4.03412800482966e-06,0.761859920047403,0.295,0.132,0.0718397515100065,"6","TIPARP"
4.74866649891556e-06,0.432961094189996,0.25,0.12,0.0845642530126882,"6","HDAC9"
5.56163153405331e-06,0.26938888184361,0.465,0.218,0.0990415343584213,"6","CXXC5"
1.63031585782132e-05,0.43346458800442,0.376,0.228,0.290326647960821,"6","CITED2"
0.000229060333307707,0.700585297921761,0.636,0.431,1,"6","ISG15"
0.00906366247541817,0.300693537342202,0.717,0.535,1,"6","MT2A"
1.3970660523712e-179,6.71527904038947,0.982,0.027,2.48789522606263e-175,"7","IGHD"
9.1619807733486e-176,5.56865441964765,0.999,0.11,1.63156553611792e-171,"7","IGHM"
4.69309378615568e-169,8.06056622329931,0.933,0.015,8.35746141438604e-165,"7","TCL1A"
1.57603476671618e-167,4.72637158234831,0.99,0.07,2.80660271256817e-163,"7","CD79A"
2.44707549576258e-158,4.34072205532212,0.989,0.073,4.357752042854e-154,"7","MS4A1"
2.82865020375151e-146,2.40230400358528,1,0.738,5.03726028284068e-142,"7","CD74"
1.49476809837399e-143,3.99913755258724,0.953,0.166,2.6618830295844e-139,"7","CD79B"
2.0859053946663e-142,3.92364048772779,0.935,0.13,3.71458032682174e-138,"7","RALGPS2"
1.87362541070296e-138,4.08712025607491,0.928,0.065,3.33655213137983e-134,"7","BANK1"
8.1279061684574e-134,4.90978827696201,0.842,0.05,1.44741753047889e-129,"7","LINC00926"
4.88659168743859e-123,5.11259829943878,0.779,0.04,8.70204247699065e-119,"7","CD22"
2.47551685226634e-122,2.92844893637169,0.937,0.219,4.4084004105159e-118,"7","HLA-DQA1"
1.27941399889784e-118,2.12060203445846,0.996,0.581,2.27838044923727e-114,"7","HLA-DPB1"
4.05777559834644e-118,2.16304374198598,1,0.562,7.22608678553534e-114,"7","HLA-DRA"
1.47503289724683e-117,4.33727524595616,0.821,0.059,2.62673858341715e-113,"7","TNFRSF13C"
8.31083393230604e-114,3.04922692759487,0.913,0.304,1.47999330666506e-109,"7","MEF2C"
1.80296877825954e-110,2.06638928569131,0.99,0.717,3.21072680032459e-106,"7","CXCR4"
5.4313673798921e-110,2.26686034035554,0.982,0.404,9.67217903011184e-106,"7","HLA-DQB1"
1.60589500953933e-108,4.66877259294884,0.747,0.06,2.85977783298764e-104,"7","AFF3"
1.98485518825826e-105,4.30133298701205,0.753,0.102,3.53463011925032e-101,"7","PLPP5"
7.07502607783939e-104,6.04351763674321,0.67,0.02,1.25992064394164e-99,"7","FCER2"
2.28502571080329e-97,1.79812245169603,0.997,0.547,4.0691737857985e-93,"7","HLA-DPA1"
9.58786088531618e-97,4.90824529579819,0.747,0.033,1.70740626645711e-92,"7","VPREB3"
1.77148034409567e-95,1.84175897199703,0.992,0.518,3.15465219676556e-91,"7","HLA-DRB1"
2.19715979132356e-92,3.61633173678599,0.743,0.137,3.91270215638899e-88,"7","BCL11A"
3.45836837982301e-92,5.78140834019339,0.64,0.021,6.15866241078881e-88,"7","FCRL1"
1.59971534776082e-86,4.77420731530133,0.536,0.03,2.84877309129248e-82,"7","HLA-DOB"
1.80086312420886e-83,4.21957927072449,0.81,0.352,3.20697705159113e-79,"7","IGKC"
1.47731814863422e-82,2.2454585702033,0.865,0.319,2.63080815908782e-78,"7","HLA-DMB"
2.80667266731911e-82,5.05434371031624,0.641,0.029,4.99812268596188e-78,"7","PAX5"
3.05159755092499e-82,2.96059333695893,0.707,0.206,5.43428491868723e-78,"7","HVCN1"
1.74195324787943e-81,4.97107452631294,0.592,0.036,3.10207034382369e-77,"7","BCL7A"
2.4723279904411e-81,3.47806464252388,0.706,0.194,4.40272168537751e-77,"7","IL4R"
1.25489697139434e-80,5.05148436980349,0.612,0.029,2.23472052665904e-76,"7","FAM129C"
4.32704818366777e-75,3.10917148449616,0.736,0.178,7.70560740547557e-71,"7","SWAP70"
4.69696816464879e-73,3.40222912779587,0.639,0.107,8.36436090760656e-69,"7","STRBP"
1.77176826530784e-69,4.10179645779602,0.618,0.069,3.15516492686021e-65,"7","ADAM28"
5.68069183438474e-66,6.03270737547571,0.491,0.013,1.01161760186723e-61,"7","TSPAN13"
2.37183703757426e-65,1.91225324271788,0.84,0.348,4.22376739651224e-61,"7","HLA-DMA"
2.60684152187329e-65,2.41396740243999,0.78,0.324,4.64226338215196e-61,"7","STX7"
2.19927652406908e-61,3.95091530584953,0.589,0.058,3.91647163406221e-57,"7","P2RX5"
7.55253805182088e-61,5.26638323726199,0.502,0.02,1.34495597626826e-56,"7","LINC02397"
3.11807535571855e-60,1.8523417592586,0.794,0.328,5.5526685934636e-56,"7","MARCH1"
4.45011674604657e-60,1.58746957937716,0.887,0.362,7.92476790135973e-56,"7","HLA-DRB5"
5.09435479123236e-59,2.59630025538737,0.679,0.218,9.07202701222658e-55,"7","IRF8"
6.57500672051765e-57,3.92630024110006,0.536,0.057,1.17087719678978e-52,"7","CDCA7L"
1.06854167567705e-56,4.87370188312425,0.464,0.026,1.90285901604568e-52,"7","CD72"
8.57277021297426e-56,4.07515600441465,0.598,0.175,1.52663891952646e-51,"7","IGLC2"
9.8900030844596e-56,6.31436727472049,0.418,0.007,1.76121174928056e-51,"7","PCDH9"
2.02524081033785e-55,2.25236881033864,0.789,0.349,3.60654883504964e-51,"7","BIRC3"
5.20451496860335e-55,3.03320036609235,0.493,0.094,9.26820025608885e-51,"7","BACH2"
5.76938559029427e-55,5.11948116113979,0.467,0.017,1.0274121859196e-50,"7","FCRL5"
4.6153940668829e-53,2.94096187146929,0.606,0.128,8.21909375430508e-49,"7","TCF4"
7.7876029227064e-53,3.31127765518687,0.496,0.065,1.38681632847556e-48,"7","PDLIM1"
3.33328830710741e-52,3.5378245190915,0.476,0.041,5.93591981729688e-48,"7","BLK"
1.49534226550978e-50,3.57399508489521,0.518,0.081,2.66290550641982e-46,"7","CD40"
1.76226143736475e-49,3.97587713409319,0.436,0.032,3.13823516765914e-45,"7","COBLL1"
1.82767241201309e-48,4.24641166750359,0.41,0.025,3.25471903131292e-44,"7","FAM30A"
3.40227225795059e-48,6.37062335246972,0.375,0.007,6.05876643695841e-44,"7","COL19A1"
8.74870736501595e-48,4.44246327565089,0.405,0.027,1.55796980756204e-43,"7","BLNK"
5.16612194883878e-46,2.84783967624567,0.55,0.109,9.1998299664921e-42,"7","TPD52"
1.20601664465487e-45,4.83841348363485,0.377,0.02,2.14767444080139e-41,"7","SNX22"
2.30900924448177e-44,3.14792826410946,0.567,0.137,4.11188366257313e-40,"7","EAF2"
1.56473114537093e-43,2.8581720241987,0.476,0.113,2.78647322367655e-39,"7","ARHGAP24"
7.81589744543854e-42,3.57235282208931,0.453,0.055,1.3918550170837e-37,"7","GNG7"
9.04045549220583e-41,1.79020271003145,0.703,0.366,1.60992431405201e-36,"7","YBX3"
2.2687462176051e-40,4.65973058685202,0.386,0.02,4.04018326431117e-36,"7","FCRLA"
2.49894899718597e-40,4.67315354599368,0.344,0.018,4.45012837418878e-36,"7","CD19"
4.96936616318433e-39,3.72945475018701,0.396,0.043,8.84944726339865e-35,"7","RAB30"
6.26088791338502e-39,4.38406562761627,0.338,0.019,1.1149389196156e-34,"7","FCRL2"
2.47357527702857e-38,0.97127205774711,0.986,0.703,4.40494285333248e-34,"7","LTB"
9.35193666461416e-38,1.42939740836794,0.799,0.476,1.66539288123449e-33,"7","JUN"
1.68010959250979e-37,1.69135334946935,0.724,0.418,2.99193916234143e-33,"7","GABPB1-AS1"
1.11009605800056e-36,0.991093952101364,0.833,0.443,1.97685906008739e-32,"7","NCF1"
1.95468076555216e-36,4.28487895189742,0.32,0.021,3.48089550729529e-32,"7","EBF1"
2.31839646967443e-36,2.72617076609613,0.458,0.101,4.12860043319622e-32,"7","SEL1L3"
2.61885148340271e-36,4.3313409910441,0.383,0.028,4.66365072164354e-32,"7","PKIG"
2.98033006736271e-36,4.27891817544183,0.327,0.023,5.30737178395952e-32,"7","STAP1"
5.36363776343015e-36,2.64021801989365,0.399,0.079,9.55156612911641e-32,"7","FCRL3"
4.1865305296415e-35,4.14485611831983,0.415,0.08,7.45537356718559e-31,"7","IGLC3"
7.5006756106143e-35,2.4619143730759,0.489,0.162,1.33572031273819e-30,"7","IFT57"
2.70682425005968e-34,6.07213464385238,0.27,0.005,4.82031262450628e-30,"7","CD200"
5.34634069326007e-34,3.57046647473089,0.303,0.029,9.52076350655754e-30,"7","POU2AF1"
1.20600980742664e-33,1.24961504920443,0.675,0.334,2.14766226506535e-29,"7","IKZF3"
2.38494700016159e-33,1.92254729058491,0.584,0.252,4.24711361788776e-29,"7","ORAI2"
9.95711245693879e-33,6.51153411744336,0.281,0.005,1.77316258633166e-28,"7","MACROD2"
4.88875001552114e-32,3.80266132197808,0.309,0.031,8.70588602764005e-28,"7","MZB1"
6.04391591209288e-32,1.07473051103093,0.838,0.576,1.0763005456255e-27,"7","REL"
1.83171827253465e-31,3.68504534576401,0.297,0.037,3.2619238997297e-27,"7","HLA-DOA"
3.09162069821609e-31,3.75074201331254,0.387,0.035,5.5055581393832e-27,"7","SPIB"
3.57741327637831e-31,2.07424330248224,0.536,0.206,6.37065756257449e-27,"7","AC025164.1"
4.54091557689946e-31,4.02703792864108,0.343,0.024,8.08646245934257e-27,"7","CD24"
1.07189408393811e-30,4.11043923026477,0.287,0.024,1.90882898467699e-26,"7","PNOC"
1.080234949461e-30,3.96687078178554,0.281,0.023,1.92368239800015e-26,"7","PAWR"
1.14715506335801e-30,1.65017263994729,0.509,0.217,2.04285373682794e-26,"7","CXXC5"
1.97341552047656e-30,2.49868294920952,0.408,0.096,3.51425835886466e-26,"7","TMEM156"
3.30919995015671e-30,8.49780401027752,0.251,0.001,5.89302327123907e-26,"7","AL139020.1"
3.39828465461025e-28,2.30491957337245,0.508,0.173,6.05166531292994e-24,"7","CIITA"
3.58725601691345e-26,1.2877928411012,0.713,0.473,6.38818551491948e-22,"7","PARP14"
1.24582322737382e-25,1.97121280714035,0.475,0.194,2.2185620033073e-21,"7","GAPT"
1.6702575942392e-25,4.0552241397145,0.258,0.021,2.97439472382117e-21,"7","RASGRP3"
1.72935393199896e-25,1.79263581238301,0.379,0.162,3.07963348210375e-21,"7","CALHM6"
3.30279434929677e-25,0.796604048636992,0.775,0.511,5.8816161772277e-21,"7","POU2F2"
4.08917780052258e-24,1.83993294420779,0.468,0.207,7.28200782717061e-20,"7","BTK"
8.16989010407011e-23,1.9625557394417,0.503,0.208,1.4548940297328e-18,"7","CAMK2D"
1.05685597104483e-22,1.86725773087789,0.509,0.248,1.88204911323664e-18,"7","SMIM14"
1.82010353891234e-22,2.32833910676145,0.272,0.072,3.24124038209509e-18,"7","HLA-DQA2"
2.04467006824554e-22,2.55246650057144,0.281,0.079,3.64114845753165e-18,"7","EPB41L2"
2.51205838535242e-22,3.02290662504809,0.275,0.041,4.47347357263558e-18,"7","OSBPL10"
2.15101708637038e-21,2.28445254060548,0.387,0.142,3.83053122740837e-17,"7","TP53INP1"
7.62774462127876e-21,1.11749446201919,0.571,0.318,1.35834876215732e-16,"7","PDE4B"
7.57743277348989e-20,2.72671732932198,0.253,0.055,1.34938922830308e-15,"7","FCGR2B"
1.05159254128213e-19,1.91838194571828,0.42,0.14,1.87267599751522e-15,"7","CHD7"
2.30488982750018e-19,2.11484219720057,0.447,0.167,4.10454780481233e-15,"7","HHEX"
6.78736587254652e-19,1.67021089631416,0.5,0.213,1.20869411458308e-14,"7","SP140"
1.00898690251118e-18,1.86657734541824,0.482,0.216,1.79680387599191e-14,"7","PLEKHF2"
2.24576520848613e-18,1.59524537812446,0.382,0.171,3.9992586832721e-14,"7","CCDC50"
1.02737038999622e-16,1.24758025971952,0.576,0.305,1.82954119050527e-12,"7","ARID5B"
2.31595592579225e-16,0.81409751260712,0.493,0.232,4.12425431265083e-12,"7","CD83"
2.69304667344737e-16,1.47805153319888,0.494,0.227,4.79577751607507e-12,"7","MTSS1"
1.16279567680578e-15,2.50420487751335,0.271,0.057,2.07070654125574e-11,"7","TLE1"
2.20707827692244e-15,1.31566482266294,0.403,0.236,3.93036499554348e-11,"7","DAPP1"
1.14736632452173e-14,1.07528936313595,0.707,0.448,2.04322995070831e-10,"7","CD69"
1.19424504515664e-14,1.82280432263502,0.348,0.145,2.12671157641494e-10,"7","SMC6"
1.02739881269255e-12,1.45906563807709,0.402,0.193,1.82959180564289e-08,"7","BASP1"
1.14650926662743e-12,1.8373620760724,0.275,0.119,2.04170370201013e-08,"7","HDAC9"
1.88427053321183e-12,1.18290773147505,0.33,0.199,3.35550896554363e-08,"7","FGD2"
2.1274141825764e-12,0.703652986268669,0.597,0.455,3.78849917633205e-08,"7","HIST1H1C"
3.63323003337683e-12,1.81636440419265,0.343,0.143,6.47005604343745e-08,"7","PHACTR1"
1.31481398039061e-11,2.01969056380404,0.309,0.085,2.3414207362796e-07,"7","JCHAIN"
2.26894269880167e-11,0.894233575696136,0.496,0.3,4.04053315802601e-07,"7","LY86"
2.04655206584007e-10,0.31729443508616,0.798,0.685,3.644499918848e-06,"7","PLAC8"
5.76128287430425e-10,1.6775121886598,0.28,0.138,1.0259692542561e-05,"7","SESTD1"
3.66043700270309e-09,0.646506509921798,0.6,0.487,6.51850621441366e-05,"7","HIST1H4C"
8.10419361487287e-09,0.338552139565851,0.631,0.426,0.000144319479893656,"7","LYN"
1.17595657867627e-07,0.659577923530264,0.457,0.357,0.00209414347530669,"7","TMEM154"
2.46972289189297e-07,1.1934499539528,0.323,0.207,0.00439808252588301,"7","LYL1"
5.05450441473667e-07,0.508820302701239,0.592,0.492,0.00900106146176307,"7","MIS18BP1"
6.34346097097746e-07,0.68761078585556,0.586,0.481,0.0112964352971167,"7","EIF1B"
1.10351004718358e-06,0.432167784598778,0.608,0.495,0.0196513069202451,"7","ATP2B1"
7.10130100289246e-06,1.11805864602181,0.391,0.228,0.126459968259509,"7","PMAIP1"
1.42352266309864e-05,0.804418323051869,0.332,0.243,0.253500915844606,"7","GRK3"
1.84074095069328e-05,1.0616587120488,0.288,0.166,0.32779914849946,"7","MYC"
2.38022613693337e-05,0.714575883011734,0.415,0.301,0.423870670465094,"7","SYK"
3.79986402974987e-05,1.08018175878389,0.392,0.255,0.676679786417857,"7","MARCKSL1"
5.93904080201156e-05,0.335654497991866,0.373,0.24,1,"7","CCR7"
0.000514399427089995,0.276969160261191,0.255,0.21,1,"7","RHOB"
0.000951741043720841,0.386416062052952,0.623,0.517,1,"7","HIST1H1D"
0.00140821625245936,0.557583296735696,0.278,0.225,1,"7","OTUD1"
0.00192571266551403,0.658434416811931,0.421,0.348,1,"7","UBE2J1"
0.00317159048167548,0.572687653340498,0.501,0.469,1,"7","HERPUD1"
0.00392031886658609,0.452750633154168,0.299,0.255,1,"7","NFKB2"
0.00615175434995919,0.362000732409508,0.372,0.286,1,"7","BCL2"
0.00947432144079781,0.336066441899358,0.633,0.569,1,"7","HIST1H1E"
1.25915770737406e-129,3.05236719223349,0.982,0.214,2.24230804529173e-125,"8","MTRNR2L8"
1.48204924542801e-126,2.42631163491191,1,0.518,2.6392332962582e-122,"8","FOS"
7.19276416944192e-118,2.60698864507573,0.966,0.254,1.28088744329422e-113,"8","AC020656.1"
2.108085790271e-114,2.04987644109666,0.985,0.291,3.7540791753146e-110,"8","MS4A6A"
6.176563015883e-114,2.47120864290717,0.916,0.209,1.09992234186844e-109,"8","LGALS2"
7.10919248438636e-114,2.11603276664407,1,0.368,1.26600499761952e-109,"8","MNDA"
2.35832179567468e-113,2.12493591280249,0.999,0.374,4.19969945373746e-109,"8","FGL2"
1.06032107064396e-110,2.15802261309715,0.913,0.252,1.88821976260276e-106,"8","CD302"
1.80844542014297e-109,1.87595184526738,0.998,0.488,3.2204796041906e-105,"8","APLP2"
9.29975847327099e-108,2.0056522970698,0.986,0.313,1.6561009889201e-103,"8","NCF2"
2.94179304902634e-107,1.8337235723486,1,0.737,5.23874506170611e-103,"8","CTSS"
2.78433427864091e-106,2.04438587965812,0.993,0.382,4.95834248340374e-102,"8","CEBPD"
1.04488057844514e-103,2.01578142278687,0.988,0.316,1.86072333409511e-99,"8","MPEG1"
3.23348534409392e-103,1.93972174856582,1,0.724,5.75819070076246e-99,"8","SAT1"
8.98447585175361e-103,1.84060036455443,0.996,0.373,1.59995545968028e-98,"8","CYBB"
3.22130209345979e-102,2.11349563621627,0.985,0.289,5.7364947680332e-98,"8","CSF3R"
1.19159250883798e-100,2.2284994551224,0.927,0.254,2.12198793973867e-96,"8","KCTD12"
1.59460162297912e-100,1.79935797508968,0.99,0.294,2.83966657020122e-96,"8","CD14"
4.22426849244594e-100,1.62354271772656,1,0.904,7.52257733134773e-96,"8","NEAT1"
4.87336901118937e-100,1.8931313680614,0.996,0.383,8.67849553512603e-96,"8","GRN"
4.99944018501176e-100,1.7646780225244,0.979,0.309,8.90300308146895e-96,"8","CSTA"
1.26255914689392e-99,1.99994222278341,0.994,0.362,2.24836532878869e-95,"8","VCAN"
3.36997642440614e-99,1.5594285965534,0.997,0.582,6.00125401658245e-95,"8","TKT"
1.20811168683205e-97,1.90946127862971,0.97,0.3,2.15140529191052e-93,"8","CD68"
2.1229540791949e-97,2.76236826316394,0.854,0.205,3.78055662423028e-93,"8","IFI30"
2.27598839607935e-97,2.0826258727166,0.978,0.301,4.05308013573811e-93,"8","CLEC7A"
3.39575533576666e-97,2.42299676935947,0.908,0.194,6.04716110193328e-93,"8","MTRNR2L12"
5.12305668561782e-97,1.99631564203777,0.944,0.282,9.12313934574822e-93,"8","IGSF6"
1.98979977165972e-95,1.75960960259826,1,0.399,3.54343543337163e-91,"8","FCN1"
2.76792160908147e-95,2.20994542821495,0.951,0.354,4.92911480145228e-91,"8","RGS2"
4.44450114461851e-95,1.53114277530995,0.999,0.53,7.91476763833665e-91,"8","AIF1"
4.52649559148205e-95,1.97997952851868,0.948,0.299,8.06078334931123e-91,"8","TNFSF13B"
9.59699879170152e-94,2.19045548257714,0.889,0.242,1.70903354482621e-89,"8","PLBD1"
2.5095436231135e-93,1.65543571209716,0.992,0.476,4.46899528404051e-89,"8","AP1S2"
3.94324511260445e-93,2.11530480201153,0.902,0.243,7.02213089652601e-89,"8","ALDH2"
5.38901020369087e-93,1.70640686936505,0.99,0.473,9.5967493707327e-89,"8","ASAH1"
2.28800923963337e-92,1.9558426840066,0.91,0.258,4.0744868539391e-88,"8","DMXL2"
1.00953648662008e-91,3.95644748692931,0.688,0.053,1.79778257537304e-87,"8","HLA-DQA2"
6.48695620230154e-91,1.9162930575073,0.934,0.277,1.15519716050586e-86,"8","CPVL"
2.41426326563696e-90,2.08861956807984,0.89,0.244,4.2993200234463e-86,"8","TGFBI"
2.78182483673334e-90,2.00390193694459,0.94,0.278,4.95387366925474e-86,"8","SLC11A1"
1.69152918927255e-89,1.6591092536895,0.97,0.395,3.01227518025655e-85,"8","FCGRT"
1.46449508232927e-88,1.68004949918733,0.948,0.293,2.60797284261197e-84,"8","S100A12"
2.09556359378734e-88,1.62891508002134,1,0.59,3.7317796478165e-84,"8","PSAP"
4.1471541398478e-88,1.64428305603789,0.999,0.621,7.38525209224097e-84,"8","DUSP1"
4.47392199211195e-88,2.09003996484064,0.902,0.248,7.96716028355296e-84,"8","LILRB3"
6.41647179171797e-88,1.25191768184643,0.999,0.468,1.14264529666914e-83,"8","LST1"
1.57273951472927e-87,1.62324380476433,1,0.46,2.80073452782988e-83,"8","CST3"
1.65858588745724e-87,2.07873688920669,0.898,0.276,2.95360974838386e-83,"8","NAIP"
2.52833704201153e-87,1.80833255212063,0.928,0.32,4.50246260441414e-83,"8","BLVRB"
5.63450004941514e-87,1.29635414685125,1,0.998,1.00339176879985e-82,"8","FTL"
6.17478416439638e-86,1.78065142429386,0.967,0.387,1.09960556399571e-81,"8","JAML"
1.12105180038849e-85,1.95919716400504,0.93,0.258,1.99636904613182e-81,"8","CD36"
4.5120507373609e-85,1.47499572339833,0.999,0.603,8.03505995309229e-81,"8","S100A8"
9.6964666328486e-85,1.42646024364121,1,0.755,1.72674677797768e-80,"8","S100A9"
2.8448183847585e-84,1.73976137279897,0.964,0.358,5.06605257957793e-80,"8","RNF130"
3.4323496626252e-84,1.80871244174562,0.887,0.278,6.11232827920296e-80,"8","CPPED1"
1.01239241576768e-83,1.5610749940888,0.987,0.314,1.80286841399908e-79,"8","SERPINA1"
2.95895525462102e-83,1.77473980502044,0.922,0.35,5.26930751742912e-79,"8","ADA2"
1.40995207105251e-81,1.9998408260036,0.886,0.3,2.51084264813031e-77,"8","NAGK"
5.92156750494918e-81,1.92748530715072,0.84,0.243,1.05451274128135e-76,"8","RXRA"
6.0330643508966e-81,1.52897811674673,0.955,0.371,1.07436809960767e-76,"8","LGALS3"
2.03313742028477e-80,2.03302175209482,0.888,0.28,3.62061111804312e-76,"8","MEGF9"
3.19877994679716e-80,1.6987989210506,0.964,0.398,5.69638732925639e-76,"8","PTPRE"
4.03513053062348e-80,1.90234119918433,0.847,0.246,7.18576044893429e-76,"8","FCGR2A"
5.115019380829e-80,1.93966417754778,0.908,0.307,9.10882651338029e-76,"8","CCDC88A"
5.46770062319963e-80,1.88487669885592,0.886,0.25,9.7368812697939e-76,"8","LRP1"
6.42811840678865e-80,1.17586532884221,0.999,0.644,1.14471932588092e-75,"8","COTL1"
3.85869854594816e-79,1.68553344838457,0.995,0.697,6.87157037062448e-75,"8","IER2"
2.50192707317574e-78,1.74809922952739,0.958,0.441,4.45543173191136e-74,"8","VMP1"
3.50748417940132e-78,1.65057281331523,0.914,0.335,6.24612782667787e-74,"8","CTSH"
6.22928262651801e-78,2.03308096265051,0.867,0.236,1.10931065013033e-73,"8","PLXDC2"
1.38090601500424e-77,2.93213369916952,0.76,0.177,2.45911743151955e-73,"8","EGR1"
3.61278912411707e-77,1.8614962540873,0.852,0.242,6.43365487222768e-73,"8","C5AR1"
7.4857503501639e-77,1.32790404194425,1,0.546,1.33306242235719e-72,"8","TYROBP"
9.66676700443566e-77,1.3312545765297,0.978,0.335,1.7214578681499e-72,"8","CFD"
1.24356240439061e-76,1.16252278561485,0.999,0.735,2.2145359297388e-72,"8","S100A11"
3.91078130037533e-76,1.75213842102224,0.871,0.264,6.96431933970839e-72,"8","TIMP2"
4.21368641657649e-76,1.64432983853948,0.889,0.302,7.50373277063942e-72,"8","GCA"
2.33487988186166e-75,1.0654287322385,0.973,0.324,4.15795409361924e-71,"8","TNFAIP2"
6.19077409255792e-75,1.98241670120489,0.863,0.252,1.10245305040271e-70,"8","LRRK2"
1.07845974695021e-74,1.31780688518195,0.91,0.29,1.92052111736893e-70,"8","CLEC12A"
5.20309446023143e-74,1.40022115793185,0.983,0.391,9.26567061478013e-70,"8","NAMPT"
9.98746194481578e-74,2.18398462929131,0.756,0.189,1.77856722313279e-69,"8","ENTPD1"
1.03164386946438e-73,1.2148383535649,0.992,0.571,1.83715140274217e-69,"8","BRI3"
1.10840377615291e-73,1.04741832428791,1,0.963,1.97384544457311e-69,"8","S100A6"
1.18354813298888e-73,1.50945976208049,0.935,0.361,2.10766251522659e-69,"8","HLA-DRB5"
4.43503906109231e-73,1.53516782944575,0.908,0.325,7.89791755999319e-69,"8","PECAM1"
2.27975537033352e-72,1.57013685417478,0.91,0.364,4.05978836348993e-68,"8","NUP214"
2.36197792087853e-72,1.87954588954441,0.85,0.247,4.20621028150049e-68,"8","RAB31"
2.3850005087957e-72,1.43533867154963,0.982,0.539,4.24720890606338e-68,"8","TALDO1"
2.53207234342808e-72,1.63273614543355,0.926,0.371,4.50911442917673e-68,"8","STXBP2"
2.54977672793716e-72,1.89930697211382,0.828,0.252,4.54064239711049e-68,"8","AC007952.4"
3.30318535634342e-72,1.57092926166145,0.901,0.324,5.88231248257637e-68,"8","MARCH1"
3.46436014996809e-72,1.46783805893235,0.965,0.336,6.16933255506317e-68,"8","SPI1"
5.30907318479681e-72,0.695306987975927,1,1,9.45439752748616e-68,"8","MT-CO1"
5.37681729122218e-72,2.31614387126975,0.693,0.156,9.57503623220846e-68,"8","KCNE3"
4.0904058934109e-71,1.97290502166463,0.822,0.237,7.28419481498612e-67,"8","SULT1A1"
4.85146565854956e-71,1.33746760181873,0.979,0.492,8.63949004474505e-67,"8","TNFRSF1B"
1.03882218998058e-70,1.80541988101118,0.777,0.206,1.84993455591742e-66,"8","ASGR1"
1.97894578667513e-70,1.69503533838366,0.867,0.255,3.52410665691106e-66,"8","IRAK3"
4.61331198500903e-70,1.57499819066235,0.856,0.259,8.21538598290409e-66,"8","PILRA"
9.74618264339704e-70,1.32783901557918,0.944,0.409,1.73560020513615e-65,"8","CTSZ"
1.02475411711803e-69,2.17132982507285,0.717,0.17,1.82488213176379e-65,"8","RGS18"
1.30704965108462e-69,1.73705731135041,0.79,0.232,2.32759401865149e-65,"8","RAB32"
1.38272046047912e-69,1.257439037263,0.988,0.554,2.46234859602121e-65,"8","MYO1F"
2.22040413046934e-69,1.32894760687754,0.986,0.566,3.95409567553981e-65,"8","CEBPB"
2.25460357993643e-69,1.63826525172199,0.878,0.32,4.01499805515079e-65,"8","HLA-DMB"
4.43735789898563e-69,1.11886256579139,0.996,0.714,7.90204694651361e-65,"8","TSPO"
8.64515001192597e-69,0.973709499863461,0.996,0.799,1.53952831412378e-64,"8","GNAI2"
3.54077645387099e-68,1.28578329772276,0.969,0.536,6.30541470905345e-64,"8","H2AFY"
1.2908994601753e-67,1.54346266822502,0.846,0.261,2.29883375868018e-63,"8","HCK"
1.3116278421955e-67,1.87577987473308,0.85,0.224,2.33574686138175e-63,"8","CD93"
3.27778930472049e-67,1.40278362174073,0.881,0.272,5.83708719384624e-63,"8","LILRB2"
1.48416095546326e-66,1.14567723877735,0.988,0.661,2.64299382948898e-62,"8","RAC1"
1.6567389806995e-66,1.21554282341944,0.987,0.694,2.95032077682967e-62,"8","SAMHD1"
2.0820086952978e-66,1.10329751576422,0.988,0.663,3.70764108458632e-62,"8","GSTP1"
2.13073070315757e-66,2.011157918807,0.816,0.224,3.794405236183e-62,"8","EMILIN2"
2.71051238230685e-66,1.93822851395691,0.864,0.32,4.82688045041204e-62,"8","GLUL"
3.84514959296737e-66,1.54690218407493,0.928,0.36,6.8474423951563e-62,"8","CTSB"
4.27071356118119e-66,1.27586418102186,0.973,0.496,7.60528670975146e-62,"8","VSIR"
6.14035783863027e-66,0.602083297254859,1,1,1.09347492390328e-61,"8","MT-ND1"
9.21714348401372e-66,1.90559056619808,0.76,0.207,1.64138891163316e-61,"8","PRAM1"
1.1840678930018e-65,1.48561705351716,0.865,0.367,2.1085881038576e-61,"8","TNFSF10"
1.5594882052338e-65,1.6524592598238,0.816,0.248,2.77713659588035e-61,"8","SLC7A7"
2.21111528748754e-65,1.57160613914007,0.85,0.24,3.93755410395781e-61,"8","FPR1"
5.77214684001456e-65,1.38859186603657,0.809,0.252,1.02790390926979e-60,"8","MS4A7"
7.00052059641894e-65,1.9363185997483,0.73,0.2,1.24665270781029e-60,"8","DUSP6"
7.3274831840982e-65,1.18882236225294,0.997,0.563,1.30487820542421e-60,"8","HLA-DRA"
9.86712496808743e-65,1.25892245761807,1,0.739,1.75713761431701e-60,"8","LYZ"
1.33018281997469e-64,1.55657059769264,0.825,0.284,2.36878956581092e-60,"8","LY86"
3.89081517908263e-64,1.32311775217106,0.971,0.519,6.92876367091034e-60,"8","SDCBP"
4.13631947918557e-64,1.04683600300719,0.99,0.726,7.36595772853367e-60,"8","EVI2B"
1.31925518794709e-63,1.27207527269877,0.968,0.503,2.34932963869617e-59,"8","PYCARD"
2.30443351972857e-63,2.05750549623762,0.675,0.166,4.10373521193263e-59,"8","PYGL"
5.8875755216437e-63,1.02396308219562,0.98,0.429,1.04845944889431e-58,"8","TYMP"
6.21737265620809e-63,0.72882125589563,0.999,0.968,1.10718972261754e-58,"8","OAZ1"
7.10076860179695e-63,1.56781702206553,0.797,0.236,1.264504872608e-58,"8","CD300E"
7.1611877384375e-63,1.24362784274322,0.965,0.524,1.27526431246095e-58,"8","C1orf162"
8.53296932066652e-63,1.74457157342658,0.685,0.205,1.51955117662429e-58,"8","CREG1"
1.16892656802929e-62,0.768426268015412,1,0.996,2.08162443234655e-58,"8","FTH1"
1.23499565045331e-62,1.09746036264729,1,0.739,2.19928025432726e-58,"8","CD74"
2.51603744811174e-62,1.53591166051587,0.85,0.315,4.48055948759739e-58,"8","IL17RA"
2.68318531671552e-62,1.4766096961521,0.906,0.411,4.77821641200701e-58,"8","FBXL5"
2.90479062348052e-62,2.23849281706588,0.685,0.155,5.17285114229411e-58,"8","TFEC"
4.40202061834338e-62,1.6004881393876,0.786,0.222,7.83911831714589e-58,"8","LRRC25"
5.21296180954091e-62,1.69838515507026,0.903,0.318,9.28324239043045e-58,"8","OGFRL1"
5.22941159972735e-62,1.37530392586992,0.942,0.392,9.31253617679447e-58,"8","FGR"
6.27841111677191e-62,1.36997706722648,0.891,0.299,1.11805945167474e-57,"8","CFP"
6.66741472749889e-62,1.35152622986514,0.884,0.381,1.187333214673e-57,"8","SKAP2"
1.38170203550806e-61,1.93760463394692,0.68,0.163,2.46053498483275e-57,"8","PTAFR"
1.59974969971223e-61,1.75285925047095,0.773,0.227,2.84883426524754e-57,"8","C19orf38"
1.68424315244462e-61,1.05341191719217,0.952,0.531,2.99930020587339e-57,"8","ATP6V0B"
1.76640166086922e-61,1.2056707149225,0.956,0.483,3.14560807767591e-57,"8","NPC2"
4.70934873720299e-61,1.61652966997542,0.877,0.339,8.38640823121109e-57,"8","DPYD"
8.80923246615413e-61,1.2129312292713,0.966,0.5,1.56874811757273e-56,"8","CTSD"
2.37119647106637e-60,1.24347023671045,0.93,0.363,4.22262667567499e-56,"8","ATP2B1-AS1"
3.35915191081566e-60,1.83364560877751,0.7,0.185,5.98197772278052e-56,"8","BST1"
8.28576758428287e-60,1.90819296205145,0.641,0.164,1.47552949140909e-55,"8","SHTN1"
8.84084012696729e-60,1.81154527097973,0.717,0.191,1.57437680981034e-55,"8","RBP7"
9.43620774000759e-60,1.81574042785952,0.785,0.241,1.68039987434055e-55,"8","PAK1"
1.09219782204783e-59,1.7640698677686,0.744,0.217,1.94498588150278e-55,"8","RNASE6"
1.5257411527867e-59,1.58712814345139,0.809,0.242,2.71703984488255e-55,"8","PLAUR"
6.39608730656025e-59,1.52334231384467,0.767,0.232,1.13901522755225e-54,"8","SLC43A2"
7.69993891741988e-59,1.35426632394165,0.944,0.464,1.37120512241413e-54,"8","QKI"
1.40678249867512e-58,1.97577984678655,0.73,0.206,2.50519827364065e-54,"8","AC245014.3"
2.24226499352475e-58,1.44063749693877,0.886,0.365,3.99302550046888e-54,"8","RTN3"
7.10379144646092e-58,1.43695924137511,0.861,0.331,1.26504318078576e-53,"8","AOAH"
7.24169447874335e-58,0.860272148838372,1,0.943,1.28960095277462e-53,"8","VIM"
9.20865982251403e-58,1.22253743550313,0.85,0.309,1.6398781411933e-53,"8","MEF2C"
1.4094929385008e-57,2.12926116510094,0.605,0.141,2.51002502488223e-53,"8","CD1D"
1.83335394277399e-57,1.5124799741609,0.868,0.364,3.26483670129192e-53,"8","RAB11FIP1"
2.00500898286924e-57,1.69595380633369,0.731,0.224,3.57051999669355e-53,"8","TBXAS1"
3.71542016505325e-57,0.838942717722317,1,0.799,6.61642022992683e-53,"8","SRGN"
8.59555905022832e-57,1.97422560404786,0.707,0.191,1.53069715566466e-52,"8","SGK1"
5.36202701970582e-56,1.13145164451508,0.966,0.502,9.54869771669212e-52,"8","ANXA5"
7.79621308894094e-56,1.44652605219821,0.872,0.34,1.3883496268786e-51,"8","THEMIS2"
9.40768925268908e-56,1.34057539159647,0.949,0.454,1.67532130211887e-51,"8","LYST"
1.32057856079203e-55,2.03077991390232,0.628,0.15,2.35168630105845e-51,"8","CD163"
3.512822643119e-55,1.63450610775359,0.778,0.265,6.25563456286631e-51,"8","RASSF2"
1.18962653853246e-54,1.39999918472446,0.795,0.3,2.11848693981861e-50,"8","SCPEP1"
3.08079325207955e-54,0.996346235879877,0.944,0.549,5.48627662330326e-50,"8","FKBP1A"
3.933714110258e-54,1.74505003998398,0.708,0.204,7.00515808754745e-50,"8","ZNF385A"
5.82154803735062e-54,1.07971452553297,0.939,0.412,1.0367012744914e-49,"8","LYN"
7.7535830478489e-54,2.71306440008458,0.52,0.091,1.38075806916093e-49,"8","ALDH1A1"
1.06154884379764e-53,1.66801885947179,0.695,0.204,1.89040618103484e-49,"8","CLEC4A"
1.40489132207937e-53,0.757150551816407,1,0.937,2.50183046635895e-49,"8","S100A4"
1.5683514811e-53,1.9866925178056,0.661,0.169,2.79292031754287e-49,"8","CD33"
1.90448110242999e-53,1.51774455964336,0.953,0.653,3.39149994720733e-49,"8","BTG2"
2.17446279368809e-53,1.1209273405667,0.953,0.527,3.87228334299975e-49,"8","ARRB2"
3.34369162412342e-53,1.36699452046604,0.913,0.413,5.95444604423899e-49,"8","NCOA4"
4.38231822805743e-53,1.54052325342997,0.81,0.309,7.80403230052467e-49,"8","TET2"
5.07952324668198e-53,1.46640675120695,0.756,0.238,9.04561499769128e-49,"8","LMO2"
7.38928219813955e-53,0.930643406464875,0.995,0.698,1.31588337384469e-48,"8","ITGB2"
9.59305100068614e-53,1.97223821881765,0.652,0.165,1.70833052220219e-48,"8","TLR4"
1.20348271571311e-52,2.03609613950989,0.598,0.153,2.1431620201419e-48,"8","BEST1"
1.25655667375025e-52,1.84929899281718,0.675,0.181,2.23767612461444e-48,"8","HNMT"
1.44298637053415e-52,0.67804736737602,1,0.997,2.56967012864722e-48,"8","ACTB"
1.72238904721284e-52,0.906344141085212,0.992,0.452,3.06723041527663e-48,"8","FCER1G"
2.35863229539639e-52,1.41340097173471,0.824,0.329,4.2002523916419e-48,"8","NUMB"
2.41282484310322e-52,1.81557483964291,0.767,0.235,4.29675848059821e-48,"8","PGD"
5.54783063112933e-52,1.80332200549897,0.643,0.168,9.87957678791512e-48,"8","SIRPA"
7.07019048146694e-52,2.00361639650397,0.647,0.16,1.25905952093963e-47,"8","CREB5"
1.02619165010363e-51,1.44786662920819,0.836,0.307,1.82744209050455e-47,"8","KLF10"
1.27149344445641e-51,1.50084016086202,0.658,0.176,2.26427552588797e-47,"8","CLEC4E"
1.28718104945756e-51,1.33625280700332,0.903,0.437,2.29221201287402e-47,"8","PLEKHO1"
1.5465663823719e-51,1.66508594778512,0.671,0.195,2.75412541372788e-47,"8","LILRA2"
1.74037039580142e-51,2.33968230633071,0.628,0.135,3.09925160084316e-47,"8","CCR1"
1.96894337310782e-51,1.93563584599437,0.648,0.164,3.50629435883041e-47,"8","MGST1"
2.18490914161458e-51,2.57852322399786,0.529,0.091,3.89088619938724e-47,"8","JUP"
3.85889658905839e-51,0.731489816859422,0.999,0.923,6.87192304579518e-47,"8","GAPDH"
8.29274262539647e-51,1.48918661975871,0.679,0.209,1.4767716067306e-46,"8","CDA"
8.62726894275894e-51,2.13725337396109,0.665,0.161,1.53634405332651e-46,"8","TMEM170B"
1.22276549670397e-50,1.23338162616976,0.919,0.476,2.17750079653042e-46,"8","MIS18BP1"
1.29493299591939e-50,1.29611944524682,0.907,0.404,2.30601667913325e-46,"8","HIF1A"
1.54140824101139e-50,1.76680939285196,0.581,0.158,2.74493979559309e-46,"8","FES"
2.75119891698061e-50,1.62564155456723,0.717,0.222,4.89933503135908e-46,"8","RASSF4"
3.67544679204375e-50,0.905932101061373,0.977,0.614,6.5452356472715e-46,"8","ZFP36"
5.42690662356728e-50,1.47252783436703,0.779,0.277,9.66423531524862e-46,"8","CAPG"
9.69872334948213e-50,1.4266222193477,0.756,0.281,1.72714865407578e-45,"8","UBE2D1"
1.05282213413872e-49,1.69926622310689,0.695,0.213,1.87486565647424e-45,"8","SCIMP"
1.2720346827374e-49,0.912252765305182,0.951,0.539,2.26523936301877e-45,"8","ANXA2"
1.54659396604622e-49,2.02309219289574,0.641,0.156,2.75417453473512e-45,"8","P2RY13"
1.65258472742325e-49,2.30903908526087,0.62,0.135,2.94292288259532e-45,"8","MEFV"
1.69206357809062e-49,1.56123817104852,0.799,0.282,3.01322681986378e-45,"8","SYK"
1.72911571980743e-49,1.17960088070875,0.905,0.467,3.07920927383307e-45,"8","ZNF106"
1.80043501969125e-49,1.21823613500234,0.945,0.493,3.20621468306617e-45,"8","GLIPR1"
5.12455949189455e-49,1.48710039834436,0.85,0.349,9.12581554316582e-45,"8","MGAT1"
7.74788310093203e-49,1.18704008331237,0.856,0.367,1.37974302261398e-44,"8","AGTRAP"
9.66152843318893e-49,1.07026928864478,0.946,0.551,1.72052498338228e-44,"8","HLA-DPA1"
1.13419229556503e-48,1.56253773060104,0.705,0.219,2.01976963994221e-44,"8","MAFB"
1.16629815625175e-48,2.01877921225753,0.527,0.124,2.07694375665311e-44,"8","GPBAR1"
1.61174801789305e-48,1.37681070166755,0.868,0.369,2.87020087026394e-44,"8","TPP1"
2.00319111104632e-48,1.55552828196823,0.608,0.157,3.56728273055128e-44,"8","SMIM25"
2.02989866841042e-48,1.9065387653525,0.662,0.198,3.61484354870528e-44,"8","NR4A1"
5.70011990986183e-48,1.69710540762654,0.642,0.185,1.0150773535482e-43,"8","PLXNB2"
8.61615840851577e-48,1.64068517973174,0.775,0.269,1.53436548938849e-43,"8","NOTCH2"
9.45773437749903e-48,1.23881565634227,0.834,0.361,1.68423333794503e-43,"8","YBX3"
1.89538109720887e-47,1.61112908336044,0.697,0.233,3.37529465790955e-43,"8","FKBP15"
3.57688162543253e-47,1.88938654848973,0.689,0.196,6.36971079857025e-43,"8","MSRB1"
4.24927210282308e-47,1.75582468456763,0.657,0.188,7.56710376070733e-43,"8","HRH2"
1.0576823383578e-46,2.07249301090193,0.531,0.121,1.88352070814756e-42,"8","F13A1"
1.40126914548942e-46,1.63747680456509,0.582,0.171,2.49538009428756e-42,"8","KLF4"
1.87357721521677e-46,1.34546158674519,0.738,0.287,3.33646630485803e-42,"8","GNAQ"
2.4073220408042e-46,1.92901134855116,0.6,0.153,4.28695909026411e-42,"8","SIRPB1"
2.86452134699214e-46,1.94294890584767,0.571,0.15,5.10113961472361e-42,"8","SLC24A4"
2.88483138717921e-46,1.32921129223177,0.791,0.341,5.13730773428873e-42,"8","TMEM154"
3.14382214094182e-46,2.36901379803051,0.479,0.085,5.59851846858919e-42,"8","HBEGF"
3.55419267677355e-46,1.74610944895469,0.627,0.179,6.32930631879833e-42,"8","CD86"
3.69741599751834e-46,1.15394413137026,0.91,0.441,6.58435840838065e-42,"8","NCF1"
3.80682428437227e-46,1.44820154409034,0.814,0.309,6.77919268561014e-42,"8","SNX10"
4.19127293607602e-46,0.555837095838296,1,0.991,7.46381884456418e-42,"8","H3F3A"
4.90074265029248e-46,1.019543407511,0.774,0.307,8.72724251164084e-42,"8","IFNGR2"
5.25168572067134e-46,1.77334032574885,0.603,0.169,9.35220193137153e-42,"8","IL13RA1"
7.45315306921133e-46,2.07317154620289,0.57,0.131,1.32725749856515e-41,"8","TREM1"
1.21193435202458e-45,2.25784996160029,0.491,0.111,2.15821269408538e-41,"8","RNASE2"
1.32707092338864e-45,0.952144889613878,0.966,0.638,2.36324790037049e-41,"8","MCL1"
2.28014766833798e-45,2.02979089464179,0.592,0.149,4.06048696777628e-41,"8","FGD4"
2.88935999082976e-45,1.4213142650901,0.672,0.244,5.14537227166963e-41,"8","LACTB"
6.82098252097777e-45,1.83344732879902,0.644,0.178,1.21468056733572e-40,"8","SLC8A1"
8.52244406744132e-45,1.15748035560284,0.941,0.585,1.51767683952995e-40,"8","HLA-DPB1"
1.24841994789599e-44,1.01808108156106,0.959,0.606,2.22318624321317e-40,"8","SERPINB1"
1.26506568340293e-44,1.23727914254285,0.867,0.406,2.25282896900393e-40,"8","BNIP3L"
1.84614377320901e-44,1.32271611304624,0.755,0.27,3.28761283133061e-40,"8","MXD1"
3.42235208750967e-44,1.40644259952128,0.753,0.26,6.09452459743723e-40,"8","ITGAX"
3.73205578745944e-44,1.12092676422911,0.846,0.385,6.64604494630777e-40,"8","ZYX"
8.389779888494e-44,0.670960646100545,0.846,0.337,1.49405200254301e-39,"8","MARCKS"
1.0829079009223e-43,1.58472372201904,0.661,0.19,1.92844238996243e-39,"8","CSF1R"
1.09525830714406e-43,1.62322770600382,0.761,0.267,1.95043599336215e-39,"8","PLSCR1"
1.20965409190536e-43,1.74727671316599,0.678,0.211,2.15415200686506e-39,"8","ATP6V1A"
1.38038936345588e-43,2.10578720498425,0.651,0.19,2.45819737844224e-39,"8","RHOB"
1.83293934203438e-43,1.48425773078737,0.614,0.202,3.26409838029482e-39,"8","CTNNA1"
1.95157113255984e-43,1.50750060647293,0.832,0.323,3.47535787286256e-39,"8","PICALM"
1.98714533919647e-43,1.05505893996092,0.869,0.419,3.53870842004108e-39,"8","CASP1"
2.2011530678192e-43,1.28137835576108,0.851,0.397,3.91981338317243e-39,"8","RNF149"
2.34129301126063e-43,1.6882132506626,0.578,0.158,4.16937459445294e-39,"8","FAM198B"
3.34222587029268e-43,1.51953802535101,0.651,0.225,5.95183582981721e-39,"8","IRS2"
3.45251237225719e-43,1.22402066200304,0.654,0.264,6.1482340325156e-39,"8","PLD3"
6.0128928599606e-43,2.2869392221417,0.435,0.087,1.07077596050178e-38,"8","CCR2"
1.04680738431501e-42,1.46030295448035,0.755,0.28,1.86415458998816e-38,"8","SULF2"
1.53428130344883e-42,1.1683098881435,0.817,0.384,2.73224814518168e-38,"8","LTA4H"
1.86060491172694e-42,2.85543815567784,0.457,0.082,3.31336522680333e-38,"8","H1F0"
2.49307885221449e-42,0.743886326317901,0.989,0.604,4.43967482002356e-38,"8","LGALS1"
2.70791556114751e-42,1.52893204241837,0.652,0.218,4.82225603129148e-38,"8","HEXB"
4.74805551154627e-42,1.51139085025533,0.769,0.268,8.4553372549616e-38,"8","C9orf72"
4.84608790288162e-42,1.4161227941954,0.641,0.205,8.62991333745158e-38,"8","NRGN"
1.24427992755719e-41,1.9974949152918,0.434,0.1,2.21581369499384e-37,"8","QPCT"
1.35736151104394e-41,1.76032107317175,0.627,0.185,2.41718937886704e-37,"8","FGD2"
1.53576277102332e-41,1.61642242374227,0.587,0.207,2.73488634263833e-37,"8","FOSB"
3.06862053539629e-41,1.05528346953804,0.926,0.504,5.46459944943371e-37,"8","POU2F2"
3.10809161740281e-41,1.94702663508464,0.556,0.139,5.53488955227093e-37,"8","CD300LF"
3.91273509333313e-41,1.99033864943061,0.531,0.129,6.96779865420764e-37,"8","TLR8"
4.36782479910918e-41,1.59411806075532,0.653,0.206,7.77822240225363e-37,"8","SLC16A3"
4.54637111078167e-41,1.24052326414855,0.816,0.337,8.09617767407999e-37,"8","PPT1"
4.77598244741356e-41,2.35359825481141,0.471,0.09,8.50506954235407e-37,"8","LINC00937"
5.77069777806224e-41,1.14771162251919,0.873,0.448,1.02764586031732e-36,"8","EVI2A"
5.8579615573806e-41,0.7631344384956,0.999,0.864,1.04318579413834e-36,"8","LCP1"
9.91456790580026e-41,0.892347157456453,0.96,0.684,1.76558625266491e-36,"8","PRELID1"
1.15769645896473e-40,2.13855961578101,0.482,0.115,2.0616258541244e-36,"8","PID1"
1.24415351685761e-40,1.65648443707779,0.627,0.197,2.21558858282002e-36,"8","APAF1"
2.43092184965771e-40,1.78544272953296,0.604,0.171,4.32898562987045e-36,"8","GNB4"
2.5083250737031e-40,1.78054422276092,0.549,0.155,4.46682529125048e-36,"8","EVI5"
3.47236590660153e-40,1.81566482045619,0.566,0.155,6.18358920647601e-36,"8","ADGRE2"
3.92868149253878e-40,1.82980912702032,0.594,0.169,6.99619600191305e-36,"8","SPECC1"
5.76672196776882e-40,1.37424794882301,0.771,0.286,1.02693784802027e-35,"8","DPYSL2"
5.87690016283824e-40,1.90023687137186,0.543,0.142,1.04655838099823e-35,"8","SEMA4A"
6.29695606935338e-40,1.24293448529508,0.776,0.313,1.12136193683045e-35,"8","RHOQ"
7.10879905544308e-40,1.54518871611652,0.583,0.172,1.2659349357933e-35,"8","HMOX1"
7.35708084150417e-40,1.68722628857052,0.667,0.211,1.31014895625506e-35,"8","PLXNC1"
7.44809404127091e-40,0.958520670298204,0.973,0.517,1.32635658686952e-35,"8","ZEB2"
8.20213514512985e-40,1.5921034308425,0.725,0.245,1.46063622664472e-35,"8","ATP6V1B2"
9.20934451173619e-40,1.58255744230219,0.624,0.197,1.64000007064998e-35,"8","PRKCD"
1.10550089110695e-39,1.07268966865902,0.833,0.376,1.96867598688326e-35,"8","RILPL2"
1.54766882193207e-39,1.37536790467281,0.672,0.225,2.75608863809662e-35,"8","GAS7"
1.61798248285173e-39,1.94394434890385,0.567,0.142,2.88130320546236e-35,"8","CSF2RA"
1.63994438763134e-39,2.03957734725641,0.499,0.121,2.9204129654939e-35,"8","ALDH3B1"
1.65652814163988e-39,1.25773980123962,0.647,0.208,2.9499453146323e-35,"8","TLR2"
2.08064436216841e-39,0.835263131956201,0.746,0.258,3.70521148014951e-35,"8","IER3"
2.26885682845956e-39,1.08614476850525,0.876,0.418,4.04038024012079e-35,"8","ZFAND5"
2.38969043020157e-39,1.86802992042291,0.458,0.119,4.25556071810295e-35,"8","FUCA1"
2.57826080340803e-39,0.74908045976395,0.992,0.862,4.59136683870902e-35,"8","CALM2"
2.61806371929198e-39,1.84873052121442,0.58,0.156,4.66224787131516e-35,"8","RBM47"
5.83020677049342e-39,1.93733482895019,0.535,0.138,1.03824322168947e-34,"8","DOK3"
6.76744607369928e-39,3.03370271234864,0.33,0.053,1.20514679680437e-34,"8","S1PR3"
7.37186297573652e-39,1.88285099071013,0.547,0.146,1.31278135871916e-34,"8","MCTP1"
7.53257409292977e-39,1.18055183616836,0.645,0.26,1.34140079446893e-34,"8","KDM6B"
8.28325345011191e-39,1.297081478548,0.842,0.357,1.47508177439593e-34,"8","IFNGR1"
8.36177883288543e-39,1.57465393407826,0.726,0.237,1.48906557456024e-34,"8","GNS"
9.05618786083594e-39,1.36851829693616,0.562,0.196,1.61272593425766e-34,"8","OAS1"
9.54123562806108e-39,2.02176840527178,0.543,0.134,1.69910324064512e-34,"8","AC096667.1"
1.14527469476057e-38,1.13182060300258,0.799,0.329,2.03950517642963e-34,"8","BACH1"
2.26605654007057e-38,1.0599141272538,0.647,0.206,4.03539348655767e-34,"8","APOBEC3A"
2.71845130671401e-38,2.58498770866934,0.429,0.074,4.84101808699631e-34,"8","NLRP12"
2.89022289885423e-38,1.29761163457867,0.794,0.31,5.14690893827962e-34,"8","LGALS9"
2.9239864840967e-38,1.12646950711109,0.727,0.323,5.20703513087939e-34,"8","MYADM"
4.55045479645082e-38,1.39002214626522,0.589,0.201,8.10344990151962e-34,"8","BTK"
8.58979816477547e-38,1.76427320669122,0.592,0.175,1.52967125718322e-33,"8","CAMKK2"
8.9231238964479e-38,1.83861182074321,0.711,0.241,1.58902990347944e-33,"8","NABP1"
9.2425392791691e-38,0.931962248583471,0.679,0.234,1.64591139483443e-33,"8","HLA-DQA1"
9.78687007545168e-38,0.851344025039136,0.9,0.519,1.74284582303644e-33,"8","IL10RA"
1.09977213405438e-37,1.89250158670554,0.552,0.148,1.95847421632404e-33,"8","ADAP2"
1.1186897323805e-37,1.35838002628317,0.614,0.22,1.99216267542319e-33,"8","UNC93B1"
1.15084615003347e-37,1.59917253726861,0.602,0.194,2.0494268239796e-33,"8","APP"
1.23526663625037e-37,1.69530203599608,0.6,0.184,2.19976282583466e-33,"8","OSBPL11"
1.69085997949125e-37,1.48057032505899,0.828,0.476,3.01108345147802e-33,"8","JUN"
3.29527156703983e-37,1.95715739968706,0.468,0.119,5.86821960658452e-33,"8","AL034397.3"
3.50257140108046e-37,0.835841529118331,0.981,0.711,6.23737915104409e-33,"8","AHNAK"
4.44728362250617e-37,1.50985515690179,0.509,0.158,7.91972267495898e-33,"8","DOCK5"
4.62650764861829e-37,1.45153334228984,0.764,0.284,8.23888482065946e-33,"8","CRTAP"
4.63600418078268e-37,2.20463039318203,0.559,0.141,8.25579624513779e-33,"8","CYP1B1"
5.15799327370231e-37,1.53866083637685,0.539,0.174,9.18535442180907e-33,"8","KYNU"
6.48072441545929e-37,1.26982445817826,0.717,0.256,1.15408740390499e-32,"8","WARS"
6.89217351549826e-37,1.7683112745499,0.506,0.142,1.22735825963993e-32,"8","NFAM1"
9.85412552228941e-37,1.03533049524765,0.787,0.359,1.7548226730093e-32,"8","HSBP1"
9.93415448009884e-37,1.82687718462855,0.596,0.172,1.769074229816e-32,"8","ZSWIM6"
1.16619597312714e-36,1.70368564514159,0.492,0.138,2.07676178894481e-32,"8","RAB3D"
1.50533448229108e-36,1.51752600140789,0.681,0.226,2.68069964606396e-32,"8","GRK3"
1.55733157398425e-36,2.17928072898139,0.452,0.096,2.77329606695116e-32,"8","LILRA6"
1.80272881890057e-36,1.05182280405813,0.781,0.373,3.21029948069813e-32,"8","ATG3"
2.09051178419271e-36,1.37889606855048,0.793,0.314,3.72278338529037e-32,"8","ARHGAP26"
2.26805487480124e-36,1.21835796503001,0.935,0.641,4.03895212104605e-32,"8","ZFP36L1"
2.59842884853156e-36,2.04553300131776,0.518,0.128,4.62728209346501e-32,"8","CHST15"
3.16731068514391e-36,1.94157619489818,0.492,0.122,5.64034686810427e-32,"8","LTBR"
8.64194736908843e-36,1.07194802711316,0.8,0.351,1.53895798748727e-31,"8","HLA-DMA"
9.25018413712042e-36,1.68830744179029,0.513,0.15,1.64727279113841e-31,"8","NAGA"
1.18313438098608e-35,1.76199468075253,0.534,0.15,2.10692570566e-31,"8","EPB41L3"
1.22987904816153e-35,1.23299372797251,0.781,0.347,2.19016860896606e-31,"8","RAB10"
1.4259510866154e-35,1.37469837202869,0.767,0.311,2.53933369504471e-31,"8","BAZ2B"
1.58740713391729e-35,1.62623091856518,0.496,0.137,2.82685462407991e-31,"8","CEBPA"
1.66288216346443e-35,1.68300095723865,0.497,0.143,2.96126055669746e-31,"8","CYFIP1"
1.79703378758937e-35,1.08894936276435,0.765,0.357,3.20015776893916e-31,"8","RNF13"
1.93726734585196e-35,2.23055456210113,0.377,0.079,3.44988568949317e-31,"8","TLR5"
2.65236897055582e-35,0.808624389653122,0.906,0.515,4.7233386627658e-31,"8","VASP"
3.07196282780387e-35,0.694215048211212,0.782,0.318,5.47055140375312e-31,"8","NINJ1"
5.44769906633236e-35,1.37761316362637,0.611,0.217,9.70126249732466e-31,"8","EIF4EBP1"
6.9073779578786e-35,1.31687752016069,0.81,0.339,1.23006586673902e-30,"8","CD4"
1.16573877322551e-34,1.7749242763929,0.434,0.119,2.07594760735998e-30,"8","CSF2RB"
2.02081239011292e-34,1.30494088337094,0.654,0.21,3.59866270431309e-30,"8","LILRA5"
3.73725382993913e-34,0.99879019776329,0.833,0.407,6.6553016203556e-30,"8","MIDN"
4.2867652359449e-34,1.60670884119786,0.551,0.166,7.63387153217068e-30,"8","SLC15A3"
4.31307068774201e-34,1.50525049151644,0.651,0.218,7.68071628073098e-30,"8","ALOX5"
5.19027036709663e-34,1.66507119263368,0.56,0.161,9.24283346972568e-30,"8","SECTM1"
6.18986823991515e-34,1.46775972696866,0.63,0.219,1.10229173616409e-29,"8","JAK2"
8.27171464397798e-34,1.12087998653227,0.76,0.353,1.4730269437996e-29,"8","GPCPD1"
1.25811413039846e-33,1.35960138873505,0.564,0.199,2.24044964341358e-29,"8","RARA"
1.25893262903882e-33,1.48706713835052,0.615,0.205,2.24190722579234e-29,"8","KIAA0930"
1.3534866667548e-33,1.93767709358573,0.46,0.115,2.41028905615694e-29,"8","KIF13A"
1.35397769046388e-33,1.3072908027689,0.613,0.226,2.41116347117808e-29,"8","DAPP1"
1.43047282093746e-33,1.38341308263438,0.574,0.188,2.54738599952543e-29,"8","OSCAR"
1.44503628345238e-33,0.95343448592487,0.909,0.543,2.573320613572e-29,"8","PKM"
2.17694752211292e-33,1.44225844323957,0.633,0.221,3.87670814737868e-29,"8","SGK3"
2.63296361431661e-33,1.47139684310962,0.657,0.228,4.68878160437501e-29,"8","IL6R"
2.97769962011646e-33,0.949508460555996,0.717,0.351,5.30268748350339e-29,"8","NBPF19"
4.05680470964862e-33,1.33063659551182,0.581,0.208,7.22435782694226e-29,"8","METTL7A"
4.38407252274307e-33,1.08765000840857,0.747,0.331,7.80715634850086e-29,"8","CUX1"
8.41440822825921e-33,0.800579240684509,0.824,0.462,1.4984378172884e-28,"8","PLP2"
9.29538671590821e-33,1.5594836183361,0.541,0.169,1.65532246636893e-28,"8","SMCO4"
1.10053959118446e-32,1.18106852662026,0.671,0.288,1.95984090398129e-28,"8","ASAP1"
1.25510063857548e-32,2.71165044056629,0.442,0.073,2.23508321717521e-28,"8","SIGLEC14"
1.33451045178606e-32,1.51677317413994,0.627,0.215,2.37649621254062e-28,"8","ACSL4"
2.03763913381974e-32,1.15122809699579,0.704,0.299,3.6286277695062e-28,"8","CTSA"
2.15689362237568e-32,1.53073412734173,0.67,0.227,3.84099616272662e-28,"8","MFSD1"
2.56931322550312e-32,0.637221380864362,0.998,0.878,4.57543299197595e-28,"8","JUNB"
2.69683927482318e-32,1.29023217695026,0.659,0.254,4.80253138060511e-28,"8","CHP1"
3.54293873509771e-32,1.49067477314723,0.464,0.149,6.309265299462e-28,"8","BMP2K"
3.61893526893134e-32,1.54805735126135,0.551,0.177,6.44459992691292e-28,"8","C15orf39"
4.18855618641657e-32,1.48995850944216,0.609,0.201,7.45898085677063e-28,"8","APOBR"
4.52900155038025e-32,1.78170165395652,0.474,0.13,8.06524596091714e-28,"8","GM2A"
5.12048180389334e-32,0.997379636594104,0.754,0.327,9.11855399637326e-28,"8","STX7"
9.87107940139184e-32,1.95291844743158,0.432,0.104,1.75784181979986e-27,"8","ARHGEF40"
1.40810574466578e-31,0.979930988662702,0.902,0.497,2.50755471010083e-27,"8","RHOG"
1.52952039980426e-31,0.992324515691356,0.789,0.383,2.72376992797142e-27,"8","TMEM167A"
1.705335122116e-31,1.38152381106296,0.539,0.185,3.03686078546417e-27,"8","NUDT16"
1.75668918405643e-31,1.45198927059756,0.542,0.164,3.1283120989677e-27,"8","HHEX"
2.21561498141771e-31,1.42763197506484,0.766,0.427,3.94556715890866e-27,"8","SLC2A3"
2.50288398153843e-31,1.00030283098988,0.879,0.499,4.45713579432364e-27,"8","WSB1"
2.56266538811591e-31,1.84164554100269,0.506,0.137,4.5635945231568e-27,"8","LPCAT2"
2.73274344700522e-31,1.18712951603794,0.635,0.246,4.8664695304269e-27,"8","LY96"
3.40195160957427e-31,1.30928008193929,0.665,0.267,6.05819542632986e-27,"8","DIAPH2"
3.82740966103667e-31,2.19712868675902,0.368,0.079,6.8158511243741e-27,"8","CD300LB"
4.54903384987667e-31,1.03210110661207,0.771,0.36,8.10091947986037e-27,"8","TRIM8"
4.74782907735192e-31,1.57317552073124,0.603,0.192,8.45493402094829e-27,"8","SH2B3"
5.19469154963746e-31,1.85594188411295,0.466,0.123,9.25070671159439e-27,"8","ATP6V0A1"
6.24317305996173e-31,1.37615979293046,0.578,0.211,1.11178425851799e-26,"8","NBPF14"
6.58808213438536e-31,2.13418690552368,0.427,0.091,1.17320566649135e-26,"8","NFE2"
6.63561906387813e-31,1.72640419977992,0.52,0.15,1.18167104289542e-26,"8","GIMAP8"
8.09593593508953e-31,1.20241809065061,0.708,0.262,1.44172427132074e-26,"8","GRINA"
9.84598672959808e-31,1.00081151683131,0.873,0.497,1.75337331680683e-26,"8","METTL9"
1.01329326971776e-30,3.39334177874889,0.272,0.028,1.80447265471338e-26,"8","EGR2"
1.02992182716416e-30,1.78154438952442,0.452,0.125,1.83408478981393e-26,"8","MAP3K20"
1.07761468567189e-30,0.893026456323854,0.857,0.473,1.91901623224451e-26,"8","RNH1"
2.09100869533115e-30,1.43786462003925,0.541,0.18,3.72366828464571e-26,"8","RELT"
2.38589104826754e-30,1.39239998845698,0.475,0.156,4.24879477875484e-26,"8","SAP30"
2.64912583512077e-30,2.12649987804979,0.412,0.09,4.71756328718306e-26,"8","HPSE"
4.03195892293566e-30,1.38155920717721,0.52,0.176,7.18011244996383e-26,"8","ARID3A"
4.19203357745276e-30,1.04995902133331,0.713,0.313,7.46517339472788e-26,"8","SLCO3A1"
5.40606175047375e-30,1.48020292861262,0.557,0.187,9.62711476524365e-26,"8","CDKN1A"
5.97086019709048e-30,1.11055247876958,0.583,0.211,1.06329078389787e-25,"8","STX11"
6.61642086245695e-30,1.70744342713173,0.505,0.148,1.17825222718633e-25,"8","KCNK6"
7.28211838039167e-30,1.97466175682432,0.37,0.091,1.29679964118015e-25,"8","GLT1D1"
8.68940366918707e-30,1.54565628979185,0.639,0.228,1.54740900540883e-25,"8","SCLT1"
8.97935140907466e-30,1.25167263955013,0.61,0.246,1.59904289892801e-25,"8","CPEB4"
1.02902054026159e-29,2.13517337748525,0.421,0.094,1.83247977809783e-25,"8","WDFY3"
1.56117541629376e-29,1.71735704999117,0.378,0.105,2.78014118133592e-25,"8","DAPK1"
2.10699884473046e-29,1.41495933057528,0.534,0.179,3.752143542696e-25,"8","ODF3B"
2.59665104182329e-29,1.51101183474543,0.521,0.172,4.62411617527891e-25,"8","TRPS1"
2.6338889646285e-29,1.53810206317037,0.368,0.113,4.69042946821044e-25,"8","MCOLN1"
2.75581419974879e-29,1.4827815507576,0.635,0.227,4.90755392691265e-25,"8","TLE3"
2.76960967809596e-29,1.36196133525061,0.618,0.221,4.93212091475328e-25,"8","NCF4"
4.85614678134573e-29,1.07160550791981,0.623,0.242,8.64782618822047e-25,"8","LILRB1"
7.55603808869598e-29,2.33966481526707,0.314,0.062,1.34557926283498e-24,"8","FGD6"
7.56587899369053e-29,2.50790206495874,0.326,0.057,1.34733173119641e-24,"8","PLA2G7"
8.297338547021e-29,0.769262062800391,0.799,0.43,1.4775900484535e-24,"8","TPM4"
1.07542614583181e-28,1.62311846809164,0.57,0.171,1.91511888049728e-24,"8","CIITA"
1.1843747122903e-28,1.54579232930453,0.563,0.179,2.10913448764657e-24,"8","CKAP4"
1.2516477938088e-28,1.3058158854661,0.589,0.274,2.2289343912147e-24,"8","MX1"
1.28683407224777e-28,1.61627256579677,0.531,0.165,2.29159411585883e-24,"8","MPP1"
1.54709001091538e-28,1.01937437335109,0.685,0.325,2.75505789143812e-24,"8","PLEC"
3.16941319180958e-28,1.25566007997806,0.562,0.196,5.6440910119745e-24,"8","LYL1"
3.71970034114553e-28,1.33545497597713,0.815,0.5,6.62404236751196e-24,"8","TUBA1A"
3.81941963821425e-28,0.809752340834925,0.92,0.547,6.80162249173194e-24,"8","CARD16"
3.96263838970832e-28,1.21915979596339,0.655,0.253,7.05666644439258e-24,"8","PIK3AP1"
4.34382144324057e-28,1.45944960276034,0.374,0.118,7.7354772261228e-24,"8","SIGLEC10"
4.81704116194825e-28,1.09303739846225,0.692,0.305,8.57818690119745e-24,"8","SEC14L1"
5.18657207743278e-28,1.79339978938678,0.461,0.138,9.23624755549229e-24,"8","PHACTR1"
5.56720191850989e-28,1.48870770279578,0.523,0.169,9.91407317648241e-24,"8","CORO1C"
6.41183121072248e-28,1.57995548519071,0.39,0.112,1.14181890200546e-23,"8","HOMER3"
6.96296421535421e-28,1.49407884065623,0.56,0.187,1.23996466747028e-23,"8","SCARB2"
7.31445209066579e-28,0.573140423407102,0.972,0.731,1.30255762830576e-23,"8","CD44"
1.04564224973204e-27,2.03379338953231,0.391,0.092,1.86207971832281e-23,"8","ITPRIPL2"
1.25397250146923e-27,1.09502741755745,0.539,0.211,2.2330742306164e-23,"8","DENND3"
1.27484474841194e-27,1.62278718486849,0.428,0.123,2.27024352797198e-23,"8","TBC1D9"
1.33987417219861e-27,1.35026248081067,0.647,0.227,2.38604792585128e-23,"8","FAM49A"
2.46918856454013e-27,2.53515072521427,0.345,0.055,4.39713099573307e-23,"8","PDK4"
2.50351766017149e-27,1.84865422756018,0.467,0.144,4.45826424923339e-23,"8","AC020916.1"
2.8314703539769e-27,2.44272279196591,0.301,0.055,5.04228240636207e-23,"8","PADI2"
3.59953849850687e-27,1.65520575344043,0.389,0.115,6.41005815814104e-23,"8","SORT1"
4.25228121077508e-27,1.41603161440221,0.398,0.12,7.57246238014826e-23,"8","FAM110A"
4.26670891206482e-27,1.61644417324376,0.413,0.118,7.59815523060503e-23,"8","FCGR1A"
4.34060870747053e-27,1.11678860622913,0.643,0.263,7.72975598626351e-23,"8","PRKACA"
6.82729799589063e-27,1.51425652890491,0.456,0.145,1.2158052271082e-22,"8","ACER3"
7.72321534674518e-27,1.62794152726951,0.511,0.157,1.37535018894838e-22,"8","ZFHX3"
8.36967256113696e-27,1.55755377219867,0.495,0.161,1.49047128968727e-22,"8","ABHD5"
9.24753377997875e-27,1.24131055715454,0.55,0.215,1.64680081553862e-22,"8","LPAR6"
9.61346103750774e-27,1.13285158642663,0.636,0.267,1.71196514155938e-22,"8","SPTLC2"
1.01688714019945e-26,3.15001477353324,0.351,0.052,1.81087261926718e-22,"8","EGR3"
1.02515348576615e-26,0.967049189690407,0.608,0.262,1.82559332745236e-22,"8","OAZ2"
1.4973200807478e-26,1.17689699411463,0.454,0.168,2.66642759979569e-22,"8","TENT5A"
1.58950092404235e-26,0.804995127069058,0.766,0.359,2.83058324553461e-22,"8","BID"
2.44414146195354e-26,0.262328577487181,0.858,0.469,4.35252711544686e-22,"8","NFKBIZ"
2.57068177910208e-26,1.31608969177805,0.535,0.218,4.57787011222499e-22,"8","AC103591.3"
4.09663587011646e-26,1.02329132920406,0.724,0.323,7.29528915750338e-22,"8","EHBP1L1"
5.95879110965637e-26,1.1754351911253,0.355,0.102,1.06114152080761e-21,"8","RETN"
7.80470583859525e-26,1.50629051439277,0.388,0.11,1.38986201573704e-21,"8","IL18"
8.15553259975776e-26,2.33014157009264,0.308,0.059,1.45233724536486e-21,"8","MCEMP1"
1.20329279619983e-25,0.779722499702433,0.846,0.481,2.14282381147265e-21,"8","IRF2BP2"
1.46468353740912e-25,1.56157951640422,0.388,0.117,2.60830844341816e-21,"8","NPL"
1.89425501354026e-25,0.86723612861447,0.812,0.454,3.3732893281125e-21,"8","HERPUD1"
2.41853141413245e-25,1.58564055007144,0.52,0.159,4.30692074228706e-21,"8","ROGDI"
3.10284690947645e-25,2.10761761534074,0.408,0.094,5.52554977639566e-21,"8","CNTLN"
4.27517841250401e-25,1.50600363028453,0.543,0.176,7.61323771698715e-21,"8","SOX4"
4.89501976395071e-25,1.82678591515173,0.382,0.106,8.71705119564342e-21,"8","PTGS2"
5.06190412697209e-25,1.54370702803898,0.282,0.09,9.0142388693119e-21,"8","IFIT3"
1.1682602457778e-24,2.3385683659774,0.36,0.068,2.08043784568111e-20,"8","ARRDC4"
1.20797698561243e-24,1.58342728179254,0.385,0.117,2.15116541597862e-20,"8","HK3"
1.31750715745823e-24,0.753852660687224,0.572,0.212,2.34621674600162e-20,"8","ETS2"
1.35312839490365e-24,0.718693593219714,0.857,0.484,2.40965104564442e-20,"8","CMTM6"
1.40779575455932e-24,1.72314705194939,0.413,0.113,2.50700267971924e-20,"8","RASGRP4"
2.09437556303439e-24,2.01936704592246,0.35,0.081,3.72966400265164e-20,"8","HK2"
2.12246224334495e-24,1.44550869769327,0.419,0.132,3.77968076294868e-20,"8","CAMK1"
2.1828860997409e-24,0.794717484509769,0.604,0.294,3.8872835664186e-20,"8","LAP3"
2.88162581483246e-24,1.38648175623735,0.493,0.152,5.13159925105364e-20,"8","JDP2"
3.3195021555541e-24,0.854572816569057,0.65,0.297,5.91136943861075e-20,"8","MYD88"
3.92102521047296e-24,1.82659452734004,0.388,0.099,6.98256169481025e-20,"8","ASGR2"
6.18975633028459e-24,2.14456603856783,0.324,0.069,1.10227180729708e-19,"8","GPAT3"
6.60446440869658e-24,1.16001156240527,0.499,0.18,1.17612302190069e-19,"8","AHR"
7.51226582101723e-24,1.20195750434969,0.522,0.192,1.33778429740675e-19,"8","GAPT"
8.82536571150875e-24,1.76260102003126,0.391,0.096,1.57162112590548e-19,"8","IER5L"
9.14040750337354e-24,1.62563614199994,0.412,0.121,1.62772376820076e-19,"8","IMPA2"
1.26971372300071e-23,2.21315880397501,0.331,0.071,2.26110619791967e-19,"8","NRG1"
2.45528097611481e-23,1.4760321306928,0.455,0.141,4.37236436226525e-19,"8","LILRA1"
2.64863534602277e-23,1.18020810495291,0.426,0.156,4.71668982419735e-19,"8","SLC31A2"
3.28195258467082e-23,1.23290364301943,0.514,0.182,5.84450116278179e-19,"8","TESC"
4.50437422721383e-23,2.08005222109289,0.321,0.073,8.02138962382239e-19,"8","RTN1"
5.23012210991494e-23,1.48572993965885,0.498,0.162,9.31380145333652e-19,"8","KDM1B"
5.34748385412047e-23,1.47962164887323,0.376,0.122,9.52279924741773e-19,"8","MOSPD2"
5.72521781451415e-23,1.71243351694005,0.287,0.068,1.01954678840868e-18,"8","C9orf139"
6.04604278161814e-23,1.31347294380451,0.478,0.159,1.07667929855056e-18,"8","ANPEP"
8.43207571509193e-23,2.45942400734923,0.254,0.043,1.50158404334357e-18,"8","CACNA2D3"
9.29469450911954e-23,1.66466965489138,0.324,0.083,1.65519919818401e-18,"8","FAM13A"
9.97010813168648e-23,1.79507662236103,0.338,0.091,1.77547685609073e-18,"8","CLMN"
1.55807935368649e-22,1.81768955996964,0.405,0.108,2.7746277130449e-18,"8","LILRB4"
1.6306261645891e-22,1.78009118954303,0.369,0.093,2.90381907390027e-18,"8","STAB1"
1.63870168375462e-22,0.447067056255277,0.999,0.971,2.91819995843022e-18,"8","SH3BGRL3"
2.14583260900505e-22,1.66012907352942,0.346,0.09,3.82129871011619e-18,"8","VEGFA"
2.18722265789085e-22,0.454778215330915,0.982,0.862,3.89500610917202e-18,"8","S100A10"
2.54075631494464e-22,1.55222590951698,0.435,0.134,4.52457884565341e-18,"8","DHX57"
2.88672559566882e-22,1.52465425854171,0.323,0.098,5.14068094076703e-18,"8","DUSP3"
3.11987436889724e-22,1.94482084655644,0.254,0.06,5.55587227613221e-18,"8","FOLR3"
3.96260854794945e-22,1.79715978590324,0.269,0.074,7.05661330218838e-18,"8","F5"
4.98796278387188e-22,1.88874606981652,0.328,0.083,8.88256412551904e-18,"8","CD300C"
5.43633230826164e-22,0.825306571028417,0.556,0.256,9.68102057455233e-18,"8","BLVRA"
6.77587178878997e-22,0.676751758570608,0.863,0.498,1.20664724814772e-17,"8","PTPN6"
7.48492955064646e-22,1.10460525382999,0.356,0.135,1.33291625437912e-17,"8","SESTD1"
9.21295916338882e-22,2.18185575798204,0.252,0.052,1.64064376781628e-17,"8","HSPA6"
1.11888665132281e-21,1.31953804872866,0.555,0.189,1.99251334867567e-17,"8","HSPA1A"
1.23875942117546e-21,1.47398038863977,0.378,0.115,2.20598277722926e-17,"8","AC245128.3"
1.47115226538324e-21,1.40223115118836,0.469,0.168,2.61982795419447e-17,"8","MID1IP1"
1.49440525338231e-21,1.27203941759961,0.436,0.16,2.66123687522322e-17,"8","ZMIZ1"
1.54800758303352e-21,1.90543703696867,0.323,0.081,2.75669190386608e-17,"8","LRMDA"
1.56218275765834e-21,1.6152941754666,0.363,0.098,2.78193505483797e-17,"8","SIGLEC7"
1.69072333886974e-21,1.07692022323346,0.647,0.315,3.01084012185923e-17,"8","MX2"
1.99976794963564e-21,1.38262962128616,0.388,0.128,3.56118676471114e-17,"8","LMNB1"
2.09504857110953e-21,1.42700684403057,0.422,0.138,3.73086249543186e-17,"8","NACC2"
2.13427391262537e-21,0.831830116053563,0.529,0.224,3.80071498360326e-17,"8","NFKBID"
2.18293768080362e-21,1.31806123513386,0.459,0.16,3.88737542197509e-17,"8","PPM1F"
2.18961609970403e-21,2.00428317192783,0.319,0.079,3.89926835035294e-17,"8","TRIB1"
4.23390685390608e-21,2.26389622128922,0.315,0.063,7.53974132543595e-17,"8","CYP27A1"
4.8702617743011e-21,1.06263736846392,0.665,0.271,8.67296216767539e-17,"8","ITGAM"
6.97790053447167e-21,2.04307377822315,0.268,0.062,1.24262452717871e-16,"8","SGMS2"
7.65129033810485e-21,0.746088982647373,0.744,0.391,1.36254178340971e-16,"8","LIMS1"
8.16091534750764e-21,1.82642120394171,0.328,0.083,1.45329580508416e-16,"8","RHOU"
9.01392484332724e-21,1.2817746513318,0.405,0.145,1.60519973609971e-16,"8","PPIF"
9.52191231430533e-21,0.293929863987359,0.443,0.176,1.69566214493149e-16,"8","CCL3L1"
1.24504612536969e-20,1.680713834684,0.412,0.119,2.21717814005835e-16,"8","RNF24"
1.293797565338e-20,1.26523025082559,0.386,0.134,2.30399470435392e-16,"8","QSOX1"
1.30719528330871e-20,0.512519086373826,0.936,0.695,2.32785336051614e-16,"8","KLF6"
1.36655674318244e-20,1.78891961125121,0.356,0.094,2.43356424825928e-16,"8","CRISPLD2"
1.48609061629705e-20,1.53321021406487,0.449,0.137,2.64643016950178e-16,"8","PLCB1"
2.65080430592809e-20,1.88431902898471,0.372,0.105,4.72055230799675e-16,"8","PADI4"
3.67968296442601e-20,1.64452514015809,0.319,0.091,6.55277942304985e-16,"8","MTMR11"
3.71814862798725e-20,1.32868117837271,0.416,0.142,6.6212790767197e-16,"8","TTYH3"
4.39613604017994e-20,1.06620504476022,0.431,0.176,7.82863906035244e-16,"8","DENND5A"
4.9362123404012e-20,2.00960086281403,0.255,0.059,8.79040693578646e-16,"8","C5AR2"
5.10642282035413e-20,0.933089553183815,0.728,0.439,9.09351775848664e-16,"8","XAF1"
6.11931126586354e-20,1.77914937881746,0.291,0.076,1.08972695022498e-15,"8","ASRGL1"
7.94846927456848e-20,1.41128952264267,0.324,0.105,1.41546340841515e-15,"8","CRYBG3"
8.28822693789134e-20,1.13180051390441,0.451,0.171,1.47596745309969e-15,"8","GAA"
8.80882789044136e-20,0.751371658732733,0.513,0.217,1.5686760707298e-15,"8","HVCN1"
8.90246787829285e-20,0.858608916655189,0.593,0.234,1.58535147976639e-15,"8","SNX18"
1.11031457835734e-19,0.803869871744109,0.545,0.226,1.97724820113875e-15,"8","IRF8"
1.13547322001364e-19,1.04283024101702,0.446,0.172,2.0220507102003e-15,"8","FBP1"
1.15038176553184e-19,1.30293231184078,0.453,0.172,2.0485998480591e-15,"8","VNN2"
1.2315703765116e-19,1.89946801197187,0.276,0.069,2.19318052649187e-15,"8","FCAR"
1.3977725506659e-19,0.401925656194432,0.835,0.46,2.48915335822583e-15,"8","TIMP1"
1.51946694885466e-19,1.69000341627045,0.44,0.125,2.70586674252038e-15,"8","IRF5"
2.05831710490883e-19,2.20767218254131,0.27,0.058,3.66545110042164e-15,"8","MARC1"
2.35599948285627e-19,0.859997476488361,0.649,0.292,4.19556387907044e-15,"8","SH3BP2"
2.56122694688254e-19,1.27543990948059,0.45,0.155,4.56103294700843e-15,"8","ZNF467"
3.20057737026482e-19,2.19542905345892,0.283,0.06,5.69958818096759e-15,"8","CPM"
3.41891404359141e-19,0.968735039243159,0.551,0.214,6.08840212882758e-15,"8","CTBP2"
3.4845508484765e-19,0.690529116877071,0.61,0.324,6.20528815096696e-15,"8","CHMP1B"
3.58129132786919e-19,1.14543126048625,0.504,0.192,6.37756359666945e-15,"8","MBOAT7"
5.66917169484403e-19,1.22056856167677,0.386,0.134,1.00956609541782e-14,"8","CXCL16"
6.32160857953662e-19,1.26385582583319,0.469,0.171,1.12575205584388e-14,"8","TIAM1"
6.54889992471932e-19,0.878928266001767,0.64,0.278,1.16622809859402e-14,"8","FOSL2"
7.96600918281038e-19,1.08854196599119,0.42,0.151,1.41858691527487e-14,"8","MIR4435-2HG"
8.10703729298374e-19,0.883514497412812,0.681,0.32,1.44370120113454e-14,"8","NAAA"
8.99317766828494e-19,1.50745363926278,0.338,0.107,1.60150507916818e-14,"8","GK"
1.0130511668974e-18,1.69390687380859,0.281,0.082,1.8040415180109e-14,"8","INSR"
1.26720594966598e-18,1.0503247214465,0.535,0.227,2.25664035516517e-14,"8","GABARAPL1"
2.34841278340534e-18,0.594700665943434,0.923,0.644,4.18205348468823e-14,"8","CSTB"
2.57263333596905e-18,1.14619712063421,0.631,0.274,4.58134544469369e-14,"8","STAT2"
2.7859947445293e-18,1.37980086270991,0.354,0.116,4.96129944105778e-14,"8","HDAC9"
2.85831102222308e-18,1.18172475758324,0.393,0.149,5.09008026837486e-14,"8","PEA15"
2.96496951887354e-18,1.26414833551161,0.516,0.188,5.28001771921e-14,"8","BASP1"
3.31971282428706e-18,0.972147361058296,0.476,0.197,5.9117445974904e-14,"8","FNDC3B"
3.87765108741383e-18,1.50327177662257,0.412,0.132,6.90532105646654e-14,"8","DSE"
5.92317012746345e-18,0.829099132823902,0.73,0.395,1.05479813629869e-13,"8","HIST2H2AC"
6.38210807047211e-18,1.36849743743935,0.375,0.127,1.13652580518967e-13,"8","MAFG"
7.95541046566963e-18,0.375994162996432,0.784,0.487,1.41669949572645e-13,"8","ATP2B1"
1.25258074444732e-17,1.61976204493649,0.327,0.092,2.23059578971179e-13,"8","SLC40A1"
1.41799474570781e-17,0.80123083998436,0.546,0.251,2.52516504315646e-13,"8","MAPKAPK3"
1.44300980230023e-17,1.18385897535593,0.413,0.154,2.56971185593625e-13,"8","NFIL3"
1.44846986555648e-17,0.957492229572528,0.522,0.228,2.57943513658298e-13,"8","C20orf27"
1.58807689668065e-17,1.08041588623259,0.465,0.18,2.8280473376089e-13,"8","CPD"
1.60174272457156e-17,1.42168440818631,0.433,0.201,2.85238344391703e-13,"8","IFI44L"
1.62467364765704e-17,0.822877571998501,0.341,0.118,2.89321883174766e-13,"8","THBS1"
2.02950435761418e-17,0.96900949134387,0.396,0.165,3.61414136003933e-13,"8","RUFY3"
2.69332001896811e-17,2.20883362415522,0.262,0.052,4.79626428977841e-13,"8","OSBPL1A"
2.81413251780681e-17,0.824826886043146,0.608,0.287,5.01140718771037e-13,"8","AGFG1"
2.95809410512013e-17,0.777845011694143,0.792,0.47,5.26777398239794e-13,"8","PARP14"
3.10892719120448e-17,1.66893820114625,0.355,0.102,5.53637754209693e-13,"8","P2RX7"
3.78210929568258e-17,0.682116645058911,0.562,0.274,6.73518023375154e-13,"8","SLC25A37"
3.86839788203787e-17,1.1496088667653,0.52,0.203,6.88884294833304e-13,"8","SKIL"
4.40813977191149e-17,1.88965600722695,0.313,0.08,7.85001530581997e-13,"8","ADAMTSL4"
5.09370494616863e-17,1.67703562946619,0.288,0.081,9.0708697681371e-13,"8","S100Z"
7.57328246718828e-17,1.31448407186156,0.412,0.143,1.34865014175689e-12,"8","SRGAP2B"
7.80551356804563e-17,0.857401373058898,0.646,0.309,1.39000585619757e-12,"8","JARID2"
1.0573258976851e-16,0.846628531606587,0.691,0.372,1.88288595859763e-12,"8","CTNNB1"
2.07864371058551e-16,1.62444603155462,0.259,0.078,3.70164871981067e-12,"8","DST"
4.34737206897829e-16,1.24784475737558,0.49,0.191,7.74180018043655e-12,"8","SLC36A4"
4.37879198816951e-16,1.17366162304077,0.267,0.078,7.79775277253226e-12,"8","STEAP4"
4.87836138282652e-16,0.803906214773608,0.726,0.409,8.68738595053747e-12,"8","STAT1"
5.39655851442867e-16,0.785071725608593,0.541,0.255,9.61019140249458e-12,"8","CARD19"
7.3552178013302e-16,0.28319771418076,0.966,0.594,1.30981718606088e-11,"8","EFHD2"
9.89124078779191e-16,0.390065936225606,0.905,0.579,1.76143215948998e-11,"8","CD63"
1.08252477097989e-15,2.34119793865968,0.283,0.054,1.92776011216099e-11,"8","VENTX"
1.5922916731472e-15,1.43884388503775,0.36,0.113,2.83555301154053e-11,"8","FRMD4B"
1.71211033063567e-15,0.679013572823778,0.52,0.249,3.04892607679601e-11,"8","SMIM14"
1.71833647342663e-15,0.862260678490381,0.328,0.122,3.06001359187814e-11,"8","ARHGAP24"
2.04458912043279e-15,1.09513016895522,0.263,0.097,3.64100430566672e-11,"8","TSPAN4"
2.04941043736766e-15,0.82080834389519,0.509,0.245,3.64959010686432e-11,"8","PLIN2"
2.69037639362062e-15,1.3917570766499,0.274,0.089,4.7910222817596e-11,"8","MYOF"
4.09304972899502e-15,1.07172194034025,0.469,0.197,7.28890295739434e-11,"8","BCL6"
4.28238589468086e-15,0.634994942814096,0.485,0.247,7.62607280124768e-11,"8","LFNG"
6.97713069475518e-15,1.24132309471138,0.397,0.137,1.242487434122e-10,"8","MGST2"
9.56762209378464e-15,1.26828058591466,0.262,0.089,1.70380214246117e-10,"8","GZF1"
1.12419824023357e-14,0.595511789449856,0.594,0.346,2.00197222620793e-10,"8","IFITM3"
1.19569573920471e-14,2.01752712694665,0.284,0.067,2.12929497237574e-10,"8","ACPP"
1.20127955485113e-14,0.870892757535272,0.47,0.216,2.1392386312789e-10,"8","ST8SIA4"
1.21928518050336e-14,0.68447585354484,0.447,0.18,2.17130304944038e-10,"8","RNF144B"
1.38213652620033e-14,1.10503163427335,0.343,0.114,2.46130872585755e-10,"8","HAVCR2"
1.38362417124261e-14,0.938067376183371,0.365,0.157,2.46395792414884e-10,"8","MTF1"
1.7247340088846e-14,1.04053753383987,0.471,0.188,3.0714063230217e-10,"8","PSTPIP2"
2.84125932745981e-14,0.704810675154593,0.561,0.349,5.05971461034043e-10,"8","IFI6"
3.06319991210151e-14,0.899393937610472,0.475,0.253,5.45494640347038e-10,"8","EPSTI1"
4.10455426571425e-14,0.516432513376081,0.659,0.36,7.30939023638394e-10,"8","IER5"
4.34799923193233e-14,0.382699828387891,0.825,0.505,7.7429170322251e-10,"8","CTSC"
5.55571976971319e-14,1.40952923721661,0.355,0.113,9.89362576590525e-10,"8","MICAL2"
6.21980629551227e-14,0.798876437131668,0.374,0.163,1.10762310510482e-09,"8","CALHM6"
6.64658399961449e-14,0.650731569120697,0.342,0.144,1.18362367865135e-09,"8","TCF7L2"
7.45674492395386e-14,1.5317581206043,0.253,0.079,1.3278971360577e-09,"8","LINC01678"
1.26546390459578e-13,0.967996538831951,0.25,0.106,2.25353812130417e-09,"8","OAS3"
1.92546206324697e-13,0.397357501991308,0.431,0.203,3.4288628422302e-09,"8","CXCL8"
2.24610786761209e-13,0.498586802087991,0.831,0.603,3.9998688906436e-09,"8","HMGB2"
2.97494059927639e-13,1.42659678256926,0.258,0.08,5.2977742191914e-09,"8","FADS1"
3.15148341872222e-13,0.577895041996704,0.405,0.219,5.61216167206053e-09,"8","OTUD1"
3.28722803526689e-13,1.36341520861826,0.255,0.083,5.85389568520328e-09,"8","RIN2"
4.76891966236457e-13,0.445484182945745,0.655,0.316,8.49249213473883e-09,"8","METRNL"
5.14764805471268e-13,0.755181568272748,0.643,0.316,9.16693165583234e-09,"8","MAP2K3"
5.64915421930075e-13,1.21407678349476,0.432,0.179,1.00600138337308e-08,"8","IFI44"
7.8600639309806e-13,0.72250919645751,0.405,0.171,1.39972018482903e-08,"8","CCDC50"
8.52541880959358e-13,0.662600724932132,0.434,0.214,1.51820658161243e-08,"8","PLK3"
8.87551966723102e-13,1.00669285317182,0.488,0.207,1.5805525423405e-08,"8","NR4A2"
1.02574631026233e-12,0.604997659909919,0.389,0.184,1.82664902931516e-08,"8","KCNQ1OT1"
1.06070010590438e-12,1.64243789501946,0.299,0.077,1.88889474859452e-08,"8","CES1"
1.57570541464878e-12,0.579032324082743,0.396,0.202,2.80601620240654e-08,"8","SNN"
1.81994973882382e-12,0.85988902747385,0.471,0.219,3.24096649489747e-08,"8","LIPA"
2.21619922160746e-12,0.674130866461124,0.494,0.218,3.94660757383856e-08,"8","PELI1"
2.38846351928201e-12,1.69786280698466,0.256,0.08,4.2533758351374e-08,"8","OSM"
2.407262420287e-12,0.872505217669707,0.348,0.152,4.28685291804708e-08,"8","EHD4"
3.94846158418505e-12,0.492102807622796,0.964,0.737,7.03142038911673e-08,"8","ANXA1"
4.44381387560241e-12,0.905800989474964,0.489,0.216,7.91354374967277e-08,"8","FOXO3"
6.50470335253807e-12,0.614329557554132,0.387,0.179,1.15835757301998e-07,"8","RRAS"
7.45074442973048e-12,0.54129567765631,0.412,0.214,1.3268285680464e-07,"8","ZNF267"
8.21170353982418e-12,0.957545523240431,0.671,0.34,1.46234016637189e-07,"8","CDC42EP3"
1.00681054569075e-11,1.07028749351502,0.404,0.166,1.79292821976608e-07,"8","MSRB2"
1.09370553134291e-11,1.54190636178803,0.267,0.079,1.94767081021545e-07,"8","RAB20"
1.57079785055335e-11,0.767955641025186,0.59,0.289,2.79727681226541e-07,"8","IVNS1ABP"
1.74858484985041e-11,0.293655380798056,0.891,0.652,3.11387990061361e-07,"8","IRF1"
1.95786224675947e-11,0.555818951946247,0.578,0.31,3.48656108902927e-07,"8","PHACTR2"
2.68451038777961e-11,1.23118215413867,0.253,0.09,4.78057609855793e-07,"8","ATF5"
3.11784763236722e-11,0.423365263061035,0.363,0.158,5.55226306371955e-07,"8","BCL11A"
6.45580849894372e-11,1.50759128177877,0.314,0.094,1.1496503774919e-06,"8","SLC16A6"
7.24115809859519e-11,0.710167079151483,0.252,0.11,1.28950543419783e-06,"8","SLC12A7"
7.72779014798585e-11,0.839752927306289,0.304,0.126,1.37616486955332e-06,"8","ARHGAP18"
9.42621023186943e-11,1.34962489778467,0.266,0.089,1.67861951809131e-06,"8","GNA15"
1.45216871313726e-10,0.510361423523559,0.368,0.199,2.58602204435483e-06,"8","IRF7"
1.49218777783394e-10,0.483499217080222,0.387,0.229,2.65728799476668e-06,"8","CITED2"
1.75146934321947e-10,0.752444022311181,0.463,0.242,3.11901660640523e-06,"8","IFRD1"
1.90526972524319e-10,0.794378539261165,0.444,0.222,3.39290432671307e-06,"8","PARP9"
2.07040812151827e-10,1.0334578521052,0.26,0.096,3.68698278279974e-06,"8","GOLIM4"
2.1878047406491e-10,0.726153174133844,0.507,0.259,3.89604268214791e-06,"8","MAT2A"
2.28247755145336e-10,0.774175626440794,0.444,0.222,4.06463602362815e-06,"8","MDM2"
3.18312704865113e-10,1.02817663744314,0.314,0.129,5.66851264823793e-06,"8","CR1"
7.98508341216084e-10,0.483800147763328,0.278,0.114,1.4219836540376e-05,"8","SYNGR1"
1.65016465593162e-09,0.838744625880211,0.425,0.212,2.93861321928302e-05,"8","OAS2"
1.88262709340573e-09,0.383205369547977,0.377,0.187,3.35258232793692e-05,"8","SLC2A6"
1.92040154249098e-09,0.962570640713715,0.299,0.123,3.41985106686794e-05,"8","C3AR1"
2.88977709749552e-09,1.02634039547534,0.35,0.144,5.14611505522002e-05,"8","MIR22HG"
3.35823825812168e-09,1.0870825204862,0.349,0.127,5.98035069006308e-05,"8","GSN"
3.52039445084405e-09,0.418310877908827,0.273,0.126,6.26911843806308e-05,"8","AQP9"
3.55216608936021e-09,0.590758232459149,0.385,0.179,6.32569737193267e-05,"8","BCL3"
6.52533129512937e-09,0.692386755795222,0.401,0.19,0.000116203099703664,"8","ATP13A3"
7.86490455852093e-09,0.361508529333152,0.357,0.209,0.000140058220378141,"8","APOL3"
1.24155068442373e-08,0.31849441620748,0.813,0.561,0.000221095345882178,"8","HIST1H1E"
2.19127410619786e-08,0.294219247493617,0.888,0.574,0.000390222092831714,"8","REL"
2.56526933297728e-08,0.378862617344288,0.251,0.142,0.000456823162816593,"8","PLAGL2"
3.70866686784095e-08,0.362028409168389,0.478,0.251,0.000660439395825117,"8","CD300A"
5.62852947842674e-08,0.341156385190146,0.781,0.499,0.00100232852951823,"8","CD55"
1.02946677311975e-07,1.0038490524039,0.281,0.114,0.00183327442957166,"8","FNIP2"
1.11819403195057e-07,0.352341575635037,0.894,0.64,0.00199127993209757,"8","CFLAR"
1.84016905945377e-07,0.639816260672551,0.598,0.359,0.00327697306107528,"8","GADD45B"
2.18063009543962e-07,0.38156939752984,0.385,0.21,0.00388326607395887,"8","ABI3"
2.63996369134565e-07,0.600910104226189,0.316,0.146,0.00470124734154833,"8","TP53INP1"
4.09113824931215e-07,0.530661875377528,0.501,0.256,0.00728549899437507,"8","NRIP1"
8.8316182777635e-07,0.623169539672138,0.429,0.224,0.0157273458290412,"8","SLC20A1"
8.95695987032468e-07,0.420676026555242,0.439,0.238,0.0159505541370742,"8","FAM129A"
9.18244237878884e-07,0.845109022940951,0.255,0.109,0.0163520933881472,"8","RAPGEF2"
1.01359271034438e-06,0.356703431361858,0.658,0.403,0.0180500589858128,"8","NFE2L2"
3.04391008093307e-06,0.95062497742027,0.304,0.135,0.054205950721256,"8","TFRC"
4.62837557784232e-06,0.485477883816707,0.453,0.252,0.082422112290216,"8","ZNF281"
6.87631610072961e-06,0.297187447783272,0.285,0.166,0.122453437121793,"8","ZBTB43"
1.11519965868396e-05,0.302550611506424,0.362,0.219,0.19859475521844,"8","GPR155"
1.9879638260768e-05,0.651770179908912,0.256,0.125,0.354016598147756,"8","EAF1"
3.18537528056703e-05,0.264658260505935,0.842,0.716,0.567251629963377,"8","H1FX"
5.27447572363518e-05,0.254345380372812,0.626,0.407,0.939278636864952,"8","TUBB"
5.84846099628379e-05,0.444659313545346,0.459,0.258,1,"8","NBN"
7.08223044710117e-05,0.302276444647092,0.338,0.2,1,"8","GCH1"
8.76384306210424e-05,0.267518195161509,0.423,0.296,1,"8","SAMD9L"
0.00010508884751421,0.6394783631029,0.27,0.129,1,"8","SIDT2"
0.000174876281151024,0.627607004346485,0.285,0.136,1,"8","CCDC112"
0.000239349121556808,0.395818964851112,0.543,0.358,1,"8","EIF2AK2"
0.000290568676127936,0.553287692035372,0.252,0.135,1,"8","SLC35E3"
0.000670864433511484,0.328903555578837,0.282,0.167,1,"8","CSRNP1"
0.00230847634491484,0.334872806857256,0.785,0.523,1,"8","DNAJA1"
0.00320214764198867,0.457564425000778,0.293,0.16,1,"8","PSMA6"
0.00386440498821046,0.316739630308981,0.428,0.276,1,"8","RFLNB"
0.00498033403652535,0.258505259685032,0.59,0.434,1,"8","ISG15"
5.12429807034684e-117,3.14577971024669,0.888,0.132,9.12535000367364e-113,"9","CD8B"
5.83346896889751e-66,1.88702167468835,0.705,0.16,1.03882415398127e-61,"9","CD8A"
3.65952964703093e-51,1.76835868279474,0.742,0.249,6.51689039543269e-47,"9","LEF1"
1.47308937337294e-50,1.10062120651507,0.964,0.519,2.62327755610254e-46,"9","CD3D"
3.5271511538936e-44,1.28018799751855,0.872,0.424,6.28115077485372e-40,"9","TCF7"
4.01112521043179e-44,3.24952912862653,0.394,0.045,7.14301177473692e-40,"9","LINC02446"
1.42252740234418e-43,1.30819756372424,0.835,0.508,2.53323679809451e-39,"9","NOSIP"
3.83043029081853e-41,1.81965062238334,0.673,0.252,6.82123026188963e-37,"9","OXNAD1"
4.23638033114199e-41,2.65178128391588,0.492,0.098,7.54414609369766e-37,"9","NELL2"
3.58934373392613e-40,1.47240580949755,0.664,0.265,6.39190332137566e-36,"9","CD27"
5.02341420031721e-38,0.540212374077224,0.957,0.539,8.9456960079249e-34,"9","IL7R"
2.62197727493422e-36,1.39978821907137,0.754,0.387,4.66921713120286e-32,"9","NUCB2"
1.81558263141102e-33,1.58556610296629,0.668,0.228,3.23318955001674e-29,"9","CCR7"
5.84125360886653e-32,0.871755932785261,0.91,0.465,1.04021044266695e-27,"9","CD3G"
7.75479362925692e-32,0.817273602136395,0.852,0.448,1.38097364949807e-27,"9","TRAC"
1.07858615831984e-31,1.2769762105598,0.681,0.341,1.92074623073598e-27,"9","RCAN3"
8.6277729237283e-28,2.43428401809194,0.363,0.075,1.53643380225753e-23,"9","LRRN3"
1.11519310006544e-26,0.695252335498656,0.838,0.562,1.98593587259654e-22,"9","TRBC2"
6.89953908357984e-25,1.75663652924702,0.566,0.19,1.2286699200039e-20,"9","TRABD2A"
8.25742734035936e-24,2.7436160821922,0.256,0.041,1.4704826607712e-19,"9","S100B"
1.27246374841213e-23,1.02871638226125,0.636,0.338,2.26600344317232e-19,"9","BCL11B"
2.04826087347799e-22,1.24671750326196,0.514,0.214,3.6475429634896e-18,"9","MAL"
2.23753052055389e-19,0.379585222748511,0.972,0.706,3.98459435100237e-15,"9","LTB"
3.77243672902413e-19,1.02455627164486,0.603,0.324,6.71795532704618e-15,"9","LINC00861"
1.15745185326501e-17,1.67782392686754,0.341,0.121,2.06119026029432e-13,"9","THEMIS"
2.17135953540638e-17,2.02905202916519,0.328,0.098,3.86675706065169e-13,"9","PASK"
3.78162724243064e-17,0.668732431749268,0.756,0.427,6.73432179332049e-13,"9","CD7"
3.64595084032606e-16,1.11093269431398,0.483,0.232,6.49270925645265e-12,"9","CAMK4"
7.01192075339615e-13,1.18387950518964,0.375,0.219,1.24868284776479e-08,"9","GPR155"
2.20613557226494e-10,1.43896921891893,0.338,0.177,3.9286862270894e-06,"9","ARMH1"
3.19861344024395e-10,0.698475650027481,0.3,0.167,5.69609081438643e-06,"9","STMN1"
3.87636385164473e-07,0.537749935494756,0.393,0.286,0.00690302874700893,"9","BCL2"
2.49150838559059e-06,0.65440870167036,0.488,0.358,0.0443687813305972,"9","TOB1"
1.21861609853181e-05,0.788486235910629,0.253,0.158,0.217011154826545,"9","RGCC"
1.88403377377227e-05,0.868679769214033,0.279,0.154,0.335508734433366,"9","ITGA6"
3.29525375862426e-05,0.82614836935235,0.272,0.168,0.586818789335807,"9","MYC"
0.000264655452332531,0.576322232427159,0.392,0.233,1,"9","TXK"
0.00144665200641182,0.389393776187952,0.558,0.401,1,"9","TRBC1"
0.00402886408468234,0.597308809681375,0.345,0.281,1,"9","RFLNB"
0.00413493149362308,0.397936475328555,0.501,0.43,1,"9","GABPB1-AS1"
3.62634655852733e-123,2.33100862403995,1,0.522,6.45779795142546e-119,"10","FOS"
2.77842102902909e-117,1.88673313874408,1,0.904,4.94781216849501e-113,"10","NEAT1"
2.8264505835809e-117,1.86043089152338,1,0.594,5.03334319924087e-113,"10","PSAP"
1.2453492487326e-112,2.12470952549076,1,0.726,2.21771794214301e-108,"10","SAT1"
9.47584530808581e-112,2.16753670733039,0.975,0.292,1.68745853246392e-107,"10","CLEC12A"
1.73481348203184e-110,2.41799923371728,0.963,0.358,3.0893558488023e-106,"10","RGS2"
1.36564245343576e-109,2.57912564768593,0.964,0.282,2.43193608107839e-105,"10","SLC11A1"
1.91026401510924e-109,2.05767576932885,0.994,0.387,3.40179815810654e-105,"10","CEBPD"
2.07238238892533e-107,2.02000448778688,0.996,0.378,3.69049855819824e-103,"10","CYBB"
5.92710606242374e-105,1.85169583133327,1,0.739,1.05549904759642e-100,"10","CTSS"
6.26599072836531e-105,2.21950762503525,0.997,0.367,1.1158476289073e-100,"10","VCAN"
1.76922428725267e-104,2.24917717441901,0.982,0.295,3.15063461073955e-100,"10","CSF3R"
1.98226555455851e-104,1.96978822562355,0.995,0.388,3.53001849955779e-100,"10","GRN"
4.28990182600938e-103,0.919996211353753,1,1,7.63945717175751e-99,"10","MT-ND1"
9.04808515894773e-103,1.96440737593968,0.997,0.433,1.61128300510541e-98,"10","TYMP"
1.77687373965214e-102,1.83539862590332,0.995,0.569,3.16425675557253e-98,"10","CEBPB"
1.9896873863786e-100,1.94593523461992,0.965,0.306,3.543235297663e-96,"10","CD68"
1.10731347686949e-99,1.96573006694065,0.996,0.379,1.97190383960919e-95,"10","FGL2"
7.07121932468269e-99,1.82798948188438,0.997,0.492,1.25924273733949e-94,"10","APLP2"
1.75104494186382e-98,2.33496959005121,0.955,0.263,3.11826083247109e-94,"10","CD36"
7.38987050209405e-98,2.49202910770813,0.873,0.174,1.31598813901291e-93,"10","TMEM176B"
7.66760708182109e-98,1.80795812511921,0.989,0.477,1.3654474691307e-93,"10","ASAH1"
1.61341536333338e-97,2.41882721631232,0.908,0.255,2.87317007902408e-93,"10","LRRK2"
6.02050700969906e-97,1.95920876180211,0.99,0.299,1.07213188828721e-92,"10","CD14"
9.93499350614668e-97,2.24050637453154,0.922,0.242,1.7692236435746e-92,"10","FPR1"
3.69790359829509e-95,2.66396416518784,0.865,0.21,6.5852267278439e-91,"10","IFI30"
1.44812452717732e-94,2.38857848008868,0.882,0.226,2.57882015799738e-90,"10","XIST"
8.48181250736318e-94,1.84590748862748,0.972,0.319,1.51044117131124e-89,"10","NCF2"
1.28111711637338e-93,1.84377493691891,0.98,0.396,2.28141336083771e-89,"10","NAMPT"
1.90740407336914e-93,1.86572263638226,0.978,0.322,3.39670517385577e-89,"10","MPEG1"
3.58933081838962e-92,1.55135746524186,0.999,0.624,6.39188032138824e-88,"10","DUSP1"
8.39296172977828e-92,1.96847397188753,0.932,0.354,1.49461862483892e-87,"10","ADA2"
1.70977423392236e-91,2.32433092857428,0.883,0.246,3.04476595576894e-87,"10","C5AR1"
2.44905840117163e-91,2.13654406742614,0.908,0.258,4.36128320080643e-87,"10","IRAK3"
3.0292519930954e-91,1.91574927338058,0.951,0.363,5.39449194930429e-87,"10","CTSB"
3.99019491111085e-89,1.77958501845365,0.96,0.363,7.10573909770619e-85,"10","RNF130"
5.32379201461427e-89,1.64864342391098,0.985,0.5,9.48060881962509e-85,"10","VSIR"
5.61958529242003e-89,1.95341765395551,0.906,0.337,1.00073574887416e-84,"10","PPT1"
9.96804781791492e-89,1.93735480197225,0.972,0.307,1.77510995541429e-84,"10","CLEC7A"
2.39969484694632e-88,2.07867129331287,0.911,0.26,4.27337658344201e-84,"10","KCTD12"
6.80071963111446e-88,1.69835855048831,0.974,0.341,1.21107215190886e-83,"10","SPI1"
1.14995697423255e-87,1.49850268151162,0.971,0.341,2.04784337971333e-83,"10","CFD"
2.37865020556816e-87,1.36124789697598,0.999,0.647,4.23590028607577e-83,"10","COTL1"
3.91912889975607e-87,1.86239346238342,0.928,0.305,6.97918474468561e-83,"10","TNFSF13B"
4.29394428464549e-87,1.70915637309779,0.968,0.297,7.64665598209669e-83,"10","MS4A6A"
5.93269430365694e-87,2.23187871283807,0.891,0.241,1.05649420159523e-82,"10","PLXDC2"
2.57202493891734e-86,1.59287103489464,0.985,0.496,4.58026201122401e-82,"10","TNFRSF1B"
6.4245302641644e-86,1.37139720072498,0.998,0.701,1.1440803494424e-81,"10","ITGB2"
2.73459036294054e-85,1.68455822738721,1,0.741,4.86975851832452e-81,"10","LYZ"
3.99583030374714e-84,2.84148880398968,0.775,0.15,7.11577460491291e-80,"10","ANPEP"
1.13036180356867e-83,1.48134351557379,0.994,0.586,2.01294829979509e-79,"10","TKT"
1.87016633145114e-83,2.28798354765244,0.867,0.244,3.33039220304819e-79,"10","PLAUR"
1.90762415883337e-83,1.98197032040841,0.895,0.254,3.39709710205046e-79,"10","LRP1"
1.96135247950285e-82,1.47213265833659,0.976,0.539,3.49277649549868e-78,"10","H2AFY"
4.89209799591563e-82,1.59137839143663,0.984,0.32,8.71184811112655e-78,"10","SERPINA1"
8.49070760468922e-82,1.72850926744708,0.959,0.403,1.51202521024306e-77,"10","PTPRE"
9.64653952052938e-82,1.59419891947179,0.998,0.607,1.71785575781587e-77,"10","S100A8"
1.61022790718678e-81,2.41327376249585,0.779,0.223,2.86749385711821e-77,"10","IRS2"
1.86349174854284e-81,2.04612715932582,0.859,0.251,3.31850610580508e-77,"10","RAB31"
2.28359898363599e-81,1.96187936536337,0.843,0.251,4.06663307005898e-77,"10","FCGR2A"
2.63388838582536e-81,1.39110314543648,0.998,0.534,4.6904284374778e-77,"10","AIF1"
2.86502187362199e-81,1.62483922190969,0.989,0.64,5.10203095254604e-77,"10","MCL1"
6.26086136899727e-81,1.42609176760521,0.994,0.699,1.11493419259103e-76,"10","IER2"
9.34261447060014e-81,2.07373946940892,0.866,0.237,1.66373278492447e-76,"10","CD300E"
1.40808841281231e-80,1.61677693839137,0.96,0.315,2.50752384553616e-76,"10","CSTA"
1.89171564973488e-80,1.59974281456036,1,0.757,3.36876722904787e-76,"10","S100A9"
3.32238943002274e-80,1.74125115612455,0.927,0.408,5.9165110969845e-76,"10","HIF1A"
4.05428801574293e-80,1.43076274840226,0.974,0.505,7.21987609843501e-76,"10","ANXA5"
5.18060319224269e-80,1.83365160470262,0.913,0.276,9.22561816474578e-76,"10","LILRB2"
5.67280507803288e-80,1.30666583095971,0.988,0.697,1.01021312829609e-75,"10","SAMHD1"
8.19124934628733e-80,1.81278224520635,0.903,0.323,1.45869768358685e-75,"10","OGFRL1"
2.24277487558312e-79,1.60935612923442,0.999,0.404,3.99393349843842e-75,"10","FCN1"
5.32823704249709e-79,2.3083322211798,0.807,0.203,9.48852452527882e-75,"10","APOBEC3A"
1.05574602279162e-78,1.38621629972468,0.99,0.574,1.88007251738732e-74,"10","BRI3"
3.04685059063298e-78,1.95409375588587,0.842,0.229,5.42583153179922e-74,"10","CD93"
5.49165930018793e-78,1.69046537321111,0.953,0.392,9.77954688177467e-74,"10","JAML"
9.09672647019363e-78,1.12002914909209,1,0.8,1.61994504981208e-73,"10","SRGN"
3.28039648597339e-77,1.46842526116242,0.895,0.263,5.84173006222141e-73,"10","AC020656.1"
1.01101275036826e-76,1.94763172980168,0.877,0.258,1.8004115058558e-72,"10","CD302"
1.12072483651127e-76,1.96598234414783,0.881,0.324,1.99578678885927e-72,"10","GLUL"
3.60481129885165e-76,0.652901343104467,1,1,6.41944796099502e-72,"10","MT-CO1"
3.94787462165828e-76,2.61195501862993,0.749,0.182,7.03037512624906e-72,"10","EGR1"
6.35346802730241e-76,1.03753522357249,0.997,0.801,1.13142558630201e-71,"10","GNAI2"
9.13204536857447e-76,2.74644568232503,0.709,0.121,1.62623463923574e-71,"10","TMEM176A"
1.08688495019334e-75,1.33205277554444,0.978,0.481,1.93552471930429e-71,"10","AP1S2"
1.42758868230216e-75,2.49360738585056,0.679,0.148,2.54224992544369e-71,"10","JDP2"
1.49860075569287e-75,1.91410676793314,0.882,0.268,2.66870822573787e-71,"10","TIMP2"
3.18813078482935e-75,1.38911543912733,0.975,0.543,5.67742330162411e-71,"10","TALDO1"
3.68031109193242e-75,1.18108772460609,0.996,0.473,6.55389799251325e-71,"10","LST1"
5.38105990373319e-75,1.51752154531954,0.997,0.373,9.58259147656807e-71,"10","MNDA"
5.52967993289071e-75,2.05166042757076,0.875,0.285,9.84725402449178e-71,"10","MEGF9"
3.02220428151474e-74,1.60901241549284,0.947,0.446,5.38194138452145e-70,"10","VMP1"
1.68874254167261e-73,1.49737447311279,0.949,0.467,3.00731271821059e-69,"10","QKI"
2.58086387091384e-73,1.2078162933524,0.997,0.716,4.59600238132337e-69,"10","TSPO"
3.65834610151638e-73,2.15318608364832,0.891,0.424,6.51478273758037e-69,"10","SLC2A3"
3.90558896302148e-73,1.43925369810197,0.945,0.413,6.95507282534866e-69,"10","CTSZ"
9.2783766533102e-73,1.85100120719748,0.877,0.265,1.65229331442148e-68,"10","DMXL2"
1.45565057009178e-72,2.1107799781087,0.867,0.248,2.59222253521944e-68,"10","PLBD1"
6.97645844438266e-72,1.62952358965472,0.899,0.289,1.24236771977566e-67,"10","IGSF6"
1.08857299300512e-71,2.0003163097546,0.888,0.254,1.93853078594352e-67,"10","LILRB3"
1.67369375971191e-71,2.56519892491299,0.751,0.163,2.98051384729497e-67,"10","SHTN1"
2.3739765730114e-71,1.06402915017591,1,0.963,4.22757748121871e-67,"10","S100A6"
2.77324312657582e-71,0.886167365479632,1,0.996,4.93859135980622e-67,"10","FTH1"
3.29103868754411e-71,1.48538524520056,0.942,0.376,5.86068169477856e-67,"10","LGALS3"
1.04789094173023e-70,3.43625387767266,0.627,0.082,1.8660841890332e-66,"10","HBEGF"
5.40708600437447e-70,1.93393639437447,0.779,0.239,9.62893875659006e-66,"10","GNS"
1.19176993076601e-69,1.33907178517382,0.999,0.549,2.12230389270811e-65,"10","TYROBP"
1.19872770206133e-69,2.09855704451987,0.816,0.229,2.13469429183082e-65,"10","EMILIN2"
2.05709298565636e-69,1.40384247011563,0.95,0.401,3.66327118885684e-65,"10","FCGRT"
3.91708404109057e-69,2.33805441297968,0.841,0.34,6.97554326037409e-65,"10","IFI6"
7.56599697429639e-69,1.27038246267051,0.999,0.464,1.3473527411827e-64,"10","CST3"
2.14833446010747e-68,1.59768915533409,0.94,0.443,3.82575400655937e-64,"10","NCF1"
5.11736780320605e-68,2.01879215661172,0.711,0.199,9.11300858394934e-64,"10","NR4A1"
8.95803706268953e-68,1.9346691806779,0.868,0.282,1.59524724012375e-63,"10","NAIP"
1.62290434178363e-67,2.2293006245956,0.743,0.194,2.89006805184829e-63,"10","ENTPD1"
2.69601673293975e-67,1.7630647417721,0.829,0.251,4.80106659801911e-63,"10","TGFBI"
2.78757546049111e-67,1.6602351614067,0.886,0.343,4.96411438004256e-63,"10","THEMIS2"
4.57634639697274e-67,1.97455981222632,0.739,0.212,8.14955766372905e-63,"10","PRAM1"
6.76919934723948e-67,1.32353392598302,0.985,0.558,1.20545901975641e-62,"10","MYO1F"
7.94156122915935e-67,1.70842283648725,0.877,0.336,1.4142332236887e-62,"10","IFITM3"
1.16551714661824e-66,1.56549353783716,0.888,0.341,2.07555293469776e-62,"10","CTSH"
3.40669044925301e-66,1.55873323135715,0.901,0.303,6.06663435202975e-62,"10","CFP"
1.13513908081355e-65,1.51069120810392,0.892,0.408,2.02145567511276e-61,"10","MIDN"
1.444159524692e-65,2.68445677869333,0.731,0.191,2.57175928157152e-61,"10","IFI44L"
2.45931413452977e-65,1.66968530737641,0.877,0.386,4.37954661077061e-61,"10","LTA4H"
1.03380140294869e-64,1.50945434177332,0.896,0.329,1.84099353837104e-60,"10","MARCH1"
1.29181597820485e-64,2.12850880978451,0.737,0.204,2.3004658939872e-60,"10","FOSB"
2.32071282233275e-64,1.59291457668674,0.87,0.309,4.13272539401016e-60,"10","KLF10"
2.37783255950503e-64,1.60882451852755,0.891,0.399,4.23444422196656e-60,"10","RNF149"
3.12760219576376e-64,1.81475333736534,0.882,0.313,5.5696339902161e-60,"10","CCDC88A"
3.37694750243317e-64,1.61823276491317,0.843,0.266,6.01366811233299e-60,"10","HCK"
3.59886547836471e-64,1.26746648263141,0.941,0.416,6.40885964387188e-60,"10","LYN"
4.5875877613687e-64,1.42444650856609,0.962,0.504,8.16957628544538e-60,"10","CTSD"
5.57274705700115e-64,1.05451620236927,1,0.998,9.92394795910765e-60,"10","FTL"
1.42239889096685e-63,1.65498568872501,0.859,0.284,2.53300794503376e-59,"10","CPPED1"
6.93480388031624e-63,1.52369616360508,0.802,0.253,1.23494987500672e-58,"10","ALDH2"
2.04731625147666e-62,0.88072795687647,0.961,0.329,3.64586078062964e-58,"10","TNFAIP2"
2.06483290024731e-62,1.70466103818441,0.872,0.344,3.6770544287604e-58,"10","DPYD"
3.54748527180336e-62,1.58174525490208,0.807,0.289,6.31736177202742e-58,"10","LY86"
4.76483839284499e-62,1.73668227628679,0.801,0.262,8.48522420997836e-58,"10","ITGAX"
7.96127293309226e-62,1.25442883944412,0.957,0.523,1.41774348392507e-57,"10","SDCBP"
9.25459020089649e-62,1.76057518485252,0.777,0.257,1.64805742297565e-57,"10","WARS"
2.05723214149413e-61,1.45442829218227,0.895,0.415,3.66351899757274e-57,"10","FBXL5"
2.48080774015592e-61,1.93982885620923,0.677,0.187,4.41782242366967e-57,"10","PLXNB2"
3.75496484542742e-61,1.47311617184114,0.879,0.285,6.68684139673714e-57,"10","CPVL"
3.91162553860643e-61,1.89837195665685,0.701,0.198,6.96582275915032e-57,"10","LILRA2"
4.9121182006297e-61,1.21521473794588,0.944,0.487,8.74750009168137e-57,"10","NPC2"
6.56908628927853e-61,1.77385262109168,0.864,0.318,1.16982288639472e-56,"10","IL17RA"
9.75370152370194e-61,1.08163616186995,0.999,0.737,1.73693916734084e-56,"10","S100A11"
3.03184519653419e-60,1.51209917882441,0.891,0.331,5.39910992598808e-56,"10","PECAM1"
4.14741012362791e-60,2.10510224437875,0.727,0.188,7.38570794815658e-56,"10","BST1"
5.86008521133397e-60,1.22171859004106,0.916,0.3,1.04356397443435e-55,"10","S100A12"
8.71559664772397e-60,2.09175218845871,0.753,0.194,1.55207345102668e-55,"10","RBP7"
1.58892474988705e-59,1.61014410016647,0.827,0.303,2.82955719459885e-55,"10","SCPEP1"
1.78716974387434e-59,1.54420137012156,0.853,0.309,3.18259187989142e-55,"10","GCA"
2.65711935703017e-59,1.53465948953119,0.942,0.396,4.73179815099933e-55,"10","FGR"
3.05217436958589e-59,2.19596384564981,0.67,0.169,5.43531211735854e-55,"10","IL13RA1"
3.36324593877888e-59,1.84287706254029,0.816,0.272,5.98926836777744e-55,"10","MXD1"
3.114839871931e-58,1.61385225907538,0.808,0.313,5.54690684393472e-54,"10","TET2"
8.35412980329224e-58,1.11395898855851,0.951,0.507,1.48770343537028e-53,"10","PYCARD"
1.32099578830476e-57,2.24605979201479,0.676,0.165,2.35242929981312e-53,"10","TMEM170B"
2.19640464331416e-57,0.788485362176606,1,0.997,3.91135738881386e-53,"10","ACTB"
2.76468411343548e-57,1.71025204764182,0.77,0.236,4.9233494692059e-53,"10","SLC43A2"
4.29697716208625e-57,1.63261977921105,0.796,0.254,7.6520569302432e-53,"10","SLC7A7"
6.04567676903813e-57,0.946356816426621,0.998,0.865,1.07661411903031e-52,"10","LCP1"
6.67476357533204e-57,2.43222238780747,0.692,0.151,1.18864189749513e-52,"10","CD163"
1.23586206617199e-56,1.76338166525005,0.798,0.25,2.20082316743908e-52,"10","RXRA"
1.38677544862951e-56,1.11259584665921,0.897,0.369,2.46956971891943e-52,"10","ATP2B1-AS1"
1.81751337595559e-56,2.12927461292658,0.704,0.206,3.23662781990171e-52,"10","NRGN"
3.14192320293363e-56,1.70751262559872,0.676,0.22,5.5951368397842e-52,"10","ALOX5"
5.10806497311848e-56,1.44848045740973,0.872,0.37,9.09644210412938e-52,"10","RTN3"
5.8829881995712e-56,1.71140086937265,0.84,0.312,1.04764253857964e-51,"10","LGALS9"
7.46194653074446e-56,1.93228792877816,0.661,0.192,1.32882343819497e-51,"10","HRH2"
1.2990527539528e-55,1.75803313755937,0.73,0.226,2.31335314423915e-51,"10","GAS7"
5.68647841783493e-55,1.89586988601563,0.765,0.29,1.01264807664804e-50,"10","LAP3"
7.24073612731771e-55,0.733223636350674,0.999,0.968,1.28943028955274e-50,"10","OAZ1"
9.30101693361137e-55,2.15047314843546,0.726,0.271,1.65632509553751e-50,"10","MX1"
2.23912294740098e-54,1.39065963476072,0.86,0.379,3.98743014473166e-50,"10","RILPL2"
2.66500839074304e-54,2.71035921740593,0.51,0.092,4.7458469422352e-50,"10","LINC00937"
2.71697340898529e-54,1.64123383056037,0.696,0.212,4.83838624672101e-50,"10","LILRA5"
5.11801121485084e-54,2.0360461409373,0.604,0.156,9.11415437140637e-50,"10","ADGRE2"
5.93327833841448e-54,1.709311533123,0.714,0.209,1.05659820650485e-49,"10","TLR2"
8.49683505506781e-54,1.6386218589895,0.803,0.286,1.51311638660648e-49,"10","SYK"
1.00963066183614e-53,1.44960640384017,0.829,0.265,1.7979502825978e-49,"10","PILRA"
1.21577588550584e-53,2.5194422404331,0.588,0.122,2.1650536969088e-49,"10","F13A1"
1.48600714850017e-53,1.51565382919633,0.91,0.44,2.64628153004911e-49,"10","PLEKHO1"
1.49129883605054e-53,1.37059740170479,0.785,0.343,2.6557049672388e-49,"10","CD4"
1.52012668333118e-53,1.3675314726661,0.878,0.385,2.70704159767616e-49,"10","SKAP2"
1.92148869861734e-53,1.54096668769261,0.859,0.336,3.42178707449775e-49,"10","AOAH"
2.25874689871285e-53,1.19163768871947,0.951,0.531,4.02237647722785e-49,"10","ARRB2"
2.84562551547136e-53,1.63914371278283,0.715,0.213,5.0674899179514e-49,"10","ASGR1"
4.24311379840741e-53,2.11516219069495,0.652,0.163,7.55613705220392e-49,"10","CREB5"
4.61297529428756e-53,1.57749827516298,0.746,0.27,8.21478640406728e-49,"10","RASSF2"
4.67959884689433e-53,2.31181049349536,0.642,0.172,8.33342962654942e-49,"10","IFI44"
5.43350989343307e-53,1.38914196449757,0.9,0.418,9.67599441822561e-49,"10","NCOA4"
5.75509184312662e-53,1.10598889381,0.989,0.713,1.02486675542399e-48,"10","AHNAK"
7.58197569143149e-53,1.3690993951944,0.81,0.362,1.35019823113012e-48,"10","TRIM8"
8.08732937073769e-53,1.7541961911394,0.691,0.209,1.44019161434097e-48,"10","ZNF385A"
8.66095137559933e-53,1.66823663693613,0.788,0.288,1.54234222096673e-48,"10","GNAQ"
1.7062746772585e-52,1.70248623947435,0.76,0.276,3.03853394526194e-48,"10","FOSL2"
2.07851695717331e-52,0.954743674368432,0.984,0.728,3.70142299733423e-48,"10","EVI2B"
5.40440511131399e-52,1.49157105066643,0.821,0.333,9.62416462222795e-48,"10","NUMB"
5.64243102397064e-52,1.87027264441458,0.766,0.239,1.00480411674869e-47,"10","PGD"
3.26911020109018e-51,1.46445464824211,0.753,0.3,5.82163144610139e-47,"10","CTSA"
6.13550054909595e-51,1.4017417613483,0.892,0.421,1.09260993778301e-46,"10","ZFAND5"
6.75177357821067e-51,2.16042720311567,0.571,0.141,1.20235583880776e-46,"10","MEFV"
6.94139549194053e-51,1.34025429482459,0.858,0.388,1.23612370920477e-46,"10","ZYX"
6.99083355366685e-51,1.06136587402356,0.943,0.535,1.24492763923699e-46,"10","ATP6V0B"
1.03617315133718e-50,1.54065715976089,0.758,0.228,1.84521714790124e-46,"10","LRRC25"
1.48129899514844e-50,0.798194594253849,1,0.937,2.63789725056033e-46,"10","S100A4"
1.98768420604341e-50,1.57267406369057,0.843,0.353,3.5396680341221e-46,"10","MGAT1"
3.6164357011946e-50,1.61348542389081,0.732,0.233,6.44014869668734e-46,"10","C19orf38"
4.11122097859565e-50,1.98317222174497,0.612,0.162,7.32126231868314e-46,"10","TFEC"
9.76556556172476e-50,1.64429277351237,0.751,0.271,1.73905191523195e-45,"10","PLSCR1"
1.02900312216988e-49,1.48703864014018,0.864,0.36,1.83244875996012e-45,"10","IFNGR1"
1.09006477795825e-49,0.971726753518728,0.784,0.261,1.94118735658806e-45,"10","IER3"
1.12963867412134e-49,1.86762773672232,0.681,0.208,2.01166055087529e-45,"10","DENND3"
1.52362420884968e-49,1.48723794259839,0.868,0.373,2.7132699911195e-45,"10","TPP1"
2.37733238717089e-49,1.789548622081,0.589,0.179,4.23355351507392e-45,"10","ODF3B"
2.74975776783126e-49,1.84768392932311,0.634,0.172,4.89676863295391e-45,"10","SIRPA"
3.47774081999332e-49,1.01310121465861,0.992,0.607,6.19316085224411e-45,"10","LGALS1"
3.63721747420097e-49,2.01239639121433,0.643,0.172,6.47715687805708e-45,"10","KLF4"
6.81007787940921e-49,1.04159250302887,0.938,0.552,1.21273866876519e-44,"10","FKBP1A"
1.34409947176343e-48,1.03094668884351,0.956,0.542,2.39357233931631e-44,"10","ANXA2"
1.43560913074288e-48,1.99080723914146,0.589,0.163,2.55653274002692e-44,"10","SECTM1"
1.44795058574853e-48,1.04385377893416,0.932,0.529,2.57851040310099e-44,"10","C1orf162"
1.56784919245595e-48,1.64798505452966,0.714,0.229,2.79202584192556e-44,"10","TBXAS1"
2.17114423502713e-48,0.840994230193968,0.997,0.924,3.86637365373631e-44,"10","GAPDH"
2.31266046955423e-48,1.49693327038887,0.725,0.239,4.11838576418217e-44,"10","RAB32"
2.97961176245599e-48,1.47189765056911,0.725,0.275,5.30609262658163e-44,"10","NOTCH2"
4.20228975658671e-48,0.822127904945796,0.964,0.525,7.48343759852961e-44,"10","HLA-DRB1"
4.52232140522557e-48,1.68457373722414,0.728,0.241,8.0533499584257e-44,"10","LILRB1"
1.07622807495564e-47,1.39550479545357,0.727,0.244,1.916546955881e-43,"10","LMO2"
1.22005388688925e-47,0.751201548430043,0.991,0.567,2.17267196177238e-43,"10","HLA-DRA"
1.35488902297383e-47,2.89465433251617,0.454,0.078,2.41278637211179e-43,"10","MARCO"
1.49174286207774e-47,2.0435413652289,0.645,0.171,2.65649568878803e-43,"10","PYGL"
1.84024617575534e-47,1.40231834298566,0.663,0.224,3.27711038978511e-43,"10","RNASE6"
2.03895712550945e-47,2.20257308544643,0.474,0.113,3.63097484910723e-43,"10","SORT1"
2.12955274838819e-47,1.47795059956736,0.701,0.249,3.79230753432969e-43,"10","PAK1"
2.25294566563105e-47,1.11478957268717,0.93,0.498,4.01204564135577e-43,"10","GLIPR1"
2.4778944078183e-47,1.16140718584283,0.942,0.507,4.41263436144283e-43,"10","POU2F2"
2.51464470702901e-47,1.37663996429074,0.87,0.327,4.47807929427727e-43,"10","BLVRB"
3.4899333307912e-47,2.04272367327,0.665,0.202,6.21487327547298e-43,"10","NR4A2"
4.0228438821614e-47,1.58776650909193,0.672,0.229,7.16388038535302e-43,"10","FAM49A"
6.21149115704821e-47,1.11559954833194,0.929,0.545,1.10614234524714e-42,"10","PKM"
1.16830132155397e-46,1.4846351079811,0.797,0.318,2.08051099342331e-42,"10","ARHGAP26"
1.63609661456321e-46,0.736791788991675,0.998,0.741,2.91356085121416e-42,"10","CD74"
2.55605470644808e-46,1.49578509419583,0.738,0.274,4.55182222124275e-42,"10","C9orf72"
2.5718274197773e-46,0.929519325257193,0.976,0.664,4.57991026913941e-42,"10","RAC1"
4.26277023167478e-46,2.0115699137973,0.62,0.166,7.59114122856644e-42,"10","GAA"
6.02489949979985e-46,1.44673987511278,0.843,0.372,1.07291410292436e-41,"10","TNFSF10"
6.82294977409567e-46,1.70310574306427,0.735,0.266,1.21503089577096e-41,"10","SPTLC2"
7.60449844185196e-46,1.08962271555511,0.751,0.259,1.354209082525e-41,"10","MS4A7"
8.7934599279569e-46,1.42011609145371,0.793,0.325,1.56593934397057e-41,"10","PIM3"
8.88147044851026e-46,1.88914898679987,0.567,0.16,1.58161225747071e-41,"10","RBM47"
9.22773750346811e-46,1.4148802701462,0.789,0.324,1.6432754946176e-41,"10","MYADM"
1.07494538996839e-45,1.47997962689398,0.768,0.29,1.91426275045571e-41,"10","DPYSL2"
1.10676301148035e-45,1.38262853670146,0.792,0.328,1.97092357084421e-41,"10","PICALM"
3.17749672062288e-45,1.59224536633084,0.646,0.222,5.65848616008522e-41,"10","UNC93B1"
4.14984611790258e-45,1.49741076780708,0.74,0.285,7.39004596676091e-41,"10","UBE2D1"
5.90488119094162e-45,1.63055355858315,0.776,0.283,1.05154124248288e-40,"10","SULF2"
7.29711556750049e-45,2.01330034255002,0.669,0.181,1.29947034026049e-40,"10","SLC8A1"
1.10013463814082e-44,2.03177317944738,0.577,0.154,1.95911976360117e-40,"10","FGD4"
1.46574921935093e-44,1.59628205470912,0.701,0.246,2.61020620982013e-40,"10","LACTB"
3.02234576381471e-44,2.08776831499487,0.565,0.144,5.38219333620124e-40,"10","CYP1B1"
3.10806516788203e-44,1.47191722176389,0.7,0.263,5.53484245096432e-40,"10","PRKACA"
3.45009142733343e-44,1.40333869542392,0.803,0.409,6.14392281379537e-40,"10","STAT1"
3.8430197698772e-44,1.22689704591553,0.848,0.371,6.84364960619731e-40,"10","AGTRAP"
5.48849718735688e-44,2.67560936156283,0.481,0.087,9.77391579124513e-40,"10","VEGFA"
5.78128855151401e-44,1.00916617822999,0.97,0.521,1.02953186525362e-39,"10","ZEB2"
9.16942948092162e-44,1.31973007564166,0.869,0.409,1.63289200196252e-39,"10","BNIP3L"
9.72851312032454e-44,0.715205700700438,0.998,0.879,1.73245361646739e-39,"10","JUNB"
1.01208614822631e-43,1.57276031048686,0.817,0.313,1.80232301276142e-39,"10","SNX10"
1.60815621383556e-43,1.62305890967104,0.595,0.196,2.86380458559837e-39,"10","SH2B3"
3.00791919872944e-43,1.6163241477529,0.876,0.5,5.35650250909739e-39,"10","TUBA1A"
3.78785314236458e-43,1.27014154344826,0.813,0.371,6.74540887592285e-39,"10","RAB11FIP1"
4.20070177196553e-43,1.69098398782601,0.596,0.196,7.48060971551622e-39,"10","RHOB"
5.69109577947183e-43,1.31503558509744,0.807,0.332,1.01347033640834e-38,"10","BACH1"
9.09837967355502e-43,1.61597015178166,0.62,0.175,1.62023945226668e-38,"10","RNF144B"
1.01658692953092e-42,1.26921500674936,0.653,0.225,1.81033800410866e-38,"10","MAFB"
2.02501777801485e-42,1.68212601260851,0.639,0.207,3.60615165908885e-38,"10","KIAA0930"
2.34055058389505e-42,1.91455492931511,0.67,0.188,4.1680524798003e-38,"10","OSCAR"
4.83921591960401e-42,0.866693289504297,0.889,0.461,8.61767570963082e-38,"10","TIMP1"
4.8890158688194e-42,1.96127525444315,0.528,0.139,8.70635945919359e-38,"10","RAB3D"
5.35706066031565e-42,1.23658255522319,0.786,0.31,9.53985362389011e-38,"10","IFNGR2"
6.35909101469798e-42,0.851479722851181,0.987,0.457,1.13242692789742e-37,"10","FCER1G"
9.56326967157682e-42,1.32717892840891,0.907,0.471,1.7030270631144e-37,"10","ZNF106"
9.80800925765402e-42,1.42269836684439,0.789,0.316,1.74661028860303e-37,"10","RHOQ"
1.09415430677726e-41,1.09210377485781,0.856,0.379,1.94846998950894e-37,"10","STXBP2"
1.97650098423994e-41,1.19385904893665,0.754,0.357,3.51975295273449e-37,"10","GPCPD1"
2.06935929480619e-41,1.7305346947869,0.652,0.248,3.68511503219087e-37,"10","EPSTI1"
2.16791647733006e-41,1.77965214501119,0.666,0.215,3.86062566282937e-37,"10","PLXNC1"
2.34626285060334e-41,1.02129418458403,0.957,0.608,4.17822488435443e-37,"10","SERPINB1"
2.96143745842433e-41,1.74026735047807,0.633,0.205,5.27372782596205e-37,"10","CTNNA1"
3.04131405382264e-41,1.19582861642316,0.849,0.455,5.41597206704735e-37,"10","HERPUD1"
4.60337658456666e-41,1.62555959057885,0.707,0.274,8.19769302179631e-37,"10","STAT2"
1.16064182798199e-40,1.0742682952803,0.873,0.497,2.06687096727033e-36,"10","CD55"
1.25521323046629e-40,1.6753830091517,0.613,0.197,2.23528372081436e-36,"10","OAS1"
1.81715410238565e-40,2.01604965311486,0.538,0.154,3.23598802552837e-36,"10","SLC31A2"
1.99059610955499e-40,0.925493384897393,0.97,0.666,3.54485355189552e-36,"10","GSTP1"
2.20008237760596e-40,1.83105822821403,0.671,0.221,3.91790669804069e-36,"10","JAK2"
2.30847021155291e-40,1.80395570585659,0.655,0.224,4.11092375273342e-36,"10","GABARAPL1"
3.20405877278148e-40,2.0193883815635,0.549,0.146,5.70578786256925e-36,"10","CSF2RA"
3.64903558262705e-40,1.69622881239622,0.604,0.197,6.49820256554225e-36,"10","APP"
3.67283828145072e-40,1.69049190927349,0.685,0.23,6.54059041160743e-36,"10","MFSD1"
5.02493753889081e-40,1.61796554134342,0.675,0.23,8.94840876925676e-36,"10","GRK3"
6.00797580647197e-40,1.67034340973059,0.552,0.169,1.06990033161653e-35,"10","SLC15A3"
6.75907287301117e-40,1.39429178878199,0.734,0.291,1.20365569722583e-35,"10","SH3BP2"
7.27027937866015e-40,1.79302619012459,0.526,0.16,1.2946913517518e-35,"10","ZFHX3"
8.26360115151754e-40,1.86621260760281,0.613,0.18,1.47158209306224e-35,"10","CKAP4"
1.10556302302902e-39,1.91495865167936,0.522,0.145,1.96878663141008e-35,"10","CYFIP1"
1.382904485226e-39,1.56850467004109,0.638,0.211,2.46267630729046e-35,"10","CREG1"
1.4518983877033e-39,1.92474437164354,0.507,0.134,2.58554064882204e-35,"10","TLR8"
1.50156919093922e-39,1.65652431661712,0.707,0.315,2.67399441522457e-35,"10","MX2"
3.04796723755855e-39,1.50928155401239,0.585,0.189,5.42782005664426e-35,"10","HNMT"
3.77996195562808e-39,1.50590988361238,0.697,0.254,6.73135625058249e-35,"10","PIK3AP1"
3.86184395694797e-39,2.45866313737557,0.373,0.069,6.87717171853295e-35,"10","ARRDC4"
4.53090236232213e-39,1.45940422890879,0.661,0.228,8.06863092682324e-35,"10","RASSF4"
7.87204556239799e-39,1.52041830467408,0.7,0.284,1.40185387375183e-34,"10","SOCS3"
7.97354146763984e-39,1.00076287217481,0.886,0.501,1.4199282645573e-34,"10","RHOG"
9.23761717471221e-39,1.58760052415213,0.566,0.187,1.64503486647275e-34,"10","NUDT16"
1.29651350392956e-38,1.53013782635556,0.741,0.265,2.30883124779776e-34,"10","GRINA"
1.46663743921005e-38,1.6470176429924,0.706,0.27,2.61178795174526e-34,"10","SLC25A37"
1.74397282356445e-38,1.5311354024552,0.59,0.202,3.10566680420357e-34,"10","PRKCD"
1.87678007964453e-38,1.58185590014641,0.704,0.25,3.34216996583097e-34,"10","ATP6V1B2"
2.03023982392844e-38,1.22940084060368,0.753,0.334,3.61545107845176e-34,"10","CUX1"
2.03528896776848e-38,1.3482032938507,0.677,0.287,3.62444259380211e-34,"10","AGFG1"
2.52334286699391e-38,0.938962048593684,0.896,0.522,4.49356897754275e-34,"10","IL10RA"
2.70158960923332e-38,1.36111233164865,0.592,0.197,4.81099077612269e-34,"10","CSF1R"
2.96032899731429e-38,1.55308046020576,0.631,0.217,5.27175387841729e-34,"10","ATP6V1A"
2.96417214176878e-38,3.36634829897885,0.381,0.042,5.27859775006184e-34,"10","SIGLEC1"
4.00109310531849e-38,0.51618001307174,0.999,0.991,7.12514660195118e-34,"10","H3F3A"
4.62908520182941e-38,1.50595445824152,0.608,0.231,8.24347492741781e-34,"10","TLE3"
6.02698444457059e-38,1.59570097326957,0.613,0.218,1.07328538988913e-33,"10","ACSL4"
8.82681300381392e-38,1.52066265357693,0.621,0.211,1.57187885971918e-33,"10","SLC16A3"
8.94414356763473e-38,1.68123268896451,0.626,0.187,1.59277308652439e-33,"10","CDKN1A"
1.07208322964235e-37,1.78912690519637,0.49,0.145,1.9091658153471e-33,"10","AC020916.1"
1.09327162042553e-37,0.409834762669978,0.682,0.301,1.94689810165378e-33,"10","G0S2"
1.16776721357639e-37,1.4155030854866,0.63,0.24,2.07955985393684e-33,"10","FKBP15"
1.24229353799822e-37,1.7778767153882,0.573,0.162,2.21227633246723e-33,"10","FAM198B"
1.55006550442902e-37,2.01402257287847,0.466,0.117,2.7603566502872e-33,"10","KIF13A"
1.56232299732927e-37,0.865201144056851,0.782,0.322,2.78218479364396e-33,"10","NINJ1"
1.80294917015999e-37,1.2342103433175,0.795,0.328,3.21069188222091e-33,"10","HLA-DMB"
1.82905571881512e-37,1.34867622743479,0.831,0.471,3.25718242406596e-33,"10","PARP14"
2.27034719633499e-37,2.1585228192483,0.45,0.106,4.04303428723334e-33,"10","ARHGEF40"
2.52349084198944e-37,2.14834757983879,0.495,0.117,4.49383249141479e-33,"10","FCGR1A"
3.20891007565272e-37,1.48364227598371,0.677,0.254,5.71442706272237e-33,"10","BLVRA"
4.06461046712546e-37,1.96231220947947,0.557,0.154,7.23825831985702e-33,"10","SLC24A4"
5.00866056302614e-37,1.77396421567015,0.502,0.157,8.91942273063694e-33,"10","SAP30"
7.84013205552395e-37,1.99072367830883,0.562,0.158,1.3961707164477e-32,"10","BEST1"
1.15053282790607e-36,1.33697473091094,0.835,0.365,2.04886885993513e-32,"10","YBX3"
1.59264177569785e-36,0.743335332852304,0.968,0.618,2.83617647416272e-32,"10","ZFP36"
1.67305334131665e-36,1.94745472767983,0.616,0.174,2.97937339021668e-32,"10","GNB4"
1.80725420564665e-36,1.86263765337312,0.493,0.14,3.21835828941556e-32,"10","MIR22HG"
1.89140052589893e-36,0.801583260434343,0.93,0.575,3.36820605652081e-32,"10","REL"
1.91683322264558e-36,2.06202803685442,0.433,0.112,3.41349660288724e-32,"10","MCOLN1"
2.02383915623777e-36,1.43321812451907,0.572,0.214,3.60405276942823e-32,"10","NBPF14"
2.03378137930427e-36,1.5477608795067,0.547,0.19,3.62175788026505e-32,"10","SCARB2"
2.0982317972686e-36,1.3668298085478,0.725,0.289,3.73653118457593e-32,"10","CRTAP"
2.2781444188488e-36,1.9207646938893,0.462,0.126,4.05691958108594e-32,"10","LTBR"
2.71424822474471e-36,0.448494065678241,0.634,0.205,4.83353323862538e-32,"10","NLRP3"
2.8693176697582e-36,1.86196129838632,0.467,0.133,5.1096809063054e-32,"10","CHST15"
3.1861007179607e-36,1.28089958726419,0.582,0.168,5.67380815854441e-32,"10","ACSL1"
4.16577414370557e-36,1.79727156397651,0.526,0.148,7.41841059511088e-32,"10","CD1D"
5.72389577419985e-36,1.52127210403142,0.63,0.222,1.01931135946951e-31,"10","HEXB"
6.62117704612033e-36,1.60469962179461,0.519,0.168,1.17909920837311e-31,"10","TENT5A"
7.58280423270644e-36,1.70491873096614,0.492,0.153,1.35034577776036e-31,"10","NFIL3"
1.50543634231096e-35,1.96330984190511,0.532,0.136,2.68088103838735e-31,"10","TREM1"
2.6087236151575e-35,1.50923927848863,0.645,0.21,4.64561501387247e-31,"10","CLEC4A"
3.04808892261284e-35,1.15271002615122,0.829,0.372,5.42803675338895e-31,"10","NUP214"
3.45959734479023e-35,1.31996390596449,0.772,0.324,6.16085095160243e-31,"10","EHBP1L1"
9.81002615909636e-35,2.05037356045946,0.424,0.097,1.74696945841188e-30,"10","IER5L"
1.15689125040597e-34,1.57203662418036,0.524,0.167,2.06019193872296e-30,"10","KCNE3"
1.21762976439915e-34,1.09719995889598,0.905,0.46,2.16835508444202e-30,"10","LYST"
1.51481385301137e-34,1.88406862217729,0.497,0.14,2.69758050944264e-30,"10","LPCAT2"
1.58834676473336e-34,1.26323507819318,0.567,0.222,2.82852791863717e-30,"10","EIF4EBP1"
1.78525757655578e-34,1.61064636948984,0.577,0.191,3.17918669233054e-30,"10","MBOAT7"
1.96868197661151e-34,1.23366971780301,0.644,0.249,3.50582886394977e-30,"10","LY96"
3.35392905391872e-34,1.70676343986191,0.556,0.177,5.97267685921845e-30,"10","ARID3A"
3.74688742215509e-34,1.61455734510585,0.618,0.203,6.67245712137378e-30,"10","MSRB1"
7.67313821835412e-34,1.75266300529344,0.6,0.175,1.3664324539245e-29,"10","CD33"
1.00813720421942e-33,0.979712149109524,0.84,0.423,1.79529073327394e-29,"10","CASP1"
1.01449611720162e-33,1.82137923371827,0.517,0.153,1.80661468551264e-29,"10","EPB41L3"
1.22131696379157e-33,1.92708046535287,0.515,0.142,2.17492124912004e-29,"10","DOK3"
1.35332418372183e-33,1.29315391135688,0.638,0.249,2.40999970637184e-29,"10","MAPKAPK3"
1.81273017698527e-33,0.756725862896169,0.742,0.317,3.22810989917537e-29,"10","MEF2C"
1.93498753054364e-33,1.53438713844449,0.567,0.185,3.44582579439212e-29,"10","CD86"
2.22962147182529e-33,1.23564926063019,0.585,0.221,3.97050991702647e-29,"10","SCIMP"
2.40114752718046e-33,0.66746698636453,0.988,0.862,4.27596351640296e-29,"10","S100A10"
2.64233484564229e-33,1.77504913862403,0.483,0.141,4.70546989311978e-29,"10","TTYH3"
3.04055897766532e-33,1.17429297971299,0.897,0.481,5.4146274274264e-29,"10","MIS18BP1"
5.33349862757052e-33,1.5639684394514,0.76,0.429,9.49789435597759e-29,"10","ISG15"
5.39478435539603e-33,1.17806742600977,0.69,0.263,9.60703198008924e-29,"10","AC007952.4"
6.00088872557696e-33,2.18500085441624,0.492,0.114,1.06863826425075e-28,"10","RNASE2"
8.40131660022079e-33,1.09032036364398,0.917,0.657,1.49610646016732e-28,"10","BTG2"
8.68018057977321e-33,1.24220918907499,0.557,0.201,1.54576655764601e-28,"10","SGK1"
9.71531784228887e-33,1.04191414829002,0.817,0.432,1.7301038013548e-28,"10","TPM4"
9.91178659359943e-33,1.79473808367091,0.521,0.153,1.76509095658819e-28,"10","ADAP2"
1.13559768847601e-32,1.26117031369492,0.545,0.206,2.02227236363809e-28,"10","BTK"
1.23999445004651e-32,0.761465311689081,0.94,0.687,2.20818211664282e-28,"10","PRELID1"
1.71841114587352e-32,1.93697755550754,0.459,0.126,3.06014656857156e-28,"10","ALDH3B1"
1.91642063522179e-32,1.28718649836285,0.719,0.326,3.41276186720297e-28,"10","PLEC"
2.57803198523245e-32,0.957097324044625,0.764,0.356,4.59095935930195e-28,"10","HLA-DMA"
2.71029995341571e-32,0.940216346023332,0.916,0.518,4.8265021570427e-28,"10","VASP"
2.73381149670226e-32,1.27669597105852,0.748,0.311,4.86837151332739e-28,"10","NAGK"
3.04894356327085e-32,1.60336475866044,0.49,0.164,5.42955869747274e-28,"10","ABHD5"
4.10507722668611e-32,1.13959192683955,0.764,0.314,7.31032152528262e-28,"10","METRNL"
9.91871665381135e-32,2.14041719288533,0.373,0.087,1.76632506171073e-27,"10","MYOF"
1.22123536802059e-31,0.783945820079756,0.916,0.644,2.17477594337107e-27,"10","ZFP36L1"
1.39571906031225e-31,1.50842943937927,0.523,0.181,2.48549650260405e-27,"10","C15orf39"
1.7403526179713e-31,1.3349056419423,0.717,0.307,3.09921994208329e-27,"10","SEC14L1"
2.63113221008789e-31,1.45733732080367,0.512,0.165,4.68552023972451e-27,"10","P2RY13"
2.73081002604587e-31,1.70767778347302,0.573,0.181,4.86302649438248e-27,"10","RGS18"
3.30293090485678e-31,1.53829817940078,0.543,0.174,5.88185935536895e-27,"10","TLR4"
3.69749262246495e-31,1.34671551262813,0.702,0.273,6.58449486208559e-27,"10","ITGAM"
3.76048118640397e-31,2.18501068205056,0.472,0.124,6.69666489674819e-27,"10","CR1"
6.17482892536009e-31,2.34857017130735,0.441,0.1,1.09961353502812e-26,"10","OAS3"
6.21796475585299e-31,1.8093995804608,0.558,0.158,1.1072951637223e-26,"10","SIRPB1"
6.31615095815732e-31,1.37598017610454,0.631,0.214,1.12478016262866e-26,"10","CDA"
8.46815669299645e-31,1.25713703555708,0.67,0.291,1.50800934388881e-26,"10","ASAP1"
1.16551801731061e-30,1.71734766443985,0.513,0.16,2.07555448522673e-26,"10","EVI5"
1.29458835494352e-30,0.561604065363891,0.971,0.733,2.30540294248342e-26,"10","CD44"
1.62939958004099e-30,1.57491374267555,0.526,0.181,2.901634772137e-26,"10","CAMKK2"
1.68571703182259e-30,1.61058058267386,0.519,0.172,3.00192489026967e-26,"10","TIAM1"
1.90237457664219e-30,1.15774676301472,0.625,0.268,3.38774864608442e-26,"10","PLD3"
1.92315305315046e-30,1.12881211363305,0.73,0.373,3.42475095705033e-26,"10","CTNNB1"
2.82951884179847e-30,1.60532988051201,0.506,0.161,5.03880715347472e-26,"10","DOCK5"
3.53480907941207e-30,1.58265355251076,0.617,0.209,6.29478800861702e-26,"10","METTL7A"
3.59408131255692e-30,1.96293710775998,0.516,0.144,6.40034000140136e-26,"10","CCR1"
3.99898002167373e-30,1.19422962605153,0.706,0.297,7.12138362259658e-26,"10","MYD88"
4.47232453049192e-30,1.90976509735004,0.451,0.126,7.96431552390002e-26,"10","ATP6V0A1"
5.31369144950404e-30,1.79516877580941,0.473,0.138,9.4626217332768e-26,"10","NACC2"
5.92159635686924e-30,1.18979777700076,0.626,0.259,1.05451787923127e-25,"10","CHP1"
7.01413318425058e-30,1.00088556564453,0.888,0.485,1.24907683745134e-25,"10","CMTM6"
7.22011683895102e-30,1.19465242402033,0.631,0.264,1.2857584066804e-25,"10","KDM6B"
1.03755346907118e-29,1.71812533849665,0.493,0.14,1.84767521772196e-25,"10","CEBPA"
1.15433468717376e-29,0.633027328884152,0.811,0.371,2.05563921091903e-25,"10","HLA-DRB5"
2.35044523863344e-29,1.92894448703844,0.525,0.144,4.18567288095843e-25,"10","NFAM1"
2.36649616159238e-29,2.06837125396432,0.402,0.099,4.21425636456372e-25,"10","ALDH1A1"
2.43444718847634e-29,1.28189308960524,0.499,0.189,4.33526355323867e-25,"10","PSTPIP2"
3.45563834047154e-29,1.28524858718864,0.518,0.173,6.15380075671172e-25,"10","PTAFR"
3.86125660525501e-29,1.63611584737735,0.527,0.172,6.87612576263811e-25,"10","CORO1C"
4.39377896869086e-29,2.14764672785417,0.404,0.093,7.82444158744469e-25,"10","HPSE"
5.18805181317512e-29,2.04020732580474,0.409,0.106,9.23888266890225e-25,"10","DAPK1"
5.49322019307537e-29,1.62628328523258,0.525,0.174,9.78232651982863e-25,"10","TRPS1"
5.73132659976989e-29,1.6261282701359,0.375,0.114,1.02063464088702e-24,"10","MICAL2"
6.16740816468966e-29,1.66461041339168,0.524,0.168,1.09829204596793e-24,"10","MPP1"
6.25686774199338e-29,1.72766694203738,0.414,0.123,1.11422300749418e-24,"10","IMPA2"
7.04198105621351e-29,1.65482932245021,0.47,0.146,1.2540359864905e-24,"10","CD300LF"
7.54370567556756e-29,2.50907353712564,0.358,0.063,1.34338310670507e-24,"10","DYSF"
7.86085038572708e-29,1.50153553542042,0.573,0.177,1.39986023669028e-24,"10","SOX4"
8.17554368994201e-29,2.17545460047467,0.393,0.092,1.45590082030487e-24,"10","GLT1D1"
9.46992255326415e-29,0.633948274852482,0.999,0.944,1.68640380828528e-24,"10","VIM"
1.05419822523987e-28,1.26157905434419,0.623,0.222,1.87731619950716e-24,"10","NFKBID"
1.76879480261211e-28,1.33583329048428,0.656,0.271,3.14986978449165e-24,"10","DIAPH2"
2.00677796740138e-28,2.39303715974797,0.366,0.077,3.57367020434838e-24,"10","RAB20"
2.23977515532513e-28,1.27573344331055,0.529,0.177,3.988591596603e-24,"10","HMOX1"
2.3371155747989e-28,0.593928500765702,0.985,0.863,4.16193541560189e-24,"10","CALM2"
3.01495625695411e-28,0.874409148728943,0.46,0.167,5.36903410238387e-24,"10","SMIM25"
3.9106807512629e-28,1.63831724554888,0.433,0.134,6.96414028184896e-24,"10","QSOX1"
4.64476133292694e-28,1.77101218809629,0.515,0.151,8.27139098167629e-24,"10","MCTP1"
4.78829514104505e-28,0.273762992179682,0.696,0.311,8.52699598717302e-24,"10","BCL2A1"
5.14210029033917e-28,1.68134230370974,0.509,0.155,9.157052197036e-24,"10","ZNF467"
5.19738784271897e-28,1.65715191914928,0.566,0.182,9.25550827031394e-24,"10","RELT"
7.82374068674625e-28,2.24600010811271,0.369,0.08,1.39325174149577e-23,"10","CLEC4D"
8.81249543404671e-28,0.783471108609002,0.593,0.228,1.56932918689504e-23,"10","LGALS2"
8.84283293256281e-28,1.48884128779378,0.51,0.179,1.57473168863079e-23,"10","ZSWIM6"
1.1888511561599e-27,2.18882067468363,0.382,0.086,2.11710613888954e-23,"10","GZF1"
1.22997110277572e-27,0.508931498987618,0.789,0.344,2.19033253982301e-23,"10","MARCKS"
1.50701295404626e-27,1.65172779813771,0.515,0.164,2.68368866856557e-23,"10","KDM1B"
1.56189170691957e-27,2.30484441947216,0.425,0.093,2.78141675168237e-23,"10","CRISPLD2"
1.77777733187761e-27,1.81099037026011,0.454,0.141,3.16586587260765e-23,"10","PHACTR1"
1.88255697708425e-27,1.17013860895506,0.793,0.439,3.35245746479163e-23,"10","XAF1"
2.20993167915977e-27,1.35954385416787,0.439,0.162,3.93544633424771e-23,"10","ZMIZ1"
3.82075319448151e-27,1.22819738370544,0.719,0.317,6.80399728873267e-23,"10","BAZ2B"
5.21480279328215e-27,1.5328787505316,0.523,0.175,9.28652081427685e-23,"10","SPECC1"
6.66644574702273e-27,1.7767408885585,0.362,0.107,1.18716065862981e-22,"10","GK"
9.33995899555419e-27,1.47343221931332,0.495,0.165,1.66325989792829e-22,"10","FES"
1.01895681828612e-26,1.42826941518367,0.621,0.233,1.81455830200393e-22,"10","IL6R"
1.12445768424744e-26,1.66145650075774,0.562,0.208,2.00243424410785e-22,"10","OAS2"
1.3881106476527e-26,1.34943425099118,0.492,0.176,2.47194744133993e-22,"10","BCL3"
1.47276082572589e-26,1.33687114651895,0.523,0.173,2.62269247845267e-22,"10","MGST1"
1.56419957813859e-26,1.81768205823535,0.387,0.111,2.78552660874921e-22,"10","LILRB4"
1.89788805712971e-26,1.81169914183357,0.449,0.127,3.37975905213659e-22,"10","IRF5"
2.29682639870089e-26,2.1149336320129,0.346,0.083,4.09018845080655e-22,"10","HK2"
2.84233772514686e-26,1.41891553156704,0.547,0.204,5.06163502094154e-22,"10","APAF1"
3.41379174457476e-26,1.43870480242866,0.55,0.196,6.07928033873873e-22,"10","FNDC3B"
6.36447792252404e-26,1.1203092905831,0.568,0.184,1.13338622844308e-21,"10","CLEC4E"
9.08722451779524e-26,0.64475615423851,0.886,0.557,1.61825294212898e-21,"10","HLA-DPA1"
1.30677604996706e-25,1.70477643084921,0.41,0.122,2.32710678978135e-21,"10","CSF2RB"
1.37616315905142e-25,1.35683290750429,0.442,0.172,2.45067135363876e-21,"10","MID1IP1"
1.37693419529194e-25,1.38830498158049,0.535,0.192,2.45204441497588e-21,"10","FGD2"
1.90911800377347e-25,1.87416535576097,0.419,0.113,3.3997573411198e-21,"10","HOMER3"
2.04891070602093e-25,1.3661751400701,0.539,0.205,3.64870018528207e-21,"10","SKIL"
2.4020496506571e-25,1.27498712639173,0.536,0.219,4.27757001789017e-21,"10","LIPA"
2.47359519236002e-25,2.97804003410653,0.274,0.045,4.40497831855472e-21,"10","VNN1"
2.68873420942856e-25,0.665832111776888,0.914,0.581,4.78809788015039e-21,"10","CD63"
2.81917008711304e-25,1.0702843971441,0.692,0.317,5.0203780911309e-21,"10","SLCO3A1"
3.34947984134945e-25,0.804875936431102,0.844,0.503,5.96475370147511e-21,"10","WSB1"
3.95785040673827e-25,1.88157801714699,0.476,0.133,7.04814000431951e-21,"10","GM2A"
4.53471207070465e-25,1.72291065085311,0.417,0.127,8.07541525551083e-21,"10","MAFG"
5.11611720843047e-25,0.903815325877212,0.653,0.286,9.11078152477297e-21,"10","CAPG"
8.23082656937572e-25,1.66787852041297,0.476,0.143,1.46574559547443e-20,"10","LILRA1"
8.78175983000298e-25,2.62136643696422,0.28,0.049,1.56385579052693e-20,"10","CMPK2"
9.70194923753758e-25,1.697481466108,0.379,0.117,1.72772312022069e-20,"10","RASGRP4"
1.40015984761347e-24,1.31181905336276,0.493,0.195,2.49340465663008e-20,"10","IRF7"
1.50532957501012e-24,0.833103302013321,0.561,0.215,2.68069090717802e-20,"10","ETS2"
1.51924024469262e-24,0.462299338156261,0.999,0.972,2.70546302774862e-20,"10","SH3BGRL3"
1.59833811928246e-24,1.83333009264497,0.337,0.09,2.84632052281821e-20,"10","H1F0"
1.73010095249649e-24,1.19282851792267,0.531,0.216,3.08096377620576e-20,"10","FOXO3"
2.09208980417996e-24,1.59315581716252,0.445,0.141,3.72559352328368e-20,"10","AC096667.1"
2.40623127971102e-24,1.3644910974503,0.562,0.206,4.28501666290938e-20,"10","APOBR"
2.47707337064911e-24,2.11803577989265,0.391,0.098,4.41117225845193e-20,"10","WDFY3"
2.65160863160161e-24,1.65250271563068,0.383,0.119,4.72198465115615e-20,"10","HK3"
2.95646795309595e-24,1.79448977598226,0.476,0.139,5.26487813087327e-20,"10","PLCB1"
4.31057486780418e-24,1.18729109640882,0.466,0.189,7.67627172458568e-20,"10","ATP13A3"
4.5706167645687e-24,2.09118448297097,0.302,0.08,8.13935433434394e-20,"10","OSM"
5.46399194632951e-24,1.04694879319409,0.611,0.25,9.73027685802359e-20,"10","SULT1A1"
8.07321447287429e-24,1.20569131916356,0.586,0.25,1.43767803332945e-19,"10","NABP1"
1.12048827283463e-23,1.30985565634466,0.53,0.203,1.9953655162639e-19,"10","RARA"
1.61190004661893e-23,1.12944082307365,0.677,0.31,2.87047160301899e-19,"10","JARID2"
1.72741375053516e-23,1.60233308269773,0.487,0.154,3.07617840695302e-19,"10","NAGA"
2.64062129832631e-23,1.02341310094991,0.69,0.317,4.7024184080595e-19,"10","MAP2K3"
2.84408890463131e-23,1.25773746936091,0.373,0.134,5.06475352136744e-19,"10","GPBAR1"
3.93674523480678e-23,0.860489871293267,0.728,0.378,7.01055591414391e-19,"10","ATG3"
5.44469097101842e-23,1.06676945395784,0.481,0.243,9.69590568118961e-19,"10","IFRD1"
6.565633959347e-23,0.929409875605487,0.438,0.185,1.16920809548051e-18,"10","AHR"
9.79773400529334e-23,1.39794955118796,0.5,0.193,1.74478047166264e-18,"10","SLC36A4"
1.11783697527912e-22,0.88710369233012,0.837,0.502,1.99064408557706e-18,"10","METTL9"
1.21627324416908e-22,2.16211551209386,0.29,0.062,2.1659393932163e-18,"10","ID1"
1.30534823680294e-22,1.10622927396761,0.547,0.232,2.32456414009867e-18,"10","DAPP1"
1.36922068915102e-22,1.62662364591371,0.469,0.152,2.43830820324014e-18,"10","KCNK6"
1.80556385287841e-22,1.49597070619312,0.617,0.257,3.21534810920586e-18,"10","MAT2A"
1.84958625987956e-22,1.07060592996382,0.574,0.256,3.29374321159353e-18,"10","CARD19"
2.14038155122845e-22,2.36278378580396,0.318,0.069,3.81159146642762e-18,"10","FCAR"
2.3102927617307e-22,1.08092969170517,0.548,0.249,4.11416935009004e-18,"10","ZNF281"
2.92479753675015e-22,1.25518687224211,0.481,0.169,5.20847945344467e-18,"10","HHEX"
3.29235046647869e-22,2.08609699089748,0.338,0.08,5.86301771070525e-18,"10","NLRP12"
3.49157360743091e-22,1.66165615489992,0.456,0.143,6.21779428011297e-18,"10","SRGAP2B"
3.5929218241856e-22,1.05195238497633,0.716,0.348,6.39827518450971e-18,"10","TMEM154"
4.13795417887565e-22,0.93403460738611,0.71,0.353,7.36886880174175e-18,"10","RAB10"
5.2176299048957e-22,1.09963886369078,0.626,0.326,9.29155533463826e-18,"10","CHMP1B"
5.41886847016095e-22,0.805187087937251,0.737,0.363,9.64992097166261e-18,"10","BID"
6.73316669193987e-22,1.62542510723678,0.322,0.097,1.19904232450065e-17,"10","STAB1"
6.86227410776231e-22,0.741820234801698,0.83,0.484,1.22203377311031e-17,"10","IRF2BP2"
8.16803723839532e-22,1.78224480690102,0.326,0.094,1.45456407141344e-17,"10","CLMN"
8.41708323381938e-22,0.865367176052961,0.8,0.454,1.49891418227856e-17,"10","EVI2A"
1.02545448600935e-21,1.08775572829429,0.519,0.218,1.82612934868545e-17,"10","AC245014.3"
1.13502479658453e-21,1.98271155758343,0.322,0.083,2.02125215775773e-17,"10","CD300LB"
1.35988667885487e-21,0.965793984660085,0.576,0.266,2.42168619770475e-17,"10","OAZ2"
1.75344183200659e-21,1.21578336233668,0.592,0.25,3.12252921443734e-17,"10","CPEB4"
1.869084711668e-21,0.780046917532224,0.861,0.501,3.32846605453837e-17,"10","PTPN6"
2.0396786709798e-21,1.87234786198439,0.317,0.09,3.63225977728083e-17,"10","IFIT3"
2.67015802273649e-21,1.07020550983725,0.532,0.228,4.75501740688915e-17,"10","NCF4"
2.82758482135037e-21,1.18288743740088,0.487,0.192,5.03536304986074e-17,"10","BASP1"
4.43503342671837e-21,1.8979195581065,0.363,0.093,7.89790752630007e-17,"10","CCR2"
5.11469605885126e-21,2.30940207211626,0.279,0.059,9.10825074160232e-17,"10","MARC1"
5.52993629371938e-21,1.16205691323611,0.551,0.234,9.84771055185548e-17,"10","SCLT1"
6.37349297790598e-21,1.42968700090613,0.505,0.181,1.1349916295055e-16,"10","CPD"
1.36326039538466e-20,1.78647569046714,0.297,0.08,2.427694112101e-16,"10","FADS1"
1.52209659787734e-20,1.92712824191418,0.358,0.098,2.71054962149997e-16,"10","CNTLN"
1.88857202525893e-20,0.859635575719588,0.733,0.365,3.36316906258111e-16,"10","HSBP1"
2.68218960799605e-20,1.03541888809279,0.546,0.215,4.77644325391936e-16,"10","STX11"
3.37479776265154e-20,1.79749172808298,0.365,0.104,6.00983985572986e-16,"10","P2RX7"
3.87642295208441e-20,0.926790438185662,0.713,0.362,6.90313399307192e-16,"10","RNF13"
4.16484829390645e-20,1.509386037561,0.446,0.149,7.4167618417886e-16,"10","SEMA4A"
6.14410891388631e-20,1.42008618588681,0.457,0.174,1.09414291538487e-15,"10","VNN2"
6.56068891014639e-20,1.83870198898261,0.3,0.085,1.16832748111887e-15,"10","TLR5"
6.61423770972579e-20,1.36440743275363,0.377,0.139,1.17786345134797e-15,"10","DHX57"
6.93817598835684e-20,2.12041777044525,0.271,0.063,1.23555038000659e-15,"10","SGMS2"
8.60698206255832e-20,1.75671587575504,0.342,0.099,1.53273136570039e-15,"10","DUSP3"
9.30193991399637e-20,1.59769503755748,0.371,0.118,1.65648945988447e-15,"10","AC245128.3"
1.11741245315958e-19,2.52195520373292,0.258,0.045,1.98988809658658e-15,"10","ARPIN"
1.20419475331353e-19,2.25270978767083,0.303,0.068,2.14443001670074e-15,"10","ACPP"
1.28823246976179e-19,2.17930335505574,0.321,0.072,2.2940843821518e-15,"10","P2RX1"
1.38045386156852e-19,1.12190914287815,0.397,0.162,2.45831223668122e-15,"10","ZBTB43"
2.3144702486661e-19,0.903629887904494,0.57,0.238,4.12160861882459e-15,"10","SNX18"
2.58098231452631e-19,1.29124853419403,0.47,0.175,4.59621330570845e-15,"10","SMCO4"
2.59231751399032e-19,0.967385472887012,0.423,0.182,4.61639902891397e-15,"10","KYNU"
3.88686696276771e-19,2.09455648582334,0.306,0.074,6.92173268729673e-15,"10","F5"
6.1668168465897e-19,1.26865034738278,0.376,0.136,1.09818674404069e-14,"10","CAMK1"
7.21297481070099e-19,0.937220397518449,0.377,0.145,1.28448655428963e-14,"10","PFKFB3"
7.8246785144808e-19,0.870907992467722,0.871,0.659,1.39341874985874e-14,"10","LY6E"
7.86504636080282e-19,1.42034106438117,0.34,0.118,1.40060745593177e-14,"10","HDAC9"
8.15195311080062e-19,0.947012330000506,0.497,0.231,1.45169980997137e-14,"10","C20orf27"
1.17459229270426e-18,0.819415625436209,0.644,0.324,2.09171395484775e-14,"10","NAAA"
1.18076316400922e-18,2.1628592889707,0.275,0.062,2.10270304246761e-14,"10","CPM"
1.26302666162693e-18,1.19776990053297,0.454,0.174,2.24919787902524e-14,"10","FBP1"
1.28660900259154e-18,1.14706643880056,0.533,0.229,2.29119331181502e-14,"10","SGK3"
1.51812994110671e-18,1.31595884050532,0.379,0.136,2.70348579912282e-14,"10","CXCL16"
1.56880877489195e-18,1.14447590048991,0.665,0.354,2.79373466632759e-14,"10","EIF2AK2"
1.74093298589015e-18,1.72359170661223,0.275,0.083,3.10025346127317e-14,"10","ADAMTSL4"
1.9093438408503e-18,0.4137628894295,0.966,0.597,3.40015951178621e-14,"10","EFHD2"
3.00552244941065e-18,1.26131553481457,0.405,0.122,5.35223437791048e-14,"10","AQP9"
4.62799210726618e-18,1.92916112060649,0.323,0.085,8.24152834461962e-14,"10","RHOU"
5.08411541281036e-18,1.20710286573596,0.295,0.113,9.0537927271327e-14,"10","GRASP"
8.24949489484584e-18,1.44812142284554,0.352,0.124,1.46907005087415e-13,"10","PID1"
9.8519476307204e-18,1.40215980285035,0.385,0.136,1.75443483407869e-13,"10","SESTD1"
1.64260803573048e-17,0.827861175552391,0.724,0.395,2.92515639002885e-13,"10","LIMS1"
2.43139279595519e-17,0.658202845224288,0.886,0.551,4.32982429103699e-13,"10","CARD16"
2.68667754806785e-17,1.04613482204856,0.44,0.18,4.78443537759923e-13,"10","CIITA"
3.10332207790452e-17,2.06077591439872,0.308,0.081,5.52639595633238e-13,"10","TRIB1"
3.3267165361216e-17,1.48746095759054,0.352,0.121,5.92421680752534e-13,"10","NPL"
3.97424727639679e-17,1.18080067466691,0.383,0.155,7.07733954980741e-13,"10","BMP2K"
4.03580388233397e-17,0.789376290965635,0.431,0.215,7.18695955366034e-13,"10","ZNF267"
4.41427629264246e-17,1.69053431646112,0.466,0.147,7.86094322193768e-13,"10","ACER3"
4.42872829597595e-17,1.28574693307527,0.485,0.192,7.88667934947398e-13,"10","OSBPL11"
4.7582100818837e-17,1.43681737550832,0.381,0.135,8.47342051381849e-13,"10","DSE"
4.94635419143151e-17,0.850344778117639,0.743,0.388,8.80846754410124e-13,"10","TMEM167A"
6.18090578196884e-17,1.18860482320255,0.334,0.127,1.10069570165301e-12,"10","SIDT2"
1.12207199223462e-16,1.6079852783136,0.333,0.107,1.99818580377141e-12,"10","CRYBG3"
1.16980264359759e-16,1.30661020805072,0.528,0.22,2.08318454771858e-12,"10","PARP9"
1.26845361112079e-16,0.951259769116203,0.385,0.144,2.25886219068391e-12,"10","TCF7L2"
1.44623648588133e-16,0.871955125440935,0.308,0.124,2.57545793405748e-12,"10","ARHGAP24"
1.87390473998652e-16,0.94537130136548,0.523,0.217,3.337049560968e-12,"10","CTBP2"
1.92198537683273e-16,0.725521215090184,0.386,0.181,3.42267155906373e-12,"10","RRAS"
2.03379480175593e-16,1.06978767689765,0.497,0.198,3.62178178296696e-12,"10","BCL6"
2.34816086602788e-16,0.851621681606719,0.538,0.257,4.18160487022245e-12,"10","ORAI2"
2.35797501708905e-16,1.45379088452392,0.319,0.107,4.19908191043217e-12,"10","QPCT"
3.46035232728694e-16,2.06913490518875,0.273,0.066,6.16219542443258e-12,"10","FGD6"
3.59992299344738e-16,0.698048074510082,0.49,0.23,6.4107428667311e-12,"10","IRF8"
3.66613732371158e-16,0.716784445802542,0.779,0.535,6.52865734606558e-12,"10","MT2A"
4.05979230096129e-16,1.89149409136927,0.295,0.083,7.22967812955186e-12,"10","INSR"
4.43153546181044e-16,0.891217971854218,0.417,0.189,7.89167835039204e-12,"10","TESC"
4.65995886969201e-16,0.965574667666522,0.529,0.219,8.29845475514754e-12,"10","PELI1"
6.56174959902e-16,0.524365775332634,0.564,0.312,1.16851636859348e-11,"10","PHACTR2"
7.18397733747193e-16,0.462126140657126,0.438,0.213,1.279322684257e-11,"10","RIPK2"
8.01338908909755e-16,1.41140143905834,0.357,0.126,1.42702432898649e-11,"10","AL034397.3"
8.52589631764034e-16,1.20447091655835,0.391,0.152,1.51829161624539e-11,"10","EHD4"
9.72003754284189e-16,1.24591807035803,0.335,0.129,1.73094428562928e-11,"10","TBC1D9"
9.75481058511145e-16,0.612360207930364,0.463,0.222,1.73713666899665e-11,"10","HVCN1"
1.00024332751629e-15,0.462242085807447,0.58,0.342,1.781233317641e-11,"10","UBE2J1"
1.02099268434165e-15,2.02926400291906,0.256,0.063,1.81818377227562e-11,"10","MCEMP1"
1.54653421452657e-15,0.710849017496752,0.882,0.621,2.75406812922892e-11,"10","ID2"
2.36680491631876e-15,1.65874970659589,0.403,0.13,4.21480619498045e-11,"10","MAP3K20"
2.78948076580678e-15,1.28747120022623,0.295,0.103,4.96750734774872e-11,"10","SIGLEC7"
2.81027521108282e-15,1.15714055737985,0.41,0.168,5.00453809589629e-11,"10","MSRB2"
2.87952725198499e-15,2.15213460871227,0.256,0.058,5.12786213033486e-11,"10","S1PR3"
3.90800839724918e-15,0.866093592352494,0.536,0.256,6.95938135382134e-11,"10","NRIP1"
3.94835579532988e-15,1.36196582801486,0.335,0.126,7.03123200032346e-11,"10","MOSPD2"
4.46269150105943e-15,1.70589922878814,0.319,0.097,7.94716102508664e-11,"10","ITPRIPL2"
7.82522474374556e-15,0.997723638420466,0.342,0.149,1.39351602236621e-10,"10","PPIF"
1.1734966379898e-14,1.58152176691164,0.319,0.098,2.08976281293223e-10,"10","NFE2"
2.17922484577151e-14,1.42628336446882,0.311,0.105,3.88076360534991e-10,"10","ASGR2"
2.25821224237521e-14,1.05208808813041,0.411,0.179,4.02142436122178e-10,"10","DENND5A"
2.66849084924719e-14,1.90909535650373,0.288,0.094,4.75204850433939e-10,"10","IFIT2"
2.74437574563849e-14,0.936771125949882,0.483,0.221,4.88718432783303e-10,"10","LPAR6"
2.77990607635807e-14,1.24084484720539,0.385,0.151,4.95045674077845e-10,"10","PEA15"
2.9001198447879e-14,1.20832126068799,0.37,0.141,5.1645334195983e-10,"10","MGST2"
3.83807760176913e-14,1.06493705141224,0.471,0.223,6.83484859323046e-10,"10","AC103591.3"
5.11345408280087e-14,2.06466003076339,0.253,0.062,9.10603903065178e-10,"10","PRRG4"
6.08900518260518e-14,1.11302916634797,0.477,0.2,1.08433004291833e-09,"10","SNN"
7.77834394552316e-14,1.59977607334028,0.272,0.083,1.38516748981876e-09,"10","RIN2"
8.46675796687927e-14,1.69232690343376,0.286,0.085,1.50776025874186e-09,"10","LRMDA"
9.04128485087171e-14,0.922965542507686,0.456,0.203,1.61007200624323e-09,"10","LYL1"
1.01135883487123e-13,0.822628047291943,0.457,0.215,1.80102781313868e-09,"10","PLK3"
1.91611335757821e-13,1.37981689476201,0.3,0.111,3.41221466717528e-09,"10","PADI4"
1.92059282514312e-13,1.70316727671097,0.269,0.08,3.42019170301486e-09,"10","LINC01678"
2.51869876716414e-13,0.650763544742604,0.69,0.361,4.4852987645659e-09,"10","IER5"
4.32352670406181e-13,0.799595722684684,0.51,0.248,7.69933635459328e-09,"10","LFNG"
6.14347475410282e-13,1.32170511089067,0.348,0.135,1.09402998421063e-08,"10","TFRC"
6.26997677747209e-13,0.485124415543318,0.341,0.175,1.11655746453223e-08,"10","CCDC50"
6.30628347466855e-13,0.946680145032267,0.273,0.112,1.12302296116898e-08,"10","PTGS2"
9.06862738978443e-13,1.42505567794182,0.386,0.127,1.61494116557281e-08,"10","GSN"
9.17835103386249e-13,1.56120641453752,0.268,0.087,1.63448075211023e-08,"10","CD300C"
9.67587641507802e-13,0.394674991589832,0.473,0.253,1.72308007199709e-08,"10","CD300A"
1.10955856391504e-12,1.10541316495757,0.392,0.167,1.97590189061991e-08,"10","RUFY3"
1.17679482600777e-12,1.22302322105377,0.264,0.107,2.09563622615463e-08,"10","LILRA6"
2.11390732405612e-12,1.65075277676668,0.326,0.124,3.76444616267914e-08,"10","HERC5"
2.39629853516103e-12,0.574169672927562,0.62,0.358,4.26732843141476e-08,"10","NBPF19"
2.69858433669998e-12,1.24732378691957,0.308,0.117,4.80563898679532e-08,"10","FRMD4B"
3.05175815564054e-12,1.44440542532104,0.264,0.091,5.43457092356468e-08,"10","GNA15"
3.88579445295845e-12,1.13416418209324,0.315,0.123,6.9198227618284e-08,"10","EAF1"
4.89140341317072e-12,0.464164435655716,0.355,0.16,8.71061119817441e-08,"10","BCL11A"
5.74668249602031e-12,0.945553050342116,0.295,0.117,1.0233692188913e-07,"10","HAVCR2"
6.22799219305669e-12,0.701361351880431,0.416,0.224,1.10908084973954e-07,"10","MDM2"
7.35875615717016e-12,0.43089498444377,0.965,0.739,1.31044729646886e-07,"10","ANXA1"
7.43264516925183e-12,0.366019671299582,0.874,0.648,1.32360545174037e-07,"10","CSTB"
7.50503371929074e-12,0.881383743556265,0.44,0.214,1.3364964047313e-07,"10","CAMK2D"
7.68859874836803e-12,0.464264489286299,0.372,0.204,1.36918566510938e-07,"10","BHLHE40"
9.2538512684051e-12,0.369248576157905,0.741,0.48,1.64792583387758e-07,"10","RNH1"
1.29460427113639e-11,0.856122672939603,0.353,0.165,2.30543128603968e-07,"10","CSRNP1"
1.53196683273715e-11,0.726671411782797,0.317,0.16,2.72812653573832e-07,"10","PSMA6"
1.86355169433521e-11,0.614810651660207,0.646,0.335,3.31861285727215e-07,"10","STX7"
2.02878494404126e-11,1.47715435524966,0.355,0.123,3.61286022834867e-07,"10","RNF24"
3.18687983457747e-11,0.513407971385551,0.789,0.555,5.67519560941556e-07,"10","TMPO"
3.71094363349308e-11,0.590009716848767,0.405,0.221,6.60844842252448e-07,"10","OTUD1"
3.92867020504385e-11,0.402965212059636,0.292,0.169,6.9961759011421e-07,"10","P2RX4"
5.3301218244944e-11,0.599960584946898,0.586,0.339,9.49188094505963e-07,"10","RABGAP1L"
6.2491453946738e-11,0.673403358925345,0.501,0.294,1.11284781188351e-06,"10","SAMD9L"
7.91437830398203e-11,0.869355783140067,0.274,0.124,1.40939248837312e-06,"10","SIGLEC10"
8.03367237434724e-11,1.00000903401354,0.257,0.116,1.43063637642376e-06,"10","FNIP2"
9.18924711828055e-11,0.448886052854337,0.891,0.654,1.6364211268234e-06,"10","IRF1"
1.15400005971393e-10,0.295673282009513,0.299,0.144,2.05504330633857e-06,"10","ICAM1"
1.38350408693744e-10,1.19120566046309,0.29,0.115,2.46374407801819e-06,"10","NFKBIE"
1.4084504108572e-10,1.5103228602513,0.39,0.13,2.50816849165451e-06,"10","LMNB1"
1.59049115381213e-10,0.84291710905538,0.338,0.16,2.83234664670864e-06,"10","MTF1"
1.82187336821096e-10,0.732680861848898,0.55,0.293,3.24439209411007e-06,"10","IVNS1ABP"
2.12096839608411e-10,1.37393572444388,0.261,0.096,3.77702051974658e-06,"10","MTMR11"
2.56349160367547e-10,0.416755750254808,0.755,0.542,4.56506584782527e-06,"10","TUBA1B"
3.39594990644145e-10,1.31194658241412,0.428,0.164,6.04750759339093e-06,"10","PPM1F"
3.8718106230214e-10,0.54817983016049,0.392,0.188,6.89492035747652e-06,"10","SLC2A6"
5.24167047482817e-10,1.24542488555906,0.257,0.087,9.334366781574e-06,"10","FAM13A"
7.01178902936939e-10,0.524596330682845,0.653,0.401,1.2486593903501e-05,"10","HIST2H2AC"
7.50681514489158e-10,0.821337418299471,0.406,0.204,1.33681364100229e-05,"10","ARL4A"
9.58049120386418e-10,1.15663727560206,0.257,0.106,1.70609387358413e-05,"10","JUP"
1.40257028258858e-09,0.697047738531886,0.704,0.484,2.49769715923374e-05,"10","JUN"
1.4786280508826e-09,1.36823275999857,0.255,0.091,2.63314083301173e-05,"10","ATF5"
1.73982323293145e-09,0.697057807758614,0.318,0.147,3.09827721320433e-05,"10","TP53INP1"
1.90382890951003e-09,0.484072410593758,0.574,0.362,3.39033852205546e-05,"10","GADD45B"
2.3441950878551e-09,0.628238317962518,0.398,0.221,4.17454261245237e-05,"10","ST8SIA4"
3.13713297303896e-09,0.764236385886168,0.485,0.238,5.58660639838777e-05,"10","FAM129A"
6.07978416958326e-09,0.416355502558171,0.692,0.511,0.000108268796491939,"10","DDIT4"
6.23085298104552e-09,0.559975281722979,0.379,0.201,0.000110959029886459,"10","GAPT"
6.41679031037488e-09,0.877757195697421,0.521,0.274,0.000114270201847156,"10","RFLNB"
7.79035573784956e-09,0.545520330217965,0.385,0.249,0.000138730654979625,"10","GBP1"
1.35740492890953e-08,1.09913012523015,0.254,0.097,0.00024172666974021,"10","GOLIM4"
1.63067074698753e-08,0.780045119010947,0.284,0.142,0.00029038984662354,"10","PLAGL2"
1.88376476813879e-08,0.784523512838214,0.305,0.149,0.000335460829910156,"10","B4GALT5"
2.05703309754202e-08,0.633404304599835,0.454,0.215,0.000366316454010283,"10","DUSP6"
2.99470382166524e-08,0.834010890917742,0.293,0.106,0.000533296856562145,"10","RETN"
3.96801686319862e-08,1.17468099152939,0.254,0.099,0.000706624442998411,"10","SLC16A6"
5.33450429279497e-08,0.684408057771976,0.263,0.128,0.000949968524460928,"10","FAM110A"
6.35739870246271e-08,0.692632233356751,0.258,0.13,0.00113212556093456,"10","FUCA1"
6.38987895347604e-08,0.473426470238706,0.574,0.372,0.00113790964403501,"10","VAMP5"
2.14448856172211e-07,0.552569771917405,0.257,0.139,0.00381890523071473,"10","CCDC112"
2.30920285146352e-07,0.668744061307217,0.454,0.229,0.00411222843788624,"10","PPP1R15B"
8.39339718329258e-07,0.358103111335042,0.885,0.642,0.0149469617040074,"10","CFLAR"
1.16703947874921e-06,0.854178326946713,0.358,0.169,0.0207826390375659,"10","ROGDI"
1.26195815290897e-06,0.435936153278987,0.441,0.254,0.022472950787003,"10","SMIM14"
1.26916694571086e-06,0.430499196000748,0.341,0.201,0.022601324969219,"10","GCH1"
1.57757841022209e-06,0.3354692201336,0.792,0.606,0.028093516329235,"10","HMGB2"
2.05306914636575e-06,0.667274301836791,0.595,0.346,0.0365610553584814,"10","CDC42EP3"
2.10517537749446e-06,0.824625968194038,0.268,0.117,0.0374889631224213,"10","IL18"
3.28135610292153e-06,0.505324256010753,0.389,0.227,0.0584343894808265,"10","SLC20A1"
4.29503312707189e-06,0.735544231905748,0.257,0.129,0.0764859499268963,"10","MAPK6"
5.60288409650503e-06,0.415129357883911,0.316,0.145,0.0997761599905616,"10","TCF4"
6.51197075881582e-06,0.327506210532785,0.753,0.526,0.115965175272992,"10","DNAJA1"
7.3284250587977e-06,0.292101781247667,0.605,0.409,0.13050459344707,"10","TUBB"
1.14036261269298e-05,0.79149470094862,0.27,0.129,0.203075774068367,"10","ARHGAP18"
1.28852292795861e-05,0.314724567734991,0.585,0.392,0.229460163010869,"10","GBP2"
1.32593373938628e-05,0.338814005110278,0.632,0.406,0.236122280309909,"10","NFE2L2"
2.89283395498445e-05,0.342378456166159,0.4,0.252,0.515155870703631,"10","PLIN2"
2.96666280792997e-05,0.396800512791526,0.469,0.276,0.52830331283617,"10","AZIN1"
0.000358207085736219,0.579972862635275,0.293,0.155,1,"10","INSIG1"
0.00161101416604262,0.697360956747217,0.315,0.161,1,"10","GIMAP8"
0.00255115086872793,0.283758855761665,0.298,0.219,1,"10","AC025164.1"
7.91331054378627e-170,4.51209639172647,0.983,0.073,1.40920234163746e-165,"11","BANK1"
6.73970184357856e-164,4.29814002881872,0.996,0.083,1.20020610430447e-159,"11","MS4A1"
8.36506243897734e-158,3.87287776818697,0.993,0.081,1.48965031913309e-153,"11","CD79A"
1.62639076725686e-150,3.92304013436441,0.971,0.138,2.89627667833101e-146,"11","RALGPS2"
1.94044486511789e-135,2.85885724052359,0.966,0.226,3.45554421580193e-131,"11","HLA-DQA1"
1.87317055034942e-132,3.95715194443641,0.894,0.065,3.33574211606225e-128,"11","TNFRSF13C"
8.48556047410118e-131,3.18310421891959,0.946,0.176,1.51110860922794e-126,"11","CD79B"
1.08146205088814e-128,2.06789903002812,1,0.741,1.92586762022161e-124,"11","CD74"
3.57689843696484e-122,2.11239575179846,0.999,0.586,6.36974073654699e-118,"11","HLA-DPB1"
1.53731270642459e-121,3.52669833137907,0.821,0.06,2.73764646760092e-117,"11","LINC00926"
3.79285603368028e-121,4.67311439283029,0.747,0.035,6.75431802477785e-117,"11","BLK"
4.338404517913e-115,2.00307999702596,1,0.567,7.72583076549948e-111,"11","HLA-DRA"
5.43334003732421e-102,1.96337843545883,0.988,0.411,9.67569193846695e-98,"11","HLA-DQB1"
2.16149878334632e-101,1.71380260417771,0.998,0.552,3.84919703338312e-97,"11","HLA-DPA1"
7.09938527684594e-99,4.60172804415057,0.632,0.029,1.26425853010072e-94,"11","SPIB"
1.16333375786291e-97,3.51341542332483,0.763,0.127,2.07166475600227e-93,"11","TCF4"
8.7432480965735e-97,4.6637897819414,0.669,0.027,1.55699762103781e-92,"11","COBLL1"
1.45818600770197e-96,7.70031696631556,0.625,0.005,2.59673764251566e-92,"11","TNFRSF13B"
6.63066657943254e-95,2.94144564001856,0.823,0.181,1.18078910446535e-90,"11","SWAP70"
1.11283802321722e-94,3.80881328704261,0.667,0.044,1.98174195174523e-90,"11","VPREB3"
4.88424682808535e-90,1.56478921103068,0.994,0.524,8.69786675145439e-86,"11","HLA-DRB1"
2.07099132155068e-89,3.43126833067353,0.687,0.052,3.68802134541746e-85,"11","CD22"
8.6513120483915e-88,3.57601507880909,0.658,0.061,1.54062564957756e-83,"11","P2RX5"
5.07205604158617e-87,5.08066381097659,0.643,0.036,9.03231739885664e-83,"11","AIM2"
1.48343699884062e-80,3.75575063149801,0.618,0.053,2.64170460753537e-76,"11","GNG7"
4.29237105609497e-80,3.48004440812751,0.674,0.073,7.64385437669393e-76,"11","ADAM28"
4.43370089409736e-80,3.58835991954696,0.603,0.038,7.89553455220857e-76,"11","PAX5"
4.18564169088457e-79,3.00988595918177,0.644,0.073,7.45379072312724e-75,"11","AFF3"
1.60571525603736e-78,2.84826569371428,0.735,0.145,2.85945772795133e-74,"11","BCL11A"
1.07003002793e-77,1.36585911201725,0.986,0.706,1.90550947373774e-73,"11","LTB"
4.54970594534351e-77,4.79843571810953,0.577,0.021,8.10211634746773e-73,"11","POU2AF1"
3.15087007138159e-76,4.15187025557583,0.542,0.033,5.61106942311634e-72,"11","OSBPL10"
6.64741189703984e-76,3.44443445921316,0.64,0.064,1.18377111062486e-71,"11","PDLIM1"
8.67553952356821e-76,3.1800036292877,0.629,0.112,1.54494007835703e-71,"11","ARHGAP24"
1.47494437250299e-74,1.83386009211369,0.861,0.313,2.62658093855333e-70,"11","MEF2C"
1.26944424217945e-73,5.79280144296915,0.521,0.023,2.26062630647316e-69,"11","IGHG1"
3.69306535129034e-73,4.59321266967335,0.519,0.021,6.57661077757784e-69,"11","CD24"
2.02192204317176e-71,3.33501751452136,0.51,0.04,3.60063877448027e-67,"11","FAM129C"
3.10951469130076e-70,4.49163200135479,0.589,0.077,5.53742376226839e-66,"11","JCHAIN"
6.35187165315368e-70,1.77993856660073,0.862,0.325,1.13114130399361e-65,"11","HLA-DMB"
4.96065782815147e-69,3.04553322888642,0.689,0.161,8.83393946037213e-65,"11","CCDC50"
5.34443754977661e-68,2.24594659140798,0.724,0.207,9.51737438864218e-64,"11","SP140"
6.90958806700801e-67,2.66698138550624,0.629,0.146,1.23045944297279e-62,"11","CD82"
3.17082773594221e-66,4.58883333536154,0.457,0.025,5.64661003216588e-62,"11","CLECL1"
5.13862176517377e-65,2.89608800833756,0.628,0.136,9.15085763942146e-61,"11","IGHM"
2.94783455373731e-64,4.84861378367529,0.488,0.019,5.24950377329539e-60,"11","TLR10"
8.88414114899458e-64,3.95609954026783,0.773,0.359,1.58208785581295e-59,"11","IGKC"
2.00382071253717e-63,4.35070257328798,0.451,0.019,3.5684039248862e-59,"11","EBF1"
1.18643944761806e-61,1.28508614878031,0.914,0.367,2.11281136831824e-57,"11","HLA-DRB5"
1.74931248240576e-60,3.52037291669121,0.518,0.036,3.11517566866818e-56,"11","HLA-DOB"
5.54790546793717e-60,5.61129081450632,0.475,0.017,9.87971005730252e-56,"11","IGHG3"
7.76451934884581e-60,2.43147583112187,0.605,0.114,1.38270560564246e-55,"11","STRBP"
1.06590748167885e-58,4.07833284041922,0.445,0.022,1.8981680433737e-54,"11","FCRLA"
7.18469319216617e-58,5.01011222709021,0.485,0.021,1.27945016366095e-53,"11","CPNE5"
5.37344287889673e-57,6.51246858593222,0.418,0.009,9.56902707873929e-53,"11","LINC01781"
1.72256892173517e-56,3.03042841018611,0.554,0.085,3.06755073582599e-52,"11","CD40"
6.77338105982054e-55,2.85993101934365,0.597,0.099,1.20620369913284e-50,"11","SEL1L3"
2.53155802589735e-54,1.53245500543997,0.818,0.333,4.50819853251799e-50,"11","MARCH1"
5.12829652731037e-54,1.57675326017874,0.865,0.353,9.13247045583431e-50,"11","HLA-DMA"
6.04003212387163e-54,3.81519315186166,0.456,0.029,1.07560892061906e-49,"11","BLNK"
6.18564837189334e-54,2.1781820723679,0.739,0.211,1.10154026206677e-49,"11","CXXC5"
1.09475333873692e-52,4.23096733738164,0.4,0.02,1.94953674562271e-48,"11","FCRL2"
3.35810252078232e-52,2.0488724344081,0.69,0.223,5.98010896900916e-48,"11","IRF8"
4.86047938149727e-52,3.4008357853603,0.431,0.029,8.65554168257033e-48,"11","LINC02397"
1.68897953160679e-51,1.96578886906709,0.615,0.187,3.00773474988538e-47,"11","BASP1"
4.01174550595203e-50,2.35372144549864,0.616,0.16,7.14411639699937e-46,"11","IFT57"
1.86190835470999e-47,2.60902244869826,0.531,0.094,3.31568639806756e-43,"11","TMEM156"
2.13973466227293e-47,4.1534419726156,0.54,0.1,3.81043948657564e-43,"11","IGHA1"
4.79360942458864e-47,4.00296998828723,0.428,0.029,8.53645966330745e-43,"11","FAM30A"
1.19376292081291e-45,3.79210583022033,0.366,0.024,2.12585300938362e-41,"11","PNOC"
1.83249708856964e-45,2.22740165526096,0.557,0.114,3.26331081532481e-41,"11","TPD52"
1.3331062010411e-44,1.41265502239592,0.73,0.308,2.37399552281399e-40,"11","GPR183"
1.71661343773397e-44,3.43259591816786,0.397,0.032,3.05694520991665e-40,"11","PKIG"
1.71751374576871e-44,5.6196350501059,0.362,0.012,3.05854847846492e-40,"11","IGHG2"
3.23500773963705e-44,2.81618145585738,0.426,0.037,5.76090178274565e-40,"11","FCRL1"
3.8723175895637e-44,5.13126230394451,0.365,0.014,6.89582316349504e-40,"11","LINC01857"
2.18943361327902e-43,3.86273005662011,0.374,0.021,3.89894337852729e-39,"11","CD19"
1.48891698470858e-41,3.95552317868116,0.529,0.183,2.65146336636904e-37,"11","IGLC2"
2.2531173384859e-41,8.3563877449145,0.318,0.001,4.0123513563757e-37,"11","SSPN"
2.3981790614238e-41,1.5157013896284,0.711,0.332,4.2706772725835e-37,"11","STX7"
1.78732902591213e-40,3.387710341592,0.336,0.025,3.18287552934431e-36,"11","SNX22"
1.94369968432208e-40,3.48868713432859,0.32,0.025,3.46134039784076e-36,"11","PAWR"
4.51454972615357e-40,1.37404302828973,0.8,0.333,8.03951015233428e-36,"11","IKZF3"
6.35827348580171e-40,2.24756994904438,0.493,0.145,1.13228134235157e-35,"11","EAF2"
2.74038828808278e-38,3.87702318938375,0.331,0.027,4.88008346341781e-34,"11","CDK14"
3.88552096872259e-38,4.55453398785318,0.292,0.013,6.91933574110118e-34,"11","PPP1R14A"
3.17057437098283e-36,4.13295073030324,0.402,0.085,5.64615883984622e-32,"11","IGLC3"
5.58736762866732e-36,3.34043611807027,0.359,0.033,9.94998427313076e-32,"11","MZB1"
3.20192132673725e-35,1.70669646373373,0.643,0.253,5.70198149865369e-31,"11","ORAI2"
5.58945849190562e-35,3.52441091948415,0.336,0.028,9.95370768238552e-31,"11","FCRL5"
6.98791144417022e-35,1.89157493093199,0.401,0.062,1.24440726997783e-30,"11","IGHD"
4.21502616164786e-34,6.01670870054885,0.261,0.012,7.50611858866251e-30,"11","IGHA2"
5.4429960774769e-34,1.68403915985244,0.563,0.218,9.69288741477086e-30,"11","HVCN1"
4.48729686667618e-33,3.68271439592342,0.312,0.022,7.99097826017695e-29,"11","RASGRP3"
5.96701251079917e-33,1.89617800569725,0.459,0.143,1.06260558792312e-28,"11","SMC6"
6.2969058259839e-33,2.77794053379751,0.311,0.05,1.12135298949121e-28,"11","ID3"
2.19127337067484e-32,1.24282162110336,0.684,0.295,3.90221961849776e-28,"11","LY86"
1.77304682782982e-31,0.937470293989561,0.875,0.51,3.15744179099935e-27,"11","POU2F2"
1.81102413092529e-31,1.97245300356635,0.348,0.071,3.22507177235176e-27,"11","CDCA7L"
2.35108609814083e-31,1.84112179679156,0.53,0.176,4.18681412356918e-27,"11","CIITA"
3.74162809343835e-31,3.04804216504744,0.379,0.053,6.66309130879501e-27,"11","FCGR2B"
9.16887640118872e-31,2.2596885288456,0.441,0.109,1.63279350952369e-26,"11","TTN"
1.00985686698179e-30,1.38306150556994,0.727,0.357,1.79835310872117e-26,"11","BIRC3"
2.0500679456672e-30,2.63827517492602,0.347,0.052,3.65076099764414e-26,"11","SETBP1"
4.83390610231462e-30,1.54587608285722,0.503,0.196,8.60821998700187e-26,"11","GAPT"
1.67702820238146e-29,1.52173843912026,0.708,0.303,2.98645182280091e-25,"11","ARID5B"
2.25138352177205e-29,2.24462276694593,0.299,0.051,4.00926377557166e-25,"11","RAB30"
5.42429099524374e-29,2.85270244805261,0.269,0.029,9.65957740433005e-25,"11","STAP1"
6.49467669153658e-29,2.13741989457446,0.276,0.044,1.15657202522883e-24,"11","FCER2"
2.24467632371789e-28,1.86639347012924,0.518,0.14,3.99731959727682e-24,"11","CHD7"
2.91010035514608e-27,1.12840171317329,0.675,0.35,5.18230671244414e-23,"11","TMEM154"
3.23427031627885e-27,3.69084685862485,0.273,0.017,5.75958857922938e-23,"11","CNR2"
1.52277352441395e-26,2.96328841057478,0.257,0.04,2.71175509227636e-22,"11","CD180"
2.32686144106979e-26,0.793895616854327,0.638,0.425,4.14367485425708e-22,"11","GABPB1-AS1"
7.97960031528674e-26,1.95805406387549,0.286,0.059,1.42100722414626e-21,"11","TLE1"
1.40347624100109e-25,1.63422388555281,0.54,0.223,2.49931048997475e-21,"11","SCIMP"
2.55290566620453e-25,1.5581121458551,0.496,0.252,4.54621441037702e-21,"11","SMIM14"
4.05433301088747e-24,1.43694461421904,0.495,0.209,7.2199562257884e-20,"11","BTK"
4.23515831063301e-24,1.25151583825178,0.475,0.219,7.54196991957526e-20,"11","PLEKHF2"
4.34869532140023e-24,1.46409403516062,0.516,0.233,7.74415662834954e-20,"11","DAPP1"
8.41430120091716e-24,2.48642946102182,0.348,0.072,1.49841875785933e-19,"11","ACP5"
8.54895773980968e-24,1.38116598585588,0.457,0.196,1.52239839430531e-19,"11","FGD2"
4.47488748047273e-23,1.76911616145144,0.379,0.13,7.96887962522584e-19,"11","DAAM1"
4.89445673607104e-23,2.24738059229907,0.415,0.126,8.71604855559531e-19,"11","TBC1D9"
3.28283262320548e-22,2.15065504299386,0.308,0.068,5.84606833540433e-18,"11","ITM2C"
8.02923448837445e-22,1.87821807132325,0.252,0.056,1.42984607768972e-17,"11","BCL7A"
1.16790070903243e-21,1.12632764817045,0.619,0.341,2.07979758264495e-17,"11","UBE2J1"
1.23782349068329e-21,1.45194960794615,0.363,0.126,2.2043160722088e-17,"11","PLPP5"
1.35980818493366e-21,1.75419759012382,0.379,0.145,2.42154641572985e-17,"11","TP53INP1"
3.00479593860732e-21,2.82629517347909,0.286,0.041,5.35094060747191e-17,"11","HLA-DOA"
9.68324631552303e-21,0.750891382490286,0.9,0.724,1.72439250386834e-16,"11","CXCR4"
2.20387469004056e-20,0.908966286309569,0.782,0.49,3.92466004802423e-16,"11","ATP2B1"
2.80547758201751e-20,0.71647048850157,0.738,0.488,4.99599447805679e-16,"11","MIS18BP1"
1.58264435149228e-19,1.22955386779302,0.464,0.227,2.81837306113746e-15,"11","PMAIP1"
4.79311518397234e-19,1.40741011051783,0.431,0.171,8.53557951961795e-15,"11","HHEX"
8.35028476782084e-18,1.97725600009937,0.353,0.085,1.48701871145353e-13,"11","FCRL3"
1.59543688046362e-16,0.794722649771731,0.713,0.476,2.84115399672961e-12,"11","PARP14"
8.23182026693201e-16,1.15696819855957,0.513,0.229,1.46592255313525e-11,"11","MTSS1"
2.54726050926395e-15,1.0309327643202,0.554,0.296,4.53616151489724e-11,"11","SYK"
1.85289189115406e-14,1.01321496365745,0.383,0.206,3.29962987976714e-10,"11","LYL1"
2.83137766276784e-14,0.512897460453946,0.862,0.684,5.04211734185697e-10,"11","PLAC8"
4.024321438941e-14,0.915886011893869,0.439,0.232,7.16651161846614e-10,"11","NCF4"
5.50642394747952e-14,0.846353336967519,0.44,0.244,9.80583976567154e-10,"11","XIST"
5.41887287064418e-13,1.90239475671918,0.28,0.075,9.64992880804316e-09,"11","HLA-DQA2"
1.21768815546361e-12,0.579285800540607,0.623,0.352,2.1684590672496e-08,"11","CTSH"
4.37383079729056e-12,0.683192253967561,0.517,0.292,7.78891788381503e-08,"11","CAPG"
9.85477851779797e-12,1.00412968670694,0.692,0.462,1.75493895844946e-07,"11","HERPUD1"
1.08007031610752e-11,0.941507320465209,0.742,0.482,1.92338921892427e-07,"11","JUN"
1.62275006769742e-11,1.10431821316352,0.27,0.113,2.88979332055556e-07,"11","KIF20B"
1.83984803605745e-11,0.255177077815052,0.742,0.422,3.27640138261111e-07,"11","CTSZ"
2.9554311028391e-11,0.388591278822267,0.635,0.473,5.26303170793586e-07,"11","PLP2"
1.3137942281738e-10,0.997263389491292,0.425,0.214,2.3396047615319e-06,"11","AC025164.1"
2.127750686216e-10,0.554292195844735,0.833,0.579,3.78909842201345e-06,"11","REL"
2.43315177564936e-10,0.594281045142428,0.715,0.507,4.33295668207638e-06,"11","PTPN6"
3.92942425100613e-10,0.550163092865539,0.529,0.281,6.99751870619171e-06,"11","BCL2"
7.24350539124915e-10,0.999991149219837,0.324,0.166,1.28992344007365e-05,"11","MYC"
7.75297332788444e-10,0.515463537555301,0.258,0.169,1.38064949022966e-05,"11","CALHM6"
1.19101386332681e-09,1.21168337794755,0.261,0.121,2.12095748781239e-05,"11","HDAC9"
1.67454072744896e-09,0.428796300238735,0.53,0.323,2.98202212744111e-05,"11","PDE4B"
4.65568474621569e-09,0.941297233699578,0.351,0.185,8.2908433960609e-05,"11","KYNU"
1.14133664782321e-08,1.10749345491164,0.265,0.132,0.000203249230244358,"11","CR1"
2.33855921804422e-08,0.321195939767219,0.464,0.274,0.000416450625549314,"11","CD27"
2.84636488857893e-08,0.793048759794488,0.391,0.232,0.000506880659358136,"11","ALOX5"
1.61192123797171e-07,0.849527087698194,0.399,0.256,0.00287050934058002,"11","MARCKSL1"
2.77738223119704e-07,0.735973292478917,0.29,0.189,0.00494596227731568,"11","KCNQ1OT1"
5.13356878056549e-07,0.266560625763339,0.301,0.148,0.00914185928443102,"11","NCR3"
1.49868026697665e-06,0.743227528952429,0.363,0.22,0.0266884981943202,"11","METTL7A"
3.34995426755227e-06,0.291472966912597,0.451,0.33,0.0596559855965708,"11","RHOQ"
5.94097139238325e-06,0.380558246555351,0.869,0.7,0.105796818555561,"11","KLF6"
9.55296285608437e-06,0.521984273420725,0.31,0.225,0.17011916254115,"11","NBPF14"
1.17649414090608e-05,0.483896940154502,0.433,0.297,0.209510076612555,"11","SAMD9L"
2.27998544563344e-05,0.373191834030579,0.64,0.451,0.406019808158403,"11","PLEKHO1"
2.80640910233079e-05,0.467020871229454,0.355,0.243,0.499765332943067,"11","GRK3"
2.87525043227694e-05,0.36740177742341,0.325,0.227,0.512024596979878,"11","PELI1"
3.02906553728077e-05,0.538436284571152,0.302,0.209,0.539415990878959,"11","ARL4A"
3.23118700424146e-05,0.707346552957181,0.375,0.241,0.57540978171532,"11","TLE3"
3.59468194323806e-05,0.940413611366471,0.277,0.16,0.640140960451834,"11","BMP2K"
4.00956093842455e-05,0.424790363603794,0.384,0.252,0.714022611914644,"11","NFKB2"
4.94200524539719e-05,0.376024782592313,0.309,0.208,0.880072294100332,"11","RHOB"
8.64090671636708e-05,0.29987308024586,0.351,0.28,1,"11","LRRC75A"
0.000142543885701902,0.327654715994855,0.582,0.397,1,"11","SKAP2"
0.00162997560432731,0.389203362423206,0.665,0.486,1,"11","HIST1H4C"
1.00624230196171e-166,3.49316136542316,1,0.476,1.79191629133341e-162,"12","LST1"
1.26842681707162e-166,4.02734353414854,1,0.231,2.25881447584114e-162,"12","FCGR3A"
1.55522009821283e-165,7.22630339858524,0.945,0.045,2.76953595089741e-161,"12","CDKN1C"
1.63002193336259e-159,4.0518421713741,0.996,0.253,2.9027430589321e-155,"12","MS4A7"
1.76331277017279e-159,2.90151956888836,1,0.536,3.1401073811237e-155,"12","AIF1"
6.57175122320473e-153,2.45491097171268,1,0.649,1.1702974578283e-148,"12","COTL1"
5.72017090942114e-151,2.59083936463237,1,0.46,1.01864803554972e-146,"12","FCER1G"
6.41641284830956e-151,4.31227795926122,0.957,0.125,1.14263480002697e-146,"12","TCF7L2"
2.36662054154326e-149,4.07720137850429,0.955,0.151,4.21447786038024e-145,"12","SMIM25"
7.76930962300645e-148,3.29838188708807,0.978,0.223,1.38355865766499e-143,"12","LRRC25"
2.03782007347324e-145,3.03199765480563,0.999,0.343,3.62894998684115e-141,"12","CFD"
2.79333858545786e-143,3.40813761303114,0.987,0.336,4.97437735298335e-139,"12","IFITM3"
3.4367245368173e-142,2.47890093245425,0.999,0.323,6.12011905516424e-138,"12","SERPINA1"
1.38794488237386e-139,3.38244387929463,0.951,0.187,2.47165224653138e-135,"12","CSF1R"
2.89199870657213e-135,5.49042375739964,0.865,0.037,5.15007129666365e-131,"12","HES4"
2.99676359928437e-132,2.48563953389543,0.996,0.417,5.33663661760561e-128,"12","LYN"
7.70780388828356e-128,2.01537092718859,1,0.739,1.37260571642554e-123,"12","S100A11"
4.0752856650258e-126,3.56917357829616,0.917,0.166,7.25726871227794e-122,"12","HMOX1"
1.23386460360884e-125,1.9330948936837,1,0.998,2.19726608610663e-121,"12","FTL"
2.09097600309593e-122,2.66596466748126,0.971,0.263,3.72361006631322e-118,"12","PILRA"
2.16276799096622e-122,3.12739568033234,0.911,0.188,3.85145723831264e-118,"12","RHOC"
1.20181479596405e-120,1.34934808159514,1,0.968,2.14019178865278e-116,"12","OAZ1"
6.7118398944985e-120,1.93720028321498,1,0.596,1.19524444841229e-115,"12","PSAP"
2.02176312150422e-119,2.03166931930564,0.997,0.498,3.60035576677472e-115,"12","TNFRSF1B"
1.58840069666054e-117,2.71244289313163,0.977,0.331,2.82862396061308e-113,"12","PECAM1"
2.14303658034126e-117,2.58630599397812,0.976,0.277,3.81631954227171e-113,"12","LILRB2"
9.73711184177353e-117,2.53805408660299,0.98,0.357,1.73398487678303e-112,"12","BID"
1.16989711948553e-115,3.81249468909571,0.842,0.105,2.08335279037982e-111,"12","SIGLEC10"
1.38958180970091e-115,3.25688056375376,0.878,0.165,2.47456728671538e-111,"12","RRAS"
3.65714795936571e-115,1.77900228030852,1,0.996,6.51264908603845e-111,"12","FTH1"
9.59680325709137e-115,2.2357147106115,0.995,0.344,1.70899872402283e-110,"12","SPI1"
1.71055091069313e-114,2.04649874403287,0.998,0.571,3.04614906176233e-110,"12","CEBPB"
2.30613941753916e-113,2.08264829257688,1,0.728,4.10677307475374e-109,"12","SAT1"
2.92272241187273e-112,2.75431955867744,0.92,0.217,5.20478407106295e-108,"12","MTSS1"
1.26351390356934e-111,1.99831214761314,0.993,0.488,2.25006555947628e-107,"12","NPC2"
4.94951067130367e-111,4.53986478162326,0.753,0.056,8.81408860345757e-107,"12","CTSL"
1.13666921574683e-110,2.08331554136355,0.999,0.554,2.02418053940195e-106,"12","HLA-DPA1"
6.68395209033974e-110,1.96405238491976,0.989,0.518,1.1902781882477e-105,"12","VASP"
1.06419945501699e-109,2.78677598851545,0.928,0.255,1.89512638949425e-105,"12","WARS"
7.65824391430046e-108,2.06750237243164,1,0.467,1.36378007625863e-103,"12","CST3"
1.21330101755029e-107,2.20909396763999,0.953,0.353,2.16064645205355e-103,"12","IER5"
4.36209265526804e-107,2.55828683290203,0.934,0.239,7.76801460050132e-103,"12","LMO2"
1.4111065921589e-106,1.78371708925151,0.998,0.853,2.51289861931657e-102,"12","IFITM2"
1.60092867576821e-105,2.29812164709032,0.964,0.378,2.85093378580803e-101,"12","STXBP2"
3.66127616240027e-105,1.92622960985755,0.996,0.479,6.5200005900024e-101,"12","ASAH1"
1.04651272092877e-103,2.19308406402218,0.98,0.309,1.86362985342995e-99,"12","CD68"
4.64858722791101e-103,2.46907359371486,0.981,0.46,8.27820413546393e-99,"12","TIMP1"
1.46065089376515e-102,1.37616812873059,0.999,0.863,2.60112711161698e-98,"12","CALM2"
2.12756555421269e-101,5.11638453901401,0.709,0.04,3.78876873894195e-97,"12","MS4A4A"
1.11302913375184e-97,1.98778875170531,0.976,0.504,1.98208228138528e-93,"12","CTSC"
1.57633632212358e-97,1.60137808560377,1,0.552,2.80713972243767e-93,"12","TYROBP"
2.49680590954398e-95,2.16771930988049,0.947,0.359,4.44631196371591e-91,"12","HSBP1"
1.81180507330548e-94,0.733148469988572,1,1,3.2264624745424e-90,"12","TMSB4X"
3.28912327184192e-93,1.77892995354531,0.972,0.46,5.85727072249609e-89,"12","LYST"
3.87621942304345e-93,1.3512147173824,1,0.938,6.90277154855578e-89,"12","S100A4"
5.06046155724594e-93,1.91801801286327,0.982,0.499,9.01166994114357e-89,"12","PTPN6"
8.92504864571375e-93,2.33391191540515,0.868,0.243,1.5893726628287e-88,"12","MAPKAPK3"
1.60565394286434e-92,3.04372944787119,0.773,0.124,2.85934854145282e-88,"12","CAMK1"
1.62509946855726e-92,6.55512788461311,0.588,0.012,2.89397713360676e-88,"12","CKB"
3.21179126899805e-92,1.02056872980788,1,0.997,5.71955789183174e-88,"12","ACTB"
4.84870685783959e-92,2.32486082892337,0.921,0.316,8.63457717244074e-88,"12","NAAA"
3.92173763161254e-91,2.39879987273957,0.886,0.213,6.98383037437562e-87,"12","IFI30"
3.98036674041057e-91,1.64109298190321,0.989,0.507,7.08823709132314e-87,"12","ANXA5"
1.47296514017064e-90,1.66137098926434,0.997,0.436,2.62305632161587e-86,"12","TYMP"
1.51932563619362e-90,2.51541206317562,0.86,0.196,2.7056150929336e-86,"12","ABI3"
3.2267026361987e-89,2.05853620359854,0.884,0.254,5.74611205454265e-85,"12","SLC7A7"
3.82462268009799e-89,1.63106973308477,0.997,0.576,6.8108880687185e-85,"12","BRI3"
5.84971462789024e-89,2.18347333214707,0.922,0.267,1.04171718093469e-84,"12","HCK"
1.2473539242364e-88,3.01555211359616,0.72,0.123,2.22128786828018e-84,"12","GPBAR1"
1.85287629380926e-88,2.44124081449946,0.871,0.239,3.29960210401553e-84,"12","LILRB1"
7.51709567753202e-88,2.98204077288466,0.799,0.151,1.3386443982549e-83,"12","CALHM6"
1.37610784389855e-87,1.70198618638913,0.989,0.508,2.45057284841453e-83,"12","PYCARD"
1.97959672430029e-87,2.79906722037552,0.839,0.192,3.52526584663396e-83,"12","OAS1"
3.74549200110185e-87,2.4789779777219,0.85,0.209,6.66997215556218e-83,"12","LILRA5"
7.30750859187332e-87,2.97179172363038,0.72,0.126,1.3013211300408e-82,"12","CXCL16"
7.56039568798209e-86,2.01117661370604,0.933,0.285,1.34635526411585e-81,"12","CPPED1"
1.18823665158257e-85,1.53207049572955,0.988,0.687,2.11601182913824e-81,"12","PRELID1"
2.85611293918756e-85,1.61372857714762,0.955,0.474,5.08616592210521e-81,"12","RNH1"
3.70115637512531e-85,1.76554868316901,0.99,0.507,6.59101927282316e-81,"12","POU2F2"
1.33679636733522e-83,1.57532075132454,0.973,0.416,2.38056697095056e-79,"12","CTSZ"
3.72394926061781e-83,1.1248200742006,0.999,0.802,6.6316088433082e-79,"12","GNAI2"
5.13832820638069e-83,1.58995626047487,0.984,0.553,9.15033486992273e-79,"12","FKBP1A"
6.69885833313958e-82,1.66800277232973,0.954,0.445,1.1929326919655e-77,"12","SPN"
8.01592270324977e-82,2.18276087536718,0.868,0.231,1.42747551499472e-77,"12","C19orf38"
1.33248810311035e-81,2.47739695067918,0.752,0.16,2.37289481401892e-77,"12","SECTM1"
6.56804213909669e-81,1.59167677268102,0.982,0.503,1.16963694413034e-76,"12","VSIR"
2.78011629064133e-80,1.80871702257032,0.964,0.421,4.95083109037408e-76,"12","CASP1"
1.03438599414898e-79,2.14544365095515,0.907,0.372,1.8420345783805e-75,"12","TNFSF10"
1.23686227659108e-79,3.2106636651156,0.704,0.113,2.20260434215339e-75,"12","FAM110A"
1.0544403041586e-78,2.43869267155868,0.765,0.176,1.87774729364563e-74,"12","SLC2A6"
1.45444323230607e-78,1.93749662589181,0.865,0.333,2.59007250809065e-74,"12","CUX1"
2.35245960573662e-78,1.87350370725455,0.87,0.22,4.18926006589578e-74,"12","MAFB"
9.67591922070842e-78,1.66068134553908,0.907,0.306,1.72308769482375e-73,"12","BCL2A1"
1.19167820056149e-77,1.62108236619483,0.981,0.645,2.12214053955989e-73,"12","CSTB"
1.34607022903352e-76,2.19719450015954,0.824,0.231,2.39708186386289e-72,"12","SNX18"
1.38967518977198e-76,1.53609204257102,0.943,0.341,2.47473357794593e-72,"12","MARCKS"
1.68822556365523e-76,1.78503511557471,0.927,0.298,3.00639208375723e-72,"12","CLEC12A"
2.94065980619237e-76,1.75059537499063,0.931,0.305,5.23672698286738e-72,"12","CFP"
4.08292865819934e-76,1.5462707866896,1,0.741,7.27087935452138e-72,"12","CTSS"
2.83704679685426e-75,1.75569166653166,0.903,0.249,5.05221293583807e-71,"12","C5AR1"
5.41487812024343e-75,2.26270850926735,0.825,0.215,9.6428149565295e-71,"12","SCIMP"
8.49049884390044e-75,0.829803491981515,1,0.991,1.51198803412179e-70,"12","H3F3A"
8.77529486532339e-75,1.22361496263653,1,0.963,1.56270450961679e-70,"12","S100A6"
8.77625575897357e-75,2.07715402735464,0.819,0.228,1.56287562555801e-70,"12","TBXAS1"
2.26201678516085e-74,1.87602537515817,0.891,0.313,4.02819949101445e-70,"12","LGALS9"
8.14071853782265e-74,1.54438870068521,0.977,0.656,1.44969915721546e-69,"12","LY6E"
2.48019509343404e-73,2.61516492199273,0.757,0.153,4.41673142238734e-69,"12","ADGRE2"
2.62749984949883e-73,1.46981114692624,0.977,0.55,4.67905173198752e-69,"12","CARD16"
9.000106923355e-73,1.94298289985664,0.916,0.374,1.60273904091106e-68,"12","ATG3"
1.19801100600352e-72,3.77097419733963,0.595,0.056,2.13341799949107e-68,"12","BATF3"
1.53624867888413e-72,1.88526054824475,0.868,0.294,2.73575164735685e-68,"12","MYD88"
1.80208276369317e-72,1.51030266612968,0.99,0.383,3.20914898558479e-68,"12","FGL2"
3.41989991797598e-72,3.62094431854348,0.582,0.058,6.09015777393162e-68,"12","CDH23"
8.87949592374555e-72,2.7624119290448,0.725,0.136,1.58126063410061e-67,"12","LILRA1"
8.38980368713761e-71,1.58469159974221,0.954,0.485,1.49405624060547e-66,"12","CMTM6"
1.93231216345053e-69,1.43355906311226,0.946,0.312,3.44106150067271e-65,"12","CLEC7A"
8.16186620376213e-68,2.4978648764152,0.737,0.179,1.45346513356596e-63,"12","TESC"
5.84361929720722e-67,1.39648795236358,0.954,0.501,1.04063172444666e-62,"12","RHOG"
8.12239673786879e-67,2.94816048794116,0.677,0.112,1.44643641107967e-62,"12","C3AR1"
1.22921729379776e-66,1.78928452376475,0.914,0.292,2.18899015679505e-62,"12","IGSF6"
1.30639091164107e-66,3.65834907225031,0.529,0.048,2.32642093545041e-62,"12","ZNF703"
2.14207666414166e-66,2.11197784849483,0.725,0.182,3.81461012350347e-62,"12","SLC8A1"
3.45598117840728e-66,1.98093356803184,0.812,0.253,6.15441128250768e-62,"12","PIK3AP1"
4.39246266298918e-66,1.46242874948615,0.949,0.399,7.82209751025112e-62,"12","FGR"
1.14656757001014e-65,1.42021632384722,0.985,0.543,2.04180752867406e-61,"12","ANXA2"
6.35491932838333e-65,2.04172620956996,0.794,0.24,1.1316840339985e-60,"12","LFNG"
1.22953324425966e-64,3.49802582423298,0.53,0.046,2.1895528013776e-60,"12","PTP4A3"
1.63139167848798e-64,1.17189046968559,0.956,0.471,2.9051823010514e-60,"12","NFKBIZ"
4.29583634972694e-64,2.59397989714926,0.648,0.105,7.65002537159373e-60,"12","ADA"
4.31806806626149e-64,1.26954931381386,0.981,0.382,7.68961561239846e-60,"12","CYBB"
4.4749874357603e-64,1.32414672729815,0.996,0.609,7.96905762560194e-60,"12","LGALS1"
3.08218012834089e-63,2.01442935554311,0.68,0.18,5.48874637254946e-59,"12","RELT"
7.18957017448997e-63,3.33149580477943,0.617,0.08,1.28031865667317e-58,"12","MYOF"
7.30649523407923e-63,1.70123772674022,0.875,0.349,1.30114067128483e-58,"12","RAB10"
3.11896204165547e-62,1.63515185664835,0.802,0.243,5.55424760378006e-58,"12","CD300E"
3.38530740078167e-62,1.53713100983638,0.921,0.422,6.028555419312e-58,"12","ZFAND5"
4.54864540090505e-62,1.83589189811379,0.793,0.252,8.10022772993171e-58,"12","BLVRA"
6.89304058907411e-62,1.28630391981546,0.994,0.526,1.22751266810232e-57,"12","HLA-DRB1"
9.60783507758168e-62,2.40492498386608,0.674,0.14,1.71096327061575e-57,"12","CD300LF"
1.25396756007172e-61,1.98116618073559,0.774,0.22,2.23306543097571e-57,"12","UNC93B1"
2.56951593802059e-61,1.18427120583584,0.781,0.185,4.57579398242707e-57,"12","CD79B"
3.23219691242974e-61,2.35369035180011,0.698,0.159,5.75589626165487e-57,"12","KDM1B"
6.97933660266233e-61,1.7066607700362,0.931,0.537,1.24288026220211e-56,"12","TUBA1B"
7.70168020879672e-61,1.96227858573316,0.777,0.229,1.37151521158252e-56,"12","GRK3"
9.57218054205689e-61,1.95146973087552,0.737,0.202,1.70461391092949e-56,"12","BTK"
1.04058369869682e-60,1.96478897691976,0.766,0.209,1.8530714506393e-56,"12","STX11"
1.35329482019498e-60,1.13025561056981,0.996,0.588,2.40994741580322e-56,"12","TKT"
2.52806634827945e-60,1.76598237766109,0.822,0.264,4.50198055301604e-56,"12","ITGAX"
8.60650813446665e-60,1.78744335927666,0.712,0.195,1.53264696858582e-55,"12","RHOB"
1.01583853843271e-59,1.21857171909967,0.968,0.532,1.80900526924097e-55,"12","ARRB2"
1.47260904188405e-59,1.73785292817353,0.826,0.252,2.62242218178712e-55,"12","RXRA"
3.26549512077152e-59,1.3739947971198,0.965,0.53,5.81519371106993e-55,"12","C1orf162"
3.33767170280127e-59,1.36674340440749,0.954,0.324,5.9437257683485e-55,"12","NCF2"
7.232839800696e-59,1.74681942051854,0.822,0.306,1.28802411170794e-54,"12","SEC14L1"
1.28557284905751e-58,0.930344812769159,1,0.905,2.28934812960161e-54,"12","NEAT1"
1.43342531248254e-58,1.89703965730317,0.837,0.331,2.55264379646891e-54,"12","RABGAP1L"
5.0271797657872e-58,2.43961988547289,0.634,0.13,8.95240172691384e-54,"12","PLAGL2"
5.99600809914897e-58,1.20209046523307,0.977,0.589,1.06776912229645e-53,"12","HLA-DPB1"
6.07593050184052e-58,1.71313879859245,0.783,0.248,1.08200170376776e-53,"12","PAK1"
1.24752992575007e-57,2.21446415950682,0.713,0.209,2.22160129177573e-53,"12","APOBEC3A"
2.54462697400453e-57,2.08154692918999,0.72,0.178,4.53147171530727e-53,"12","RGS18"
1.00885145872736e-56,1.65903097960251,0.817,0.252,1.79656267770169e-52,"12","CX3CR1"
1.92882423723424e-56,2.687695779477,0.647,0.118,3.43485020166674e-52,"12","SIDT2"
5.7706193853225e-56,1.92354849606275,0.739,0.199,1.02763190013823e-51,"12","LILRA2"
1.35277444096958e-55,1.14667745953157,0.877,0.289,2.40902072447862e-51,"12","SLC11A1"
2.07610758278857e-55,2.17050609278622,0.728,0.188,3.69713238342989e-51,"12","FGD2"
2.45392215430895e-55,1.70746987377918,0.792,0.243,4.36994457239337e-51,"12","CD300A"
2.87089325702491e-55,3.25590204053151,0.461,0.056,5.11248671210996e-51,"12","TPPP3"
6.06708869009591e-55,1.11375235445766,0.987,0.523,1.08042715393228e-50,"12","ZEB2"
7.93193649649722e-55,1.9366197257891,0.703,0.189,1.41251925129623e-50,"12","PLXNB2"
8.36773576971371e-55,1.41253848316116,0.923,0.38,1.49012638587062e-50,"12","LGALS3"
1.29314819769735e-54,1.32512002791348,0.851,0.348,2.30283831045943e-50,"12","THEMIS2"
1.41014930675488e-54,2.33207062987427,0.635,0.143,2.51119388546909e-50,"12","INSIG1"
2.20513250734032e-54,1.66642651835319,0.856,0.372,3.92689996907165e-50,"12","HLA-DRB5"
3.94552725566221e-54,1.34624375177806,0.879,0.403,7.02619493688326e-50,"12","RNF149"
7.53245276546199e-54,2.17169314079907,0.59,0.139,1.34137918847347e-49,"12","TTYH3"
1.3172257700431e-53,2.27714601122719,0.641,0.153,2.34571565129275e-49,"12","SLC31A2"
2.37945529969888e-53,1.66829585960889,0.706,0.203,4.23733399770376e-49,"12","NR4A1"
3.23649685261432e-53,1.67490149635649,0.816,0.291,5.76355359513559e-49,"12","SH3BP2"
3.59311368722935e-53,1.46586098420625,0.808,0.325,6.39861685421802e-49,"12","EHBP1L1"
4.59808780461963e-53,1.35020756412742,0.925,0.502,8.18827476246663e-49,"12","WSB1"
4.88041889403625e-53,1.56084686330992,0.711,0.216,8.69104996649976e-49,"12","PRAM1"
2.16118669585918e-52,1.46279541325733,0.904,0.411,3.84864126798602e-48,"12","MIDN"
2.6679876616668e-52,1.75059316764123,0.695,0.21,4.75115242789624e-48,"12","SLC16A3"
5.64191954494223e-52,2.18312933079742,0.756,0.194,1.00471303256331e-47,"12","LYL1"
5.65268315092745e-52,3.25071385995022,0.466,0.051,1.00662981551716e-47,"12","PLD4"
5.92009873283309e-52,1.98152996938324,0.6,0.153,1.05425118234292e-47,"12","EPB41L3"
8.60648737574791e-52,2.80356108276061,0.526,0.084,1.53264327187319e-47,"12","IFIT3"
1.66788887509337e-51,2.34157644276398,0.618,0.138,2.97017650876627e-47,"12","CEBPA"
5.38269310266054e-51,1.00946576114782,0.991,0.729,9.58549987721788e-47,"12","EVI2B"
3.13452937524391e-50,2.20232997295584,0.598,0.17,5.58196991143435e-46,"12","FBP1"
4.25217525092587e-50,1.48392260199963,0.845,0.359,7.57227368684879e-46,"12","RNF13"
1.21108309757936e-49,1.09528293967095,0.939,0.404,2.15669678016932e-45,"12","FCGRT"
1.80035784192662e-49,2.16026711953688,0.599,0.139,3.20607724490293e-45,"12","LPCAT2"
2.03696747915364e-49,1.41295658112411,0.831,0.323,3.6274316868768e-45,"12","NINJ1"
2.32484146221013e-49,2.14215360924189,0.697,0.183,4.1400776759038e-45,"12","CD86"
4.08106428459962e-49,1.45172025016881,0.766,0.275,7.267559278015e-45,"12","C9orf72"
1.04280318642963e-48,0.577564694407077,0.949,0.4,1.85702391439389e-44,"12","NAMPT"
2.34759022750898e-48,1.7499005575203,0.738,0.23,4.18058867714798e-44,"12","FAM49A"
3.98407615979935e-48,0.877477934743208,0.994,0.627,7.09484282537068e-44,"12","DUSP1"
4.53372560518356e-48,1.05788549981199,0.939,0.41,8.07365855771088e-44,"12","FCN1"
5.04779260125808e-48,4.53066540796694,0.414,0.019,8.98910906432039e-44,"12","NEURL1"
6.22675606810779e-48,1.08128096372176,0.962,0.537,1.10886072060864e-43,"12","ATP6V0B"
6.40224215881301e-48,1.80438087301954,0.689,0.247,1.14011128364142e-43,"12","MARCKSL1"
6.46132169677662e-48,2.00783347543092,0.709,0.199,1.15063216776198e-43,"12","RARA"
6.81195338803444e-48,3.97683734899229,0.402,0.028,1.21307265934117e-43,"12","LINC02432"
9.06862585502167e-48,1.03503704595463,0.997,0.569,1.61494089226226e-43,"12","HLA-DRA"
1.6302284326565e-47,2.03109287372534,0.644,0.159,2.90311079287469e-43,"12","DOCK5"
3.13017819986541e-47,1.72374982749808,0.659,0.194,5.57422133832032e-43,"12","HRH2"
7.96969613249396e-47,3.71147201848531,0.428,0.037,1.41924348727452e-42,"12","MGLL"
8.57652052971177e-47,5.45031643267807,0.365,0.01,1.52730677593107e-42,"12","CASP5"
2.0859312680103e-46,1.71049684403766,0.684,0.226,3.71462640207275e-42,"12","C20orf27"
2.09806089754477e-46,1.34480344229032,0.933,0.482,3.73622684634773e-42,"12","MIS18BP1"
2.22522869477912e-46,0.942002840643811,0.841,0.29,3.96268725966266e-42,"12","CPVL"
4.66269400486493e-46,4.49906204188924,0.419,0.023,8.30332548386347e-42,"12","AC064805.1"
6.45017084592477e-46,1.27400379239592,0.797,0.266,1.14864642424228e-41,"12","IRAK3"
7.75636648902573e-46,1.96714219016218,0.675,0.178,1.3812537443657e-41,"12","C15orf39"
1.07422493645537e-45,1.47793276966786,0.736,0.265,1.91297976683972e-41,"12","PRKACA"
1.59050816661775e-45,1.41728842728225,0.7,0.208,2.8323769431129e-41,"12","DUSP6"
2.11903426866559e-45,1.29319364672413,0.916,0.501,3.77357622563969e-41,"12","TUBA1A"
8.85730331283911e-45,1.81499860993258,0.711,0.216,1.57730857395039e-40,"12","PLXNC1"
1.65819184455455e-44,1.26133616683714,0.823,0.364,2.95290803678274e-40,"12","TRIM8"
1.91612360202681e-44,1.88565633277467,0.538,0.118,3.41223291048934e-40,"12","CHST2"
2.13108064219502e-44,2.06270283061445,0.662,0.162,3.79502840762089e-40,"12","P2RY13"
4.80974031945211e-44,1.88248194637207,0.634,0.171,8.56518556088032e-40,"12","SMCO4"
1.20619179554855e-43,0.909759903279883,0.893,0.369,2.14798634951287e-39,"12","RNF130"
1.6461705708903e-43,1.17082416749666,0.871,0.388,2.93150055264144e-39,"12","SKAP2"
3.7917028478285e-43,1.87073759176535,0.66,0.186,6.752264431413e-39,"12","NUDT16"
4.09983002720305e-43,1.24565846134694,0.768,0.262,7.30097731244319e-39,"12","LILRB3"
8.29384627473748e-43,1.03226917591242,0.887,0.474,1.47696814460525e-38,"12","ZNF106"
1.09025894685065e-42,4.55574782850654,0.394,0.02,1.94153313255164e-38,"12","ICAM4"
1.39611393742355e-42,1.17675360670532,0.901,0.443,2.48619969976386e-38,"12","PLEKHO1"
2.1978712079267e-42,1.76144820381332,0.638,0.177,3.91396904707587e-38,"12","RNF144B"
4.07536756813719e-42,1.63200388891347,0.584,0.176,7.25741456533871e-38,"12","KLF4"
4.30136367377288e-42,1.44376608588566,0.648,0.233,7.65986843025475e-38,"12","SCLT1"
6.08409382949956e-42,1.74323584083952,0.654,0.191,1.08345542915728e-37,"12","GCH1"
7.11970517808256e-42,1.09327404580411,0.845,0.312,1.26787709811294e-37,"12","TNFSF13B"
9.49359935011535e-42,1.51009684020657,0.72,0.262,1.69062017226854e-37,"12","OAZ2"
1.29346675860179e-41,3.78499030036933,0.355,0.027,2.30340560371806e-37,"12","TNFRSF8"
1.39971819077956e-41,1.16835846961338,0.793,0.275,2.49261815414024e-37,"12","TIMP2"
1.86312159739046e-41,3.44398694159664,0.391,0.043,3.31784694063293e-37,"12","PPM1N"
4.05925222830475e-41,4.52739735418463,0.314,0.017,7.2287163681651e-37,"12","IL3RA"
6.11813881878811e-41,1.34723924102926,0.797,0.317,1.08951816084979e-36,"12","SNX10"
9.14685113536345e-41,1.61366420841756,0.723,0.248,1.62887125018552e-36,"12","LY96"
9.79647433775536e-41,1.41640120926293,0.701,0.245,1.74455615006747e-36,"12","GNS"
1.41443642096864e-40,6.22969945156496,0.334,0.012,2.51882837846095e-36,"12","C1QA"
1.4550064771155e-40,4.8423541197122,0.306,0.012,2.59107553444728e-36,"12","FMNL2"
1.79217435496536e-40,2.03172457167672,0.414,0.082,3.19150409132232e-36,"12","SFMBT2"
1.87304252508706e-40,2.10694841434359,0.565,0.131,3.33551412867503e-36,"12","CHST15"
1.89163656170954e-40,2.62429644523823,0.424,0.069,3.36862638909235e-36,"12","P2RX1"
3.80949759219846e-40,1.61379843070478,0.62,0.186,6.78395331218701e-36,"12","TMEM176B"
4.08366990265886e-40,1.11906763017652,0.749,0.338,7.27219936265489e-36,"12","UBE2J1"
4.96687687430036e-40,1.57173994886387,0.789,0.366,8.84501433775408e-36,"12","VAMP5"
9.51893047996455e-40,1.73247282216076,0.634,0.196,1.69513113987209e-35,"12","SNN"
9.54552610514764e-40,0.972273039813518,0.826,0.383,1.69986728880469e-35,"12","RILPL2"
1.51421870271813e-39,2.80768634170106,0.471,0.07,2.69652066580045e-35,"12","ADGRE1"
5.92737703971347e-39,1.53540428624197,0.816,0.429,1.05554730323217e-34,"12","ISG15"
8.22238273019961e-39,0.719075707118572,0.965,0.552,1.46424191659395e-34,"12","PLEK"
1.87081881542922e-38,1.2904667473028,0.824,0.312,3.33155414651635e-34,"12","IFNGR2"
2.32347946561611e-38,0.699717547011199,0.999,0.742,4.13765223236916e-34,"12","CD74"
2.70483247298363e-38,0.812991304891604,0.918,0.449,4.81676566788925e-34,"12","VMP1"
2.8636986200908e-38,0.457376301552751,0.951,0.379,5.09967450265769e-34,"12","MNDA"
6.62458088653111e-38,0.588981649845524,0.869,0.336,1.17970536427346e-33,"12","TNFAIP2"
9.18579510396244e-38,2.06985769647146,0.487,0.115,1.63580639211363e-33,"12","SORT1"
1.30885524528123e-37,1.34280598018306,0.757,0.257,2.33080942079681e-33,"12","FCGR2A"
1.40275794659072e-37,1.86708124237827,0.573,0.153,2.49803135128875e-33,"12","ADAP2"
1.77658166096318e-37,1.99296580802687,0.485,0.113,3.16373662184323e-33,"12","MCOLN1"
2.29304248873598e-37,1.31854057822392,0.726,0.242,4.08345006394104e-33,"12","RAB32"
2.4614384901186e-37,1.51122533922828,0.645,0.209,4.3833296632032e-33,"12","KIAA0930"
4.32149335109698e-37,2.65713510209574,0.405,0.064,7.6957153596335e-33,"12","RBBP8"
1.19444115449806e-36,2.57262178809284,0.455,0.082,2.12706080793015e-32,"12","CD300C"
1.37237483449951e-36,4.81032414510769,0.288,0.01,2.44392510527672e-32,"12","CEACAM3"
1.51803589143859e-36,1.75156199418465,0.569,0.156,2.70331831547384e-32,"12","FGD4"
2.65284828139577e-36,1.6277306421344,0.535,0.162,4.72419221950958e-32,"12","PPM1F"
2.67492991906194e-36,0.808226601366222,0.982,0.666,4.76351519986551e-32,"12","RAC1"
4.9910928484141e-36,0.59430558886003,0.967,0.699,8.88813814445583e-32,"12","SAMHD1"
5.90702309493394e-36,1.37763210850307,0.782,0.312,1.05192267274584e-31,"12","NAGK"
7.19835764895418e-36,2.15031858362285,0.365,0.081,1.28188353012576e-31,"12","S100Z"
7.52046968326248e-36,1.12640684347538,0.769,0.317,1.33924524119538e-31,"12","METRNL"
8.45341116064171e-36,0.83856510631171,0.942,0.543,1.50538345948708e-31,"12","H2AFY"
8.86408324772341e-36,0.531788623562439,1,0.972,1.57851594475458e-31,"12","SH3BGRL3"
1.27776570495175e-35,1.605630146193,0.551,0.18,2.27544516737808e-31,"12","ARID3A"
1.51036919001101e-35,0.469097043554166,0.998,0.801,2.6896654535716e-31,"12","SRGN"
1.90338507291479e-35,0.658608959832558,0.997,0.866,3.38954813784666e-31,"12","LCP1"
1.93046269129019e-35,3.34067196365086,0.298,0.031,3.43776796064957e-31,"12","ABCC3"
3.82213177631926e-35,0.568048195299403,0.986,0.718,6.80645226726934e-31,"12","TSPO"
5.82111870611673e-35,2.24390110482664,0.397,0.092,1.03662481918527e-30,"12","MTMR11"
5.84850269250868e-35,1.71638461318006,0.571,0.168,1.04150135948195e-30,"12","TENT5A"
7.58216666173617e-35,1.03113299040314,0.698,0.239,1.35023223912198e-30,"12","HLA-DQA1"
9.20331598512764e-35,0.961947762279985,0.689,0.261,1.63892651063153e-30,"12","RAB31"
9.87111991279482e-35,0.673681260740401,0.872,0.329,1.7578490340705e-30,"12","MPEG1"
1.98999564591574e-34,1.06312286728821,0.63,0.239,3.54378424624675e-30,"12","EMILIN2"
3.31430544587603e-34,4.15751953702035,0.294,0.02,5.90211513801603e-30,"12","MRAS"
3.90764116148707e-34,2.31241725665579,0.449,0.089,6.95872738037618e-30,"12","IFIT2"
6.99092588686701e-34,1.68375352872487,0.641,0.196,1.24494408193328e-29,"12","SH2B3"
8.05637825841128e-34,1.67795017000579,0.552,0.156,1.43467984025788e-29,"12","SLC24A4"
8.22206619561363e-34,1.56607884634765,0.547,0.169,1.46418554811487e-29,"12","HHEX"
1.22506860165179e-33,1.86780936569651,0.463,0.118,2.18160216582151e-29,"12","HK3"
2.87447130182227e-33,1.88720806619524,0.494,0.126,5.11885849428511e-29,"12","ALDH3B1"
2.99720201516437e-33,1.44059613639204,0.541,0.18,5.33741734860471e-29,"12","GNB4"
3.06572110686113e-33,1.24342761776346,0.624,0.217,5.45943614709829e-29,"12","CDA"
4.89470895454215e-33,1.44921194534559,0.897,0.532,8.71649770624867e-29,"12","MT2A"
8.92805312232479e-33,1.10803936045157,0.893,0.552,1.5899077000236e-28,"12","TMPO"
1.48262665080925e-32,0.664506446832053,0.872,0.322,2.64026153976111e-28,"12","CSTA"
1.83687661521581e-32,0.95189796972906,0.775,0.395,3.27110987637631e-28,"12","LIMS1"
2.55383526656196e-32,2.02096153205285,0.444,0.107,4.54786984269353e-28,"12","DAPK1"
6.3060613222877e-32,2.70585635386031,0.374,0.058,1.12298340027299e-27,"12","C5AR2"
1.08017302513584e-31,7.72774410946411,0.255,0.003,1.9235721231619e-27,"12","VMO1"
1.11923489760663e-31,1.43678847746217,0.519,0.146,1.99313350565788e-27,"12","EAF2"
1.23068420554685e-31,0.706098700466085,0.698,0.254,2.19160243323783e-27,"12","PLAUR"
1.23319264250249e-31,1.32718745043152,0.643,0.215,2.19606945776844e-27,"12","CTBP2"
1.29608658763032e-31,1.03606024214555,0.538,0.22,2.30807099525207e-27,"12","LPAR6"
1.30843109438664e-31,1.03878306878563,0.776,0.346,2.33005409288372e-27,"12","CD4"
1.83369205834752e-31,0.380397630576748,1,1,3.26543881750526e-27,"12","MT-CO1"
7.43610496394042e-31,1.40874138049299,0.574,0.188,1.32422157197851e-26,"12","PSTPIP2"
1.79637965436308e-30,0.889201792700858,0.823,0.335,3.19899288848977e-26,"12","MARCH1"
2.02727740106235e-30,1.53185751584389,0.617,0.212,3.61017559581184e-26,"12","METTL7A"
5.0474536653942e-30,1.56868669478634,0.569,0.194,8.988505487334e-26,"12","IRF7"
5.8229248685021e-30,0.885967736647541,0.769,0.319,1.03694646058285e-25,"12","MEF2C"
7.88549251145558e-30,1.25382297006797,0.645,0.263,1.40424850644001e-25,"12","GBP4"
8.40844635175446e-30,0.89612189568563,0.639,0.244,1.49737612632043e-25,"12","SLC43A2"
8.84300749897189e-30,1.69855534504213,0.431,0.12,1.57476277541691e-25,"12","NPL"
1.18542151037604e-29,0.866374349186851,0.71,0.31,2.11099862567766e-25,"12","SCPEP1"
1.30163572582406e-29,0.806804233947883,0.83,0.371,2.31795290054749e-25,"12","CTSB"
1.63620382612665e-29,1.81577886313801,0.509,0.143,2.91375177356634e-25,"12","SRGAP2B"
2.35564675451183e-29,0.627472298266615,0.993,0.703,4.19493574043467e-25,"12","ITGB2"
2.51846079436868e-29,1.53297618576441,0.515,0.162,4.48487498261175e-25,"12","EVI5"
1.3457611313258e-28,2.74648267445068,0.37,0.057,2.39653142266499e-24,"12","ZDHHC1"
1.90365913231564e-28,1.5369968552741,0.581,0.178,3.39003618282769e-24,"12","KYNU"
2.07839206477898e-28,1.18576902688996,0.809,0.391,3.7012005889584e-24,"12","LTA4H"
2.23152327763935e-28,0.579517167010527,0.947,0.485,3.97389665282015e-24,"12","AP1S2"
2.4134138587114e-28,1.13230941089714,0.606,0.252,4.29780739959326e-24,"12","SULT1A1"
4.41720911581621e-28,0.603702482049929,0.959,0.561,7.86616599344551e-24,"12","MYO1F"
7.24899956992976e-28,1.31629152934757,0.614,0.214,1.29090184341309e-23,"12","ZNF385A"
1.24809200834007e-27,1.06572593562362,0.763,0.337,2.22260224845199e-23,"12","BACH1"
2.49324564449685e-27,1.28156277742535,0.632,0.242,4.43997184372e-23,"12","FKBP15"
3.09529259877476e-27,0.526983389024594,0.997,0.88,5.51209705989808e-23,"12","JUNB"
3.28198136470298e-27,2.38048207203641,0.388,0.07,5.84455241426306e-23,"12","DUSP5"
3.33377835624837e-27,0.983389266831015,0.649,0.297,5.9367924968071e-23,"12","LAP3"
4.70900502661637e-27,1.34569231564992,0.548,0.192,8.38579615139842e-23,"12","SCARB2"
9.03963385070359e-27,1.72316679229642,0.536,0.155,1.60977799613329e-22,"12","NAGA"
1.08455669200314e-26,1.09249134285502,0.729,0.317,1.93137855711919e-22,"12","MAP2K3"
2.15909266211185e-26,0.872694303220005,0.746,0.346,3.84491221268878e-22,"12","PPT1"
2.17624695492286e-26,2.39023219245295,0.365,0.068,3.87546057732662e-22,"12","SPATA6"
3.31793344405339e-26,1.17750965836869,0.633,0.251,5.90857587717028e-22,"12","LACTB"
3.56127054637141e-26,1.02158690566171,0.555,0.193,6.34191058897821e-22,"12","SWAP70"
4.32229879499001e-26,0.817072695195512,0.9,0.683,7.69714969411821e-22,"12","PLAC8"
1.88836618033898e-25,0.803886596600042,0.719,0.334,3.36280249394766e-21,"12","STX7"
2.01360900548685e-25,0.981687210772077,0.639,0.271,3.58583491697098e-21,"12","GRINA"
2.93853700930238e-25,1.57690089902089,0.518,0.162,5.23294670616567e-21,"12","SIRPB1"
4.08408955079521e-25,2.19307934328277,0.307,0.06,7.2729466720561e-21,"12","PDK4"
4.83662332655851e-25,0.332333349505149,0.952,0.497,8.6130588199354e-21,"12","APLP2"
7.49663282275377e-25,1.12821843449786,0.596,0.246,1.33500037307599e-20,"12","PLIN2"
7.50194418926673e-25,0.647503617261343,0.948,0.669,1.33594622122462e-20,"12","GSTP1"
9.34981922774115e-25,2.2963445766788,0.257,0.051,1.66501580807614e-20,"12","SAMD4A"
1.10226852710355e-24,0.846916235327646,0.778,0.362,1.96291979306601e-20,"12","ADA2"
1.39315657522222e-24,1.38252118604492,0.495,0.157,2.48093322915574e-20,"12","JDP2"
2.26626243433277e-24,0.900519298702072,0.808,0.392,4.03576014305979e-20,"12","ZYX"
4.55776929580206e-24,0.675178487920959,0.708,0.274,8.11647556196431e-20,"12","DMXL2"
4.84325505439079e-24,0.895157856419515,0.779,0.366,8.62486860085912e-20,"12","IFNGR1"
4.887494193499e-24,1.57590531877209,0.366,0.113,8.70364965978302e-20,"12","FNIP2"
5.27724381031943e-24,1.25395894710951,0.493,0.17,9.39771577741684e-20,"12","KCNE3"
5.48855525490034e-24,0.863945365912492,0.759,0.405,9.77401919792652e-20,"12","TUBB"
6.63287442781727e-24,0.913718569080534,0.526,0.217,1.1811822781057e-19,"12","CLEC4A"
7.44523115335605e-24,0.996602939473419,0.724,0.321,1.32584676378965e-19,"12","RHOQ"
7.67564943305562e-24,2.58693342286616,0.265,0.046,1.36687965103855e-19,"12","SMPDL3A"
8.08794043119256e-24,1.92367430226424,0.383,0.102,1.44030043198677e-19,"12","JUP"
9.84241444647664e-24,1.36919766364835,0.61,0.252,1.75273716462856e-19,"12","EPSTI1"
1.25785901048066e-23,0.765914426065842,0.91,0.577,2.23999532586396e-19,"12","REL"
2.11223296547848e-23,0.480630185662324,0.705,0.33,3.76146446492408e-19,"12","MAP3K8"
3.09900242692011e-23,1.64098016634034,0.363,0.104,5.51870352185934e-19,"12","OAS3"
3.8393156664148e-23,1.3779420740232,0.55,0.196,6.83705333875147e-19,"12","GAPT"
4.826810401301e-23,0.66845197152069,0.707,0.323,8.59558396263683e-19,"12","CCDC88A"
4.89711924406896e-23,0.778071025763072,0.915,0.501,8.720789949838e-19,"12","GLIPR1"
5.32584262616827e-23,1.56978680959512,0.499,0.183,9.48426054868045e-19,"12","KCNQ1OT1"
6.81973585532287e-23,0.841852897111444,0.858,0.524,1.2144585611159e-18,"12","DNAJA1"
8.19409627739942e-23,1.45240366703658,0.593,0.243,1.45920466507929e-18,"12","GBP1"
1.03084274741329e-22,1.38521301376072,0.469,0.162,1.83572476459359e-18,"12","ZMIZ1"
1.08892827250668e-22,1.42826464736391,0.365,0.119,1.93916346767989e-18,"12","RASGRP4"
1.92468117683002e-22,1.10607337678493,0.536,0.217,3.4274722396989e-18,"12","NBPF14"
2.11716764466317e-22,0.593848859299226,0.751,0.377,3.77025214161618e-18,"12","RTN3"
2.51000519461013e-22,1.10133562526397,0.682,0.279,4.46981725056172e-18,"12","NOTCH2"
4.25668448382676e-22,0.743917835865165,0.669,0.269,7.5803037287987e-18,"12","CD302"
5.37709664110841e-22,0.359656034517521,0.697,0.337,9.57553369848585e-18,"12","BLVRB"
6.93302515762109e-22,0.719500621210055,0.689,0.267,1.23463312006916e-17,"12","LRRK2"
7.54906637614329e-22,1.18908175655031,0.47,0.178,1.3443377402636e-17,"12","DENND5A"
7.68505287665064e-22,0.602675966658064,0.984,0.599,1.36855421627395e-17,"12","EFHD2"
9.41660272885105e-22,1.28425479490616,0.492,0.173,1.6769086139538e-17,"12","SLC15A3"
1.14793315353998e-21,0.784215679177134,0.776,0.348,2.044239359824e-17,"12","CTSH"
1.23011738392342e-21,0.579369574221005,0.916,0.527,2.19059303729083e-17,"12","SDCBP"
1.40235147871372e-21,1.25258733420968,0.513,0.184,2.4973075132934e-17,"12","CAMKK2"
1.44044134737902e-21,1.32434549188452,0.472,0.166,2.56513795141256e-17,"12","ROGDI"
1.76719064305146e-21,1.00257123230322,0.533,0.215,3.14701309714605e-17,"12","DENND3"
1.94411304199716e-21,1.00785847447661,0.734,0.349,3.46207650518853e-17,"12","TMEM154"
1.95277799691312e-21,0.74021369037191,0.762,0.39,3.47750705690288e-17,"12","TMEM167A"
2.1173881570925e-21,1.01021824605031,0.551,0.227,3.77064483015033e-17,"12","ALOX5"
3.14285413243776e-21,0.423220353569163,0.563,0.256,5.59679463904516e-17,"12","PLXDC2"
3.97674437809077e-21,1.33848908380238,0.45,0.148,7.08178638850404e-17,"12","MEFV"
4.55469487043931e-21,1.12957025926733,0.323,0.11,8.11100062527832e-17,"12","ING2"
5.97126246192899e-21,1.04974187728792,0.703,0.347,1.06336241922031e-16,"12","IFI6"
6.67106195064812e-21,0.60471867365271,0.633,0.262,1.18798271217142e-16,"12","TGFBI"
6.89224248022495e-21,2.49511315462952,0.271,0.049,1.22737054087846e-16,"12","IFIT1"
1.11000615431965e-20,0.334870633946999,0.83,0.419,1.97669895961243e-16,"12","HLA-DQB1"
1.24535777253192e-20,1.09175412979851,0.525,0.211,2.21773312132484e-16,"12","CTNNA1"
1.37444460075518e-20,1.06000059325476,0.522,0.221,2.44761094502482e-16,"12","LIPA"
3.25699418079335e-20,0.904990912221346,0.763,0.331,5.8000552371568e-16,"12","GLUL"
4.05385273941051e-20,0.272575159426432,0.894,0.395,7.21910095834223e-16,"12","GRN"
4.39250310606764e-20,1.2576852009595,0.549,0.206,7.82216953128525e-16,"12","SKIL"
4.60461691567155e-20,1.1799744151574,0.369,0.135,8.19990180342789e-16,"12","TFRC"
6.11127354103139e-20,0.576584810074342,0.831,0.49,1.08829559218687e-15,"12","ATP2B1"
7.1909016480503e-20,1.08810341656327,0.482,0.194,1.2805557654848e-15,"12","OSBPL11"
7.67955874843483e-20,0.956126113057434,0.502,0.223,1.36757582192128e-15,"12","PARP9"
8.20184575753958e-20,1.18100542986648,0.46,0.172,1.46058469250265e-15,"12","MPP1"
8.74214480390826e-20,0.53979198620679,0.99,0.863,1.55680114667998e-15,"12","S100A10"
1.36771404198448e-19,0.51950781771227,0.636,0.267,2.43562516596597e-15,"12","LRP1"
2.46063238470514e-19,1.25127738060653,0.417,0.147,4.38189415068291e-15,"12","DOK3"
3.6233081263518e-19,1.1072946024557,0.496,0.202,6.45238711140728e-15,"12","ARL4A"
3.8051749330601e-19,1.16854861485707,0.538,0.206,6.77625552079343e-15,"12","PRKCD"
4.18528817147836e-19,0.937535451860164,0.596,0.257,7.45316117576866e-15,"12","ATP6V1B2"
5.16380670922668e-19,0.562500492891626,0.726,0.316,9.19570698779088e-15,"12","GCA"
6.00233650577767e-19,0.619757971588021,0.848,0.526,1.06889608494889e-14,"12","IL10RA"
7.02514543199649e-19,0.350400276417894,0.913,0.622,1.25103789852993e-14,"12","ID2"
1.0754449837334e-18,0.707980148061151,0.481,0.21,1.91515242703243e-14,"12","MSRB1"
1.08159129314731e-18,0.970325736764293,0.551,0.217,1.92609777483673e-14,"12","ETS2"
1.23710234931429e-18,1.04449236672923,0.443,0.175,2.20303186365889e-14,"12","GAA"
2.61719941044677e-18,1.34998766771075,0.494,0.194,4.6607087101236e-14,"12","CDKN1A"
2.64276589953189e-18,0.544629070323992,0.783,0.425,4.7062375138864e-14,"12","NCOA4"
2.95178405757975e-18,0.736511540288591,0.562,0.275,5.25653704973802e-14,"12","SPTLC2"
3.17859894648563e-18,1.04940437485756,0.474,0.197,5.66044900390161e-14,"12","HSPA1A"
4.58733875864088e-18,1.70777563524443,0.299,0.083,8.16913286138767e-14,"12","ADAMTSL4"
5.52392697560768e-18,0.797121877464638,0.708,0.34,9.83700915816215e-14,"12","NUMB"
6.75801559267709e-18,1.35129307195755,0.379,0.132,1.20346741674394e-13,"12","IRF5"
7.14350433389786e-18,0.95496855945433,0.662,0.319,1.27211525178053e-13,"12","MX2"
9.47365298761681e-18,1.57424833847301,0.275,0.085,1.6870681240348e-13,"12","INSR"
1.1058381024931e-17,0.779539848570667,0.542,0.258,1.96927649291972e-13,"12","NBN"
1.43541505404594e-17,1.69869762212819,0.293,0.055,2.55618712824502e-13,"12","SETBP1"
2.31056274289833e-17,1.42488922066381,0.301,0.099,4.11465013255335e-13,"12","ITPRIPL2"
3.10159850091539e-17,1.92411230128824,0.256,0.066,5.52332661043013e-13,"12","OLIG1"
3.24099655579386e-17,0.660283267703324,0.646,0.322,5.77156666655771e-13,"12","SAMSN1"
3.46262810347932e-17,0.806809460736823,0.523,0.28,6.16624812667597e-13,"12","MX1"
3.68331854377561e-17,1.73388556437115,0.268,0.078,6.55925366275561e-13,"12","ATF3"
4.61695067739663e-17,1.05847569331481,0.441,0.177,8.22186576630792e-13,"12","CORO1C"
5.45323239858839e-17,0.522215558470792,0.703,0.334,9.71111625540621e-13,"12","OGFRL1"
5.78235521132631e-17,0.681545585119333,0.682,0.344,1.02972181603299e-12,"12","CDC42EP3"
6.79524543752102e-17,1.64215897405546,0.372,0.113,1.21009730751374e-12,"12","LILRB4"
7.47664914058494e-17,1.07686452837793,0.476,0.186,1.33144167895537e-12,"12","ODF3B"
7.88086412704844e-17,0.531541952116518,0.435,0.185,1.40342428374479e-12,"12","SOX4"
9.50741019514836e-17,1.5421513032164,0.34,0.112,1.69307960755202e-12,"12","TNF"
1.0129907149795e-16,0.845389190763699,0.703,0.388,1.80393386523549e-12,"12","GBP2"
1.10340566039482e-16,0.52896861556741,0.652,0.336,1.96494480003109e-12,"12","PICALM"
1.15550479639039e-16,0.869926558651393,0.582,0.281,2.057722941412e-12,"12","STAT2"
1.42526965600737e-16,1.41646397215166,0.47,0.155,2.53812020341792e-12,"12","MCTP1"
1.60604818505381e-16,1.19929163645863,0.393,0.143,2.86005060794383e-12,"12","NACC2"
2.1708389117276e-16,0.561101227157772,0.949,0.698,3.8658299340045e-12,"12","KLF6"
3.45679616995801e-16,0.716287208892917,0.836,0.501,6.15586261946123e-12,"12","CD55"
3.4779894710113e-16,1.48894004104884,0.327,0.101,6.19360364997692e-12,"12","CNTLN"
3.80116062388305e-16,0.607723763646621,0.491,0.237,6.76910683901094e-12,"12","RASSF4"
4.30919198817662e-16,0.966247279570097,0.424,0.177,7.67380909254492e-12,"12","TIAM1"
7.11344552847828e-16,0.718632840014087,0.636,0.298,1.26676237971141e-11,"12","DPYSL2"
7.48100025410529e-16,0.651434722207693,0.687,0.361,1.33221652525107e-11,"12","MGAT1"
1.11393037068991e-15,0.833658348526025,0.452,0.196,1.98368720412459e-11,"12","HNMT"
1.161594145043e-15,0.256528421104427,0.637,0.321,2.06856685349257e-11,"12","APOBEC3G"
1.39300297012185e-15,0.992128231158353,0.36,0.147,2.48065968919299e-11,"12","MIR22HG"
1.47514646290793e-15,0.443275924474057,0.939,0.546,2.62694082114645e-11,"12","TALDO1"
2.09868864911448e-15,0.442669794015723,0.682,0.362,3.73734474634306e-11,"12","HLA-DMA"
2.39552973904913e-15,1.0028483381423,0.361,0.13,4.26595935929868e-11,"12","SLAMF7"
2.4988517077827e-15,1.11446164907916,0.372,0.14,4.44995512121943e-11,"12","TLR8"
3.78590021602846e-15,0.899037574247672,0.384,0.167,6.74193110470349e-11,"12","ZFHX3"
4.44711703356449e-15,0.969967435460603,0.532,0.229,7.91942601337164e-11,"12","JAK2"
4.78375916294511e-15,0.921434539078387,0.351,0.137,8.51891831737264e-11,"12","TMEM176A"
4.82149252310019e-15,0.875250071197097,0.464,0.216,8.58611388513681e-11,"12","RAP2C"
5.12761841329662e-15,1.10247862763139,0.493,0.178,9.13126287039862e-11,"12","TLR4"
7.11650376275813e-15,1.74020968491923,0.263,0.07,1.26730699007197e-10,"12","SASH1"
9.95481450758247e-15,0.669374673251723,0.543,0.277,1.77275336751029e-10,"12","DIAPH2"
1.37054423919575e-14,0.809076415199538,0.457,0.198,2.44066518115979e-10,"12","OSCAR"
2.42052088403544e-14,0.306724045787485,0.869,0.51,4.31046359029031e-10,"12","CTSD"
3.32250447055728e-14,0.954456974232686,0.519,0.224,5.9167159611684e-10,"12","ACSL4"
6.19192391746163e-14,0.804212421089346,0.521,0.221,1.10265781122157e-09,"12","HVCN1"
6.29992074171705e-14,0.699489255710389,0.448,0.22,1.12188988568497e-09,"12","ST8SIA4"
1.22090337331596e-13,0.415921495289896,0.631,0.332,2.17418472720106e-09,"12","MYADM"
1.64513319729604e-13,1.05000926958558,0.534,0.225,2.92965319774479e-09,"12","EIF4EBP1"
2.09318638653678e-13,0.923505904258339,0.365,0.161,3.72754631714469e-09,"12","GIMAP8"
3.15521292122999e-13,0.947501215867255,0.251,0.105,5.61880317012637e-09,"12","IER5L"
3.89866842893987e-13,1.35230396683829,0.307,0.107,6.94274873825612e-09,"12","PTGIR"
5.90786753452558e-13,0.460604113244357,0.77,0.402,1.05207305054832e-08,"12","JAML"
6.16433985366162e-13,0.682715646272334,0.547,0.263,1.09774564114006e-08,"12","CHP1"
7.98427416486617e-13,0.808165779414923,0.528,0.238,1.42183954327937e-08,"12","LAIR1"
1.59745764338406e-12,0.756315425818072,0.599,0.292,2.84475257133834e-08,"12","SULF2"
1.67223214035976e-12,1.15061825108971,0.385,0.145,2.97791099555265e-08,"12","AC096667.1"
2.31051494876106e-12,1.82307859452365,0.282,0.079,4.1145650207537e-08,"12","GPR35"
2.53504555298652e-12,0.862922306502807,0.345,0.148,4.5144091207584e-08,"12","B4GALT5"
2.67036429535553e-12,0.451021246922711,0.696,0.382,4.75538473716913e-08,"12","TPP1"
2.92153452136191e-12,1.20570596229336,0.331,0.123,5.20266867564129e-08,"12","RASGEF1B"
3.97147231696913e-12,0.978509081688643,0.324,0.127,7.07239790205862e-08,"12","MOSPD2"
4.34145818362782e-12,0.470303614630958,0.43,0.215,7.73126873340443e-08,"12","RIPK2"
4.8608015665268e-12,1.01045314462086,0.352,0.138,8.65611542967093e-08,"12","SESTD1"
5.13156859097248e-12,0.628148346657741,0.552,0.28,9.13829734680379e-08,"12","RASSF2"
5.27586296758703e-12,0.781685063429334,0.457,0.217,9.39525677267898e-08,"12","GPR155"
5.47409461738773e-12,0.581075849673717,0.343,0.17,9.74826769464408e-08,"12","RBM47"
5.49836321822007e-12,1.06248223683115,0.27,0.107,9.7914852190063e-08,"12","LILRA6"
6.39747872467892e-12,1.25780392806272,0.398,0.152,1.13926301129082e-07,"12","SEMA4A"
7.03064075892405e-12,0.576213715162865,0.621,0.322,1.25201650634919e-07,"12","TET2"
9.70649245362146e-12,0.492889637581624,0.702,0.444,1.72853217614091e-07,"12","XAF1"
9.98091707214591e-12,0.7997871601176,0.384,0.167,1.77740171220774e-07,"12","BEST1"
1.07124682287056e-11,0.407290544602928,0.68,0.394,1.9076763421679e-07,"12","PPP1R15A"
1.11458666906059e-11,1.02541650347263,0.388,0.151,1.9848559402631e-07,"12","NFAM1"
1.4156785487025e-11,0.343159168608793,0.686,0.373,2.5210403595294e-07,"12","YBX3"
1.46187935767849e-11,0.41370476764658,0.727,0.378,2.60331476015386e-07,"12","NUP214"
1.69360364683076e-11,0.754120072932905,0.543,0.281,3.01596937427621e-07,"12","PLSCR1"
2.01876995057513e-11,1.01407798603384,0.316,0.135,3.59502552798419e-07,"12","SLC35E3"
2.81813882928993e-11,0.913546656734938,0.636,0.294,5.01854162719951e-07,"12","ASAP1"
3.1465149182785e-11,0.50038185862179,0.603,0.322,5.60331376647035e-07,"12","SLCO3A1"
3.76322986580693e-11,0.592176657843124,0.475,0.24,6.70155974502899e-07,"12","MFSD1"
4.93146955913477e-11,0.47143089613449,0.587,0.296,8.7819609909072e-07,"12","SYK"
4.93651193763449e-11,0.863881872665114,0.373,0.16,8.79094045853949e-07,"12","MTF1"
5.72403299406207e-11,0.938455953115443,0.478,0.213,1.01933579558257e-06,"12","OAS2"
6.25564817676327e-11,0.467291676474742,0.566,0.294,1.114005827318e-06,"12","UBE2D1"
7.62943925699361e-11,1.09486302028235,0.25,0.095,1.35865054288542e-06,"12","H1F0"
1.14213557654829e-10,1.31605507012375,0.363,0.127,2.03391503471719e-06,"12","FUCA1"
1.19808002083287e-10,0.444752678025826,0.828,0.474,2.13354090109918e-06,"12","QKI"
1.49584434879021e-10,0.607958640400725,0.36,0.176,2.66379961632561e-06,"12","MID1IP1"
2.44009615066458e-10,0.510159006336987,0.43,0.218,4.34532322510348e-06,"12","NRGN"
3.11200607400623e-10,0.79151992898743,0.361,0.171,5.54186041659029e-06,"12","MSRB2"
5.83433142300022e-10,0.281788877291895,0.329,0.15,1.03897773980788e-05,"12","ASCL2"
6.07420993752231e-10,0.886118109573865,0.474,0.239,1.08169530567397e-05,"12","PTGER4"
9.47255460198951e-10,0.916989033934967,0.315,0.133,1.68687252352229e-05,"12","LTBR"
1.02418987889012e-09,0.46621352897976,0.732,0.378,1.82387733632753e-05,"12","AGTRAP"
1.66440546713375e-09,0.524382467071647,0.386,0.206,2.96397325587178e-05,"12","IFI44L"
2.06659568979051e-09,0.526651882064677,0.323,0.167,3.68019360437894e-05,"12","CSRNP1"
2.1647877425622e-09,0.505322550121462,0.772,0.588,3.85505401195477e-05,"12","CD63"
2.57055478824238e-09,0.915510067661922,0.365,0.153,4.57764396690203e-05,"12","ACER3"
4.30217824375771e-09,0.385562328938725,0.391,0.218,7.66131901648373e-05,"12","ZNF267"
8.61005361721959e-09,0.814864787435915,0.288,0.128,0.000153327834815446,"12","CSF2RB"
1.01273769696079e-08,0.485006128359499,0.48,0.255,0.000180348329074777,"12","CPEB4"
1.18278153118264e-08,0.307782818950606,0.897,0.655,0.000210629735073004,"12","IRF1"
1.49587634348213e-08,0.67777463916295,0.403,0.185,0.000266385659247298,"12","CD33"
2.24027110749501e-08,0.564744494285966,0.41,0.218,0.000398947478822711,"12","PLK3"
3.01861848087535e-08,0.654894672409716,0.322,0.156,0.000537555579074282,"12","CSF2RA"
3.12121399978136e-08,0.565837669584265,0.28,0.139,0.000555825789081065,"12","CCDC112"
3.9148385101129e-08,0.472624583620532,0.328,0.168,0.000697154441880905,"12","P2RX4"
4.91233201737363e-08,0.546508460716953,0.294,0.15,0.000874788085653897,"12","RAB3D"
5.18963868642934e-08,0.540037778875525,0.462,0.238,0.000924170857279338,"12","CD83"
6.21644743496024e-08,0.527329059635013,0.346,0.171,0.00110702495921772,"12","ABHD5"
9.29607019180375e-08,0.372030123333828,0.562,0.33,0.00165544417975641,"12","CHMP1B"
9.9804759503753e-08,0.323927720319322,0.595,0.386,0.00177732315724283,"12","CRIP1"
1.38450980869684e-07,0.542441609046449,0.523,0.295,0.00246553506732734,"12","SAMD9L"
1.73705712816622e-07,0.259076648258473,0.457,0.221,0.00309335133383841,"12","TLR2"
1.79970971319667e-07,0.335855093693829,0.402,0.221,0.00320492305726063,"12","CREG1"
2.4782699151922e-07,0.614678336431884,0.276,0.119,0.00441330306497427,"12","HAVCR2"
3.68336128936701e-07,0.575909960075087,0.329,0.171,0.00655932978410478,"12","RUFY3"
4.05407245300675e-07,0.312214226747115,0.627,0.417,0.00721949222431442,"12","STAT1"
4.42756131474078e-07,0.458708702237648,0.574,0.333,0.00788460118929039,"12","PLEC"
6.10547254675438e-07,0.740495922427829,0.499,0.235,0.0108726255112602,"12","DAPP1"
6.1161710384348e-07,0.503239134119933,0.502,0.253,0.0108916773852447,"12","SMIM14"
7.87966660447143e-07,0.402497771389767,0.35,0.184,0.0140321102892427,"12","PYGL"
8.50915721557977e-07,0.352231718242898,0.397,0.203,0.0151531071695044,"12","BCL6"
9.85680810609865e-07,0.481709930716838,0.295,0.16,0.0175530038753405,"12","KCNK6"
1.09308759594238e-06,0.555380072271624,0.252,0.108,0.019465703908542,"12","SMC2"
1.65705298527556e-06,0.259796943517694,0.698,0.477,0.0295087995617871,"12","PARP14"
1.74802622069856e-06,0.486329208770672,0.283,0.157,0.0311288509381999,"12","EHD4"
2.09200803266633e-06,0.387857078329388,0.39,0.223,0.0372544790457219,"12","FOXO3"
3.53760634868445e-06,0.257656665359925,0.308,0.17,0.0629976938573728,"12","ANPEP"
3.89968025441454e-06,0.539134834844607,0.453,0.261,0.069445505970614,"12","NRIP1"
4.80037878841408e-06,0.395733812958438,0.491,0.297,0.085485145464078,"12","SNHG15"
7.09841624430461e-06,0.796312512738773,0.414,0.226,0.126408596478577,"12","MDM2"
7.91043380488781e-06,0.76376435369392,0.284,0.126,0.140869005197442,"12","HERC5"
1.14141242004534e-05,0.313244846053492,0.393,0.222,0.203262723761674,"12","OTUD1"
2.50005969396818e-05,0.440220103765593,0.553,0.336,0.445210630301853,"12","PIM3"
5.25626191344188e-05,0.270990008761406,0.649,0.379,0.93603512154573,"12","RAB11FIP1"
6.41404175982206e-05,0.488091912269278,0.352,0.186,1,"12","ZSWIM6"
0.000101556079038404,0.596421711661133,0.397,0.23,1,"12","PMAIP1"
0.000122664177061171,0.278526433108918,0.359,0.212,1,"12","APAF1"
0.000158268251564433,0.304270066995959,0.25,0.157,1,"12","CYFIP1"
0.000236006175001267,0.290389613981106,0.52,0.301,1,"12","GNAQ"
0.000241630746552928,0.436646421526784,0.359,0.198,1,"12","BASP1"
0.000357601028145437,0.325452214651158,0.302,0.185,1,"12","SPECC1"
0.000622807118848915,0.660383563792607,0.299,0.156,1,"12","PEA15"
0.000811093770066728,0.487901853324536,0.345,0.185,1,"12","IFI44"
0.00163560650904539,0.76891231662108,0.253,0.116,1,"12","GRASP"
0.00780796524459347,0.323632550507995,0.553,0.365,1,"12","BIRC3"
1.41389082010906e-122,2.8775175713218,0.941,0.137,2.51785677245022e-118,"13","CD8B"
2.10125615749302e-82,2.17403678854337,0.873,0.225,3.74191696526357e-78,"13","CCR7"
1.23268019882706e-78,4.11450786562005,0.606,0.041,2.19515689807123e-74,"13","LINC02446"
7.64191796539888e-78,1.94557902608212,0.886,0.248,1.36087275127823e-73,"13","LEF1"
2.53069430041641e-72,1.79458240119081,0.811,0.161,4.50666041018155e-68,"13","CD8A"
1.05044255444598e-67,2.02169966212399,0.756,0.187,1.8706281009574e-63,"13","TRABD2A"
1.25569747686378e-66,2.69904066215688,0.636,0.096,2.23614606679903e-62,"13","NELL2"
2.56920119510425e-64,1.47681169099811,0.952,0.425,4.57523348824165e-60,"13","TCF7"
2.74163366916724e-63,1.57102423198074,0.89,0.385,4.88230123805303e-59,"13","NUCB2"
2.37483275430023e-61,1.87961280773,0.82,0.251,4.22910216885785e-57,"13","OXNAD1"
2.52794630166473e-54,1.53122346539422,0.793,0.263,4.50176677400455e-50,"13","CD27"
6.16096864207711e-51,2.6935204215124,0.504,0.073,1.09714529578109e-46,"13","LRRN3"
4.14526852161922e-48,1.2623571828325,0.919,0.508,7.38189418329951e-44,"13","NOSIP"
7.80976125342459e-48,1.35721651686213,0.824,0.339,1.39076228400985e-43,"13","RCAN3"
1.52880005663762e-44,2.38542519199738,0.507,0.094,2.72248714086028e-40,"13","PASK"
8.8372827535385e-42,1.45609215182438,0.692,0.226,1.57374331275014e-37,"13","CAMK4"
1.02752848291808e-38,0.801636274742228,0.987,0.541,1.82982272238051e-34,"13","IL7R"
4.75076532001036e-38,3.4029401975814,0.361,0.039,8.46016288187445e-34,"13","S100B"
1.21530713807084e-35,2.07117867416006,0.552,0.116,2.16421895147655e-31,"13","THEMIS"
2.16959556527625e-35,0.820123259396269,0.983,0.522,3.86361578264394e-31,"13","CD3D"
6.54968271883476e-33,1.80782659715872,0.51,0.172,1.16636749857009e-28,"13","ARMH1"
9.95765869385169e-33,0.860875247948999,0.934,0.448,1.77325986020111e-28,"13","TRAC"
1.24674563393114e-30,0.755893326273921,0.964,0.467,2.22020462490458e-26,"13","CD3G"
7.35806684360532e-29,1.09700539884856,0.776,0.335,1.31032454350924e-24,"13","BCL11B"
1.82329834110505e-28,1.16857269100788,0.643,0.225,3.24692968583988e-24,"13","TXK"
3.00288406284086e-28,0.928492957439439,0.721,0.322,5.347535939107e-24,"13","LINC00861"
1.28828543152627e-27,1.15067647634562,0.627,0.213,2.29417869646198e-23,"13","MAL"
3.20189562604501e-26,2.24710383860559,0.327,0.063,5.70193573086096e-22,"13","CRTAM"
1.90781139275972e-25,1.81783090034279,0.432,0.111,3.3974305282265e-21,"13","TTN"
8.09595706908138e-25,0.841588560917294,0.81,0.482,1.44172803486201e-20,"13","HIST1H4C"
8.75244899538136e-24,0.338512933127361,0.991,0.707,1.55863611709751e-19,"13","LTB"
3.30341154275325e-23,1.29277434949947,0.348,0.106,5.88271527533498e-19,"13","BACH2"
4.34162249915719e-23,1.27363407681956,0.495,0.216,7.73156134649912e-19,"13","GPR155"
9.82415845887637e-23,0.726135587102468,0.893,0.563,1.7494861383567e-18,"13","TRBC2"
1.0960333165765e-22,1.45059127717979,0.481,0.148,1.95181613015943e-18,"13","ITGA6"
1.83226329345373e-21,0.533401179786984,0.834,0.427,3.26289447298241e-17,"13","CD7"
2.15334055812599e-20,1.62632161940724,0.358,0.089,3.83466886591077e-16,"13","CHRM3-AS2"
2.20066469695155e-19,1.35185394626668,0.554,0.274,3.91894369233133e-15,"13","LRRC75A"
3.23820613444309e-17,0.946886992965304,0.644,0.354,5.76659748421626e-13,"13","TOB1"
1.44938563909835e-16,1.28040129937743,0.291,0.092,2.58106594610635e-12,"13","BEX3"
5.88345009603791e-16,0.870657707685374,0.721,0.423,1.04772479310243e-11,"13","GABPB1-AS1"
6.11666594517385e-14,0.834985449290104,0.538,0.285,1.08925587151656e-09,"13","IL6ST"
1.89056142670117e-12,0.44633179946618,0.812,0.513,3.36671178866945e-08,"13","HIST1H1D"
2.34926986457675e-12,0.638375685157108,0.493,0.283,4.18357977483828e-08,"13","BCL2"
2.61021894388577e-11,0.584510962677938,0.367,0.165,4.64827789527178e-07,"13","STMN1"
2.70310096706852e-11,0.802005903709977,0.36,0.155,4.81368220215562e-07,"13","RGCC"
3.81333627665607e-10,0.987207151183092,0.385,0.165,6.79078924146912e-06,"13","MYC"
9.57910281939893e-10,1.03558160639397,0.302,0.139,1.70584663007856e-05,"13","ANKRD26"
1.15810295170918e-08,0.606095876267106,0.665,0.399,0.00020623497364037,"13","TRBC1"
1.16016182538325e-08,1.00974753981874,0.456,0.243,0.000206601617864249,"13","MTRNR2L8"
1.31695130544624e-08,0.670407063039738,0.371,0.212,0.000234522688473867,"13","RPAP2"
4.99255854218685e-08,1.06833383737399,0.422,0.221,0.000889074825192635,"13","MTRNR2L12"
1.54671740257108e-06,0.375440120442176,0.346,0.218,0.0275439435049858,"13","AC025164.1"
1.82108492841716e-06,0.428406880787676,0.286,0.158,0.0324298804052527,"13","TSPYL2"
2.74351314500081e-05,0.460539558953468,0.275,0.17,0.488564820861745,"13","CITED4"
0.000110542982822913,0.292950580806252,0.279,0.159,1,"13","INPP4B"
0.00179404942162087,0.312618494996716,0.472,0.342,1,"13","NFKB1"
0.00240044012921712,0.408490258350067,0.37,0.242,1,"13","MT1X"
0.00636817852599484,0.445929767922577,0.309,0.175,1,"13","LINC01871"
4.26055150713066e-62,2.21812283054056,0.669,0.146,7.58719012389828e-58,"14","CD8B"
4.48853083935335e-58,2.07033102872207,0.667,0.166,7.99317571872045e-54,"14","CD8A"
8.28611668354268e-56,1.2722901232119,0.935,0.543,1.47559165900528e-51,"14","IL7R"
4.34238576411473e-55,3.68604803356802,0.59,0.092,7.73292056873552e-51,"14","GZMK"
5.77986655261928e-53,1.15007948260602,0.977,0.657,1.02927863569044e-48,"14","IL32"
4.21191736827587e-52,0.998656287573191,0.958,0.523,7.50058244942567e-48,"14","CD3D"
4.71693736744064e-48,2.05492993659848,0.79,0.457,8.39992206393829e-44,"14","DUSP2"
2.68892936294454e-46,1.14424453286622,0.865,0.451,4.78844540953164e-42,"14","TRAC"
3.36565047504618e-45,1.57604810401429,0.878,0.483,5.99355036596224e-41,"14","CCL5"
3.48009710706792e-42,1.50924332198147,0.825,0.575,6.19735692826655e-38,"14","PIK3R1"
4.5332787786673e-42,1.23681045261108,0.794,0.449,8.07286284905073e-38,"14","CD69"
3.83915416277692e-39,0.943083710602101,0.913,0.469,6.83676573307313e-35,"14","CD3G"
8.35989406848099e-34,1.08622043352861,0.947,0.724,1.4887299357151e-29,"14","CXCR4"
2.91113865360108e-33,1.87527068048743,0.74,0.369,5.1841557143328e-29,"14","LYAR"
2.02626927414571e-31,1.34788379209485,0.591,0.271,3.60838032339867e-27,"14","CD27"
2.3679517032637e-24,0.821591916743985,0.833,0.565,4.21684839317199e-20,"14","TRBC2"
4.39992951222404e-24,0.94163991533415,0.777,0.432,7.83539447536856e-20,"14","TCF7"
3.00380861809528e-23,2.14267158046388,0.452,0.122,5.34918238710408e-19,"14","TRGC2"
2.52359416738593e-20,1.83723308272651,0.331,0.107,4.49401649328087e-16,"14","NELL2"
9.52827347697218e-19,0.572170496821236,0.923,0.721,1.69679494077921e-14,"14","ARL4C"
2.70006828688029e-18,1.01172033862984,0.46,0.235,4.80828160527642e-14,"14","CAMK4"
3.47076622928847e-18,0.855060549136052,0.808,0.492,6.18074050111691e-14,"14","CD2"
5.08130346020238e-17,0.640814418893428,0.938,0.882,9.0487852019284e-13,"14","JUNB"
2.00540337218449e-16,1.74279978697097,0.267,0.087,3.57122232518614e-12,"14","GPR171"
3.92021508299541e-15,0.69564865235197,0.685,0.382,6.98111901979823e-11,"14","GZMM"
2.87988774924193e-14,0.408735651703551,0.895,0.711,5.12850410385003e-10,"14","LTB"
5.6713908312795e-14,0.612404629317876,0.776,0.48,1.00996127923425e-09,"14","SYNE2"
6.03006956573356e-14,1.94335140803595,0.326,0.146,1.07383478826583e-09,"14","ZNF331"
5.13127446285706e-13,1.64584627522622,0.342,0.156,9.13777356345586e-09,"14","TSPYL2"
5.20361039904438e-13,0.982475630647218,0.586,0.396,9.26658939861823e-09,"14","NUCB2"
1.03054031397421e-11,0.788935964029097,0.575,0.342,1.83518619112528e-07,"14","BCL11B"
3.62400124603963e-11,0.621656259519597,0.459,0.26,6.45362141894738e-07,"14","SAMD3"
7.17757894787049e-11,1.11262340658245,0.279,0.133,1.27818325903678e-06,"14","KLRG1"
7.22007615858013e-11,0.790812380694959,0.336,0.193,1.28575116231995e-06,"14","TRAT1"
2.05957888105276e-10,1.34167649364501,0.389,0.173,3.66769807137875e-06,"14","LINC01871"
3.52268220084899e-10,1.44571775022153,0.35,0.159,6.27319246327189e-06,"14","SH2D1A"
4.37663077052322e-10,0.711965325392544,0.602,0.401,7.79390407614774e-06,"14","TRBC1"
8.76060499533891e-10,0.32811716800745,0.63,0.434,1.56008853756995e-05,"14","CD7"
1.25298266135549e-09,0.915454949116817,0.479,0.283,2.23131152334186e-05,"14","ITM2A"
7.46965546769482e-09,0.901669599324329,0.284,0.159,0.000133019624568709,"14","INPP4B"
1.21642917337628e-08,1.52873897617086,0.389,0.257,0.000216621707194849,"14","CMC1"
1.24531016333215e-08,0.546250095422639,0.406,0.233,0.000221764833886189,"14","MYBL1"
3.5593526142347e-08,0.633761830381591,0.52,0.349,0.000633849513542915,"14","RCAN3"
1.25265424193418e-06,0.54436121359278,0.426,0.267,0.0223072667403638,"14","C12orf75"
1.74842712930836e-06,0.378052162927736,0.583,0.519,0.0311359903187234,"14","NOSIP"
2.22779535189371e-06,0.549582216531411,0.313,0.27,0.0396725796265231,"14","PTGER2"
2.4561896315115e-06,0.434787746445265,0.535,0.371,0.0437398249579568,"14","RORA"
5.16508624606413e-06,0.801802507388316,0.555,0.344,0.09197985586991,"14","IKZF3"
6.86105861019097e-06,0.424925811012132,0.421,0.321,0.122181731730281,"14","GPR183"
8.29663022724155e-06,0.433057941186195,0.386,0.265,0.147746391086718,"14","LEF1"
6.73363513545552e-05,0.705500905941761,0.289,0.223,1,"14","GPR155"
8.3673200846541e-05,0.682995833075308,0.432,0.315,1,"14","ARID5B"
0.000120715188094909,0.615823359621424,0.412,0.265,1,"14","OXNAD1"
0.000137503342928267,1.14657034249483,0.256,0.126,1,"14","THEMIS"
0.000686818684577637,0.569949805409496,0.393,0.287,1,"14","BCL2"
0.00200643757177025,0.315778672036618,0.444,0.332,1,"14","LINC00861"
0.00452779359112578,1.02242772588012,0.268,0.154,1,"14","TRG-AS1"
0.00751876725896345,0.34303766543271,0.283,0.176,1,"14","MATK"
2.5464690923879e-162,3.97693008284775,1,0.697,4.53475215972437e-158,"15","NFKBIA"
1.02706749355595e-160,3.79007902509862,1,0.385,1.82900179252444e-156,"15","PPP1R15A"
2.37291624895428e-155,3.16362997010342,1,0.471,4.22568925613778e-151,"15","NFKBIZ"
1.4371249773687e-154,3.74252103571892,0.995,0.287,2.55923215969817e-150,"15","CCL3"
6.81408029145752e-152,4.94900212327348,0.949,0.094,1.21345141830275e-147,"15","TNF"
2.03249312053088e-147,2.99949205585155,0.999,0.316,3.6194637490414e-143,"15","IL1B"
4.99973239222878e-144,2.66316090728405,1,0.62,8.90352344408101e-140,"15","ZFP36"
1.30126845149271e-143,2.90271215304454,1,0.474,2.31729885841821e-139,"15","TNFAIP3"
5.46054685307381e-143,2.90479985518753,0.998,0.371,9.72414183595384e-139,"15","ATP2B1-AS1"
4.41844657610405e-141,2.80779339172956,1,0.418,7.86836966272609e-137,"15","SOD2"
9.45418359219558e-141,3.5828255838971,0.953,0.164,1.68360101409819e-136,"15","CCL3L1"
3.03287943736265e-139,3.07097111058913,0.997,0.259,5.40095170205541e-135,"15","IER3"
2.46002240958521e-138,3.1180026014322,0.981,0.198,4.38080790698934e-134,"15","NLRP3"
3.44904518813513e-137,2.61971980326984,0.993,0.305,6.14205967103103e-133,"15","BCL2A1"
2.78563648166259e-131,2.64081080877934,0.998,0.334,4.96066144654474e-127,"15","TNFAIP2"
4.81715842612448e-131,2.85292737867412,0.982,0.295,8.57839572524247e-127,"15","G0S2"
2.67843326824345e-128,2.68741929285808,0.97,0.222,4.76975396408794e-124,"15","CD83"
2.38300041352171e-127,2.95119311683143,0.971,0.356,4.24364713639947e-123,"15","CCL4"
9.1130882032479e-123,2.89638672298404,0.947,0.177,1.62285874723439e-118,"15","TMEM176B"
4.32476691455491e-121,3.16098418181913,0.967,0.257,7.70154492143938e-117,"15","AC007952.4"
5.81308936501968e-121,2.2009594407214,1,0.627,1.0351949541227e-116,"15","DUSP1"
1.21188636200032e-119,2.12133236629016,0.998,0.698,2.15812723345017e-115,"15","KLF6"
6.14453190301596e-117,2.82455043828971,0.934,0.216,1.09421824128908e-112,"15","NFKBID"
4.66780677015423e-115,3.5744356440423,0.831,0.148,8.31243029629065e-111,"15","CCL4L2"
2.54078375206894e-114,2.13767591527651,0.986,0.341,4.52462770568437e-110,"15","MARCKS"
1.43927097387041e-113,1.2964534140829,1,0.947,2.56305375026843e-109,"15","PNRC1"
1.01212146699542e-111,2.23793311556118,1,0.701,1.80238590842544e-107,"15","IER2"
1.97281789191098e-111,1.64380404914473,1,0.802,3.51319410191508e-107,"15","SRGN"
3.15357552468226e-111,1.93313388110039,0.999,0.552,5.61588729435417e-107,"15","PLEK"
1.18456728569158e-107,1.85710823301791,0.998,0.4,2.10947742235957e-103,"15","NAMPT"
1.54427888182759e-107,1.54561427827862,1,0.996,2.75005183275858e-103,"15","FTH1"
2.25938136595216e-105,2.26599723819372,0.996,0.373,4.02350633648762e-101,"15","VCAN"
2.34069860097694e-100,2.43739093258043,0.895,0.192,4.16831606861973e-96,"15","CXCL8"
2.84441380445969e-99,2.35229929308876,0.943,0.311,5.06533210298182e-95,"15","PDE4B"
4.48986938656568e-98,1.90850991161072,0.987,0.324,7.99555940359617e-94,"15","NCF2"
9.75847973838379e-98,2.0860994091154,0.93,0.248,1.73779007181139e-93,"15","PLAUR"
2.11645787835128e-96,2.1319523212481,0.984,0.392,3.76898818976795e-92,"15","CEBPD"
2.4522508408538e-96,2.11629673343334,0.935,0.259,4.36696829739246e-92,"15","LRP1"
7.9771676988769e-96,1.97846214622407,0.995,0.305,1.420574023816e-91,"15","CD14"
3.22108396174481e-94,2.19364786841539,0.859,0.208,5.73610631907516e-90,"15","ETS2"
8.2333323761823e-94,1.97687019980591,0.999,0.379,1.46619182955054e-89,"15","MNDA"
4.00944375133484e-93,1.66371364802689,0.997,0.524,7.14001743237708e-89,"15","ZEB2"
4.63544685682832e-93,1.77719618302724,0.996,0.383,8.25480376263988e-89,"15","CYBB"
8.39579886008664e-93,1.79733279761615,1,0.741,1.49512386100423e-88,"15","CTSS"
1.75630467407451e-92,1.81889044389202,0.999,0.385,3.12762736359189e-88,"15","FGL2"
2.93273208566607e-92,1.9868402613751,0.96,0.293,5.22260929815414e-88,"15","IGSF6"
1.926273974488e-91,2.38286128956935,0.886,0.208,3.43030869376823e-87,"15","TLR2"
2.32909278981092e-91,1.63663819075272,1,0.905,4.14764844009529e-87,"15","NEAT1"
6.31193859265558e-91,1.79031350823132,1,0.409,1.12403002458011e-86,"15","FCN1"
6.33969613453043e-91,1.65556928099548,0.997,0.589,1.12897308763718e-86,"15","TKT"
2.75910865646927e-90,2.17129191194746,0.971,0.304,4.91342069544048e-86,"15","S100A12"
1.12694146870449e-89,2.04505065904737,0.867,0.282,2.00685736746896e-85,"15","SOCS3"
3.0540046801907e-88,2.04836024257213,0.937,0.312,5.4385715344836e-84,"15","KLF10"
3.42120544408445e-88,1.62263449014403,0.93,0.267,6.09248265482558e-84,"15","AC020656.1"
4.39295053027113e-88,1.94488763753097,1,0.759,7.82296630430683e-84,"15","S100A9"
6.69345634838638e-88,2.0013639119136,0.944,0.327,1.19197070652065e-83,"15","OGFRL1"
1.91303168015424e-87,2.56098025393966,0.824,0.196,3.40672681601867e-83,"15","SGK1"
2.86888389371534e-87,2.15467913511084,0.981,0.653,5.10890843792828e-83,"15","IRF1"
2.47844630912111e-86,1.94988453710197,1,0.61,4.41361718728286e-82,"15","S100A8"
4.18261443593081e-86,1.88771309222043,0.986,0.301,7.44839978750558e-82,"15","CSF3R"
8.20974331073421e-86,1.81076930963116,0.984,0.407,1.46199108877555e-81,"15","PTPRE"
9.15867873035917e-86,1.9795051195556,0.952,0.288,1.63097750830236e-81,"15","CPVL"
1.8595668072669e-85,2.61469709109952,0.787,0.21,3.3115165703809e-81,"15","OTUD1"
1.84351132223169e-84,1.84465324419213,0.988,0.327,3.28292496263019e-80,"15","MPEG1"
3.07545940269601e-84,1.5912483389638,0.998,0.497,5.47677810432105e-80,"15","APLP2"
3.75489749783697e-83,0.901934144017148,1,0.991,6.68672146414808e-79,"15","H3F3A"
4.4116308664013e-83,2.19712875356001,0.826,0.179,7.85623224688743e-79,"15","CLEC4E"
6.62808966290613e-83,1.37804717043001,0.997,0.734,1.18033020717032e-78,"15","CD44"
6.85124394467031e-83,2.36957252473546,0.833,0.19,1.22006952166689e-78,"15","BCL6"
1.38069706828529e-82,2.43894511733789,0.755,0.153,2.45874533920244e-78,"15","RNF19B"
7.69738739270059e-82,1.79671006726925,0.936,0.269,1.37075074689212e-77,"15","CD36"
1.44896732988535e-81,2.03205515322802,0.901,0.254,2.58032102105984e-77,"15","FCGR2A"
2.20512097278982e-81,1.67884706699303,0.977,0.644,3.92687942834411e-77,"15","ZFP36L1"
5.76282534904291e-81,1.50821382126582,0.993,0.578,1.02624393815756e-76,"15","BRI3"
8.51823939445134e-81,1.78781319587956,0.966,0.298,1.51692807136389e-76,"15","CLEC12A"
3.06877415026862e-80,1.15711536066917,1,0.944,5.46487300679836e-76,"15","VIM"
3.12581933624845e-80,1.96456632985354,0.911,0.259,5.56645907399124e-76,"15","LILRB3"
1.4381188881733e-79,4.46682226256062,0.535,0.028,2.56100211605901e-75,"15","AP003354.2"
1.47164800686653e-79,1.81335326440462,0.91,0.269,2.62071077062792e-75,"15","HCK"
3.84912221178627e-79,1.76492789333176,0.937,0.321,6.85451683474899e-75,"15","NINJ1"
4.72949776757569e-79,1.68749976767717,0.975,0.397,8.42228962449879e-75,"15","JAML"
5.90481910925798e-79,1.65926419938021,0.983,0.303,1.05153018697666e-74,"15","MS4A6A"
2.24533556192748e-78,1.6713299748558,1,0.743,3.99849356868045e-74,"15","LYZ"
5.71911578650327e-77,2.89509539226426,0.83,0.211,1.0184601392605e-72,"15","AC245014.3"
9.64494709025485e-77,1.66023869965785,0.98,0.32,1.71757217783258e-72,"15","CSTA"
3.07880861581134e-76,1.77634621052381,0.97,0.447,5.48274238303683e-72,"15","NCF1"
7.7824430143273e-76,1.56027152482081,0.994,0.394,1.38589745199141e-71,"15","GRN"
9.97270098939771e-76,1.85755289231948,0.906,0.249,1.77593859219194e-71,"15","FPR1"
1.1962928338148e-75,2.31132311598811,0.779,0.168,2.13035827845739e-71,"15","PTAFR"
3.2302126760739e-75,1.91633462672974,0.859,0.275,5.75236273355239e-71,"15","MXD1"
3.28137769766258e-75,1.45007025970797,0.975,0.509,5.84347740399753e-71,"15","POU2F2"
3.49977908372235e-75,1.38565618908969,0.988,0.485,6.23240659229276e-71,"15","AP1S2"
1.58423737030028e-74,1.91482179910513,0.897,0.286,2.82120990903074e-70,"15","NAIP"
3.86817562879166e-74,1.56808517966237,1,0.469,6.88844715975219e-70,"15","CST3"
6.70109002881126e-74,1.59831581353709,0.99,0.528,1.19333011233071e-69,"15","HLA-DRB1"
7.62539229730468e-74,1.51581823566362,0.991,0.325,1.35792986030402e-69,"15","SERPINA1"
8.48057058923266e-74,2.02657368500547,0.864,0.233,1.51022001053055e-69,"15","EMILIN2"
1.31574334885892e-73,1.44315522879294,0.998,0.438,2.34307575564797e-69,"15","TYMP"
3.90366539401395e-73,1.72638867088822,0.915,0.269,6.95164733366004e-69,"15","DMXL2"
4.52686404664699e-73,1.71249349543723,0.895,0.322,8.06143949426896e-69,"15","IL17RA"
8.18368742689179e-73,2.68842226577039,0.743,0.125,1.45735105698089e-68,"15","TMEM176A"
4.72908809582449e-72,1.96453000713936,0.875,0.234,8.42156008104426e-68,"15","CD93"
6.27506715145583e-72,1.76363412158286,0.926,0.388,1.11746395833126e-67,"15","LTA4H"
8.03913210310694e-72,2.29322212761946,0.734,0.132,1.43160864492128e-67,"15","ICAM1"
9.26802515565647e-72,1.81682080508391,0.915,0.311,1.6504499197193e-67,"15","GCA"
1.41579674042222e-71,1.80447291057407,0.934,0.281,2.52125083534388e-67,"15","LILRB2"
1.58807567249824e-71,1.63760186183836,0.899,0.268,2.82804515758486e-67,"15","PILRA"
1.02231959149847e-70,1.83443487008073,0.883,0.255,1.82054672854048e-66,"15","ALDH2"
1.43188330758294e-70,1.50469088707354,0.98,0.346,2.54989779414371e-66,"15","SPI1"
1.84605239891168e-70,3.12468119516109,0.638,0.109,3.28745011198192e-66,"15","IL1RN"
2.32061445811572e-70,1.78120533611503,0.859,0.263,4.13255022701248e-66,"15","LRRK2"
3.65590668614765e-70,1.66027050620189,0.933,0.307,6.51043862669174e-66,"15","CFP"
4.83151069356431e-70,1.83333010898648,0.91,0.264,8.60395424309933e-66,"15","IRAK3"
5.22623485650613e-70,1.3565722404031,0.992,0.643,9.30687903246612e-66,"15","MCL1"
1.17814180089635e-69,1.92553328638406,0.814,0.214,2.09803491903623e-65,"15","ASGR1"
1.63372988416455e-69,1.40842596105243,1,0.597,2.90934617772023e-65,"15","PSAP"
2.28704988307385e-69,1.61080496767878,0.953,0.483,4.07277843177791e-65,"15","IRF2BP2"
2.78810785190395e-69,1.32125747209518,0.982,0.546,4.96506246267055e-65,"15","TALDO1"
2.9739586991733e-69,2.22435505420777,0.733,0.171,5.29602565148781e-65,"15","TLR4"
4.83984525173232e-69,2.38913382513649,0.739,0.161,8.61879642428491e-65,"15","P2RY13"
5.72723142637772e-68,1.23376849935865,0.999,0.718,1.01990537240934e-63,"15","TSPO"
1.77813720942432e-67,1.4967883181135,0.956,0.312,3.16650674254283e-63,"15","CD68"
2.08797086946976e-67,1.66341810674705,0.87,0.335,3.71825852435175e-63,"15","UBE2J1"
9.69445342527803e-67,1.44147761781049,0.961,0.368,1.72638826597351e-62,"15","RNF130"
1.47594295501755e-66,1.23888085373347,0.999,0.74,2.62835921429526e-62,"15","S100A11"
2.71255001694509e-66,1.18468260426885,1,0.998,4.83050907017582e-62,"15","FTL"
2.94913808781462e-66,1.51148285965583,0.923,0.334,5.25182510678028e-62,"15","PECAM1"
5.77714053638187e-66,1.95914576708918,0.819,0.227,1.02879318671888e-61,"15","GAS7"
1.05332771250765e-65,1.74076726053061,0.861,0.247,1.87576599043362e-61,"15","PLXDC2"
2.12308788706789e-65,3.09259438506773,0.602,0.071,3.78079490929051e-61,"15","FFAR2"
3.20875169506527e-65,1.32726554127487,1,0.553,5.71414501857224e-61,"15","TYROBP"
3.64602310379345e-65,1.69925083469547,0.891,0.266,6.49283794323538e-61,"15","KCTD12"
3.7704511954682e-65,2.33736393677543,0.662,0.116,6.71441948888977e-61,"15","AQP9"
3.78302646790573e-65,1.66525971781568,0.835,0.245,6.73681353404652e-61,"15","LMO2"
3.8296579856447e-65,1.73853244349672,0.901,0.288,6.81985494083609e-61,"15","CPPED1"
7.66722948429616e-65,0.997154561143958,1,0.88,1.36538022656346e-60,"15","JUNB"
8.99702880547825e-65,1.83483352095472,0.835,0.239,1.60219088967957e-60,"15","SLC43A2"
4.26313461027238e-64,1.45899262323923,0.92,0.311,7.59179011397305e-60,"15","TNFSF13B"
5.3068363977039e-64,2.02042810429021,0.689,0.166,9.45041425703111e-60,"15","CREB5"
5.81819140429707e-64,0.957943780679195,0.998,0.925,1.03610352527722e-59,"15","GAPDH"
1.38461184098706e-63,1.28511663799696,0.947,0.417,2.46571676642976e-59,"15","HLA-DQB1"
1.47685513593953e-63,2.23054277814113,0.795,0.204,2.62998362608111e-59,"15","RIPK2"
2.67953579845197e-63,1.91592807552427,0.759,0.2,4.77171734988326e-59,"15","LILRA2"
3.19886192015599e-63,1.47199160773816,0.896,0.374,5.69653330741379e-59,"15","TNFSF10"
3.39878953698484e-63,1.63425304484308,0.873,0.253,6.05256440746261e-59,"15","PLBD1"
4.59376675069546e-63,1.10557367123976,0.999,0.65,8.18057982963847e-59,"15","COTL1"
4.87985469754226e-63,1.32623145197479,0.926,0.412,8.69004524538325e-59,"15","HIF1A"
4.90471215341453e-63,1.84065154266182,0.746,0.212,8.73431140280059e-59,"15","STX11"
1.64432775242972e-62,1.31431745567718,0.971,0.405,2.92821886152684e-58,"15","FCGRT"
3.09874783773097e-62,1.08489382901893,0.996,0.477,5.51825014943131e-58,"15","LST1"
4.69471086886298e-62,1.51178456323696,0.858,0.33,8.3603411152712e-58,"15","PICALM"
8.5281807058756e-62,3.34010339109585,0.53,0.063,1.51869842010233e-57,"15","PLEKHG2"
9.3652968220019e-62,1.60787783339698,0.844,0.256,1.6677720580621e-57,"15","TGFBI"
1.16998607560326e-61,1.21006189364379,0.97,0.49,2.08351120343428e-57,"15","NPC2"
1.78461230465044e-61,3.23890322547435,0.567,0.092,3.17803759212151e-57,"15","EREG"
2.91251123648847e-61,1.961820512254,0.745,0.192,5.18660000993867e-57,"15","BST1"
4.50284117093185e-61,2.03331546053588,0.759,0.178,8.01865955719544e-57,"15","SLC2A6"
7.10458876200347e-61,1.33460466451296,0.891,0.36,1.26518516673758e-56,"15","ADA2"
8.39979034960642e-61,1.27670870481294,0.979,0.526,1.49583466545791e-56,"15","SDCBP"
8.99598707625014e-61,1.2266255598923,0.98,0.611,1.60200537853863e-56,"15","SERPINB1"
1.40214950106267e-60,1.9421538236613,0.67,0.159,2.49694783149241e-56,"15","ANPEP"
2.45807628115234e-60,2.10712457403627,0.759,0.208,4.37734224147608e-56,"15","PLK3"
3.53439502664924e-60,1.37420921492561,0.921,0.369,6.29405066345696e-56,"15","CTSB"
3.78578541264821e-60,1.41572637394348,0.958,0.38,6.74172666284394e-56,"15","LGALS3"
7.73972560860964e-60,1.73147666778706,0.85,0.257,1.3782903363812e-55,"15","RAB31"
1.59295864044976e-59,1.55843077580905,0.81,0.245,2.83674074691294e-55,"15","CD300E"
1.6434748342522e-59,1.48946645282683,0.872,0.326,2.92669998483633e-55,"15","PIM3"
2.255690029042e-59,1.85474283366731,0.864,0.265,4.01693280371799e-55,"15","GRINA"
3.42934705743535e-59,2.13968770957461,0.761,0.189,6.10698123988088e-55,"15","HSPA1A"
1.03834265590977e-58,1.07214646393251,0.999,0.729,1.84908060164411e-54,"15","SAT1"
1.14391059544857e-58,0.835751819686267,0.999,0.969,2.03707598837482e-54,"15","OAZ1"
1.61055144819712e-58,1.29136331621343,0.946,0.314,2.86807001894944e-54,"15","CLEC7A"
1.79483758145621e-58,1.09006575864252,0.999,0.703,3.19624676505722e-54,"15","ITGB2"
2.20684567671618e-58,1.14624654065597,0.998,0.538,3.92995078109617e-54,"15","AIF1"
3.90863055692546e-58,1.40135821677556,0.913,0.373,6.96048929577286e-54,"15","NUP214"
4.88768931808225e-58,1.86029935122481,0.764,0.211,8.70399713764086e-54,"15","ZNF385A"
5.02059412804067e-58,2.01079567466293,0.726,0.173,8.94067402321483e-54,"15","SIRPA"
7.89458908524743e-58,1.39470846840909,0.932,0.421,1.40586842430086e-53,"15","NCOA4"
1.14303713732777e-57,1.99546615137398,0.831,0.356,2.03552053415329e-53,"15","GADD45B"
1.50880743166509e-57,1.65962179870579,0.774,0.241,2.68688427430919e-53,"15","NFKB2"
1.61837095782294e-57,1.75160607506281,0.774,0.213,2.88199500169108e-53,"15","LILRA5"
2.28410464323899e-57,1.21413436253758,0.945,0.472,4.06753354867999e-53,"15","QKI"
2.37745144666354e-57,1.44690625249944,0.904,0.29,4.23376553621844e-53,"15","SLC11A1"
4.34250358297394e-57,1.50864518202453,0.817,0.258,7.73313038055999e-53,"15","SLC7A7"
5.83697418092301e-57,1.14574276583098,0.998,0.461,1.03944836213877e-52,"15","FCER1G"
6.65599683232314e-57,1.53103061916074,0.685,0.169,1.18529991590011e-52,"15","ACSL1"
8.92461503857382e-57,1.51618540263417,0.887,0.311,1.58929544606923e-52,"15","IFNGR2"
1.87546674877613e-56,0.993697494936364,0.992,0.73,3.33983118622052e-52,"15","EVI2B"
1.93416228032732e-56,1.50075792792655,0.856,0.311,3.4443561888069e-52,"15","NAGK"
2.34023832465128e-56,1.70672392131422,0.8,0.249,4.167496408539e-52,"15","PAK1"
2.34728981926444e-56,1.51280305440256,0.944,0.498,4.18005371014611e-52,"15","CD55"
3.61245205070898e-56,1.02942321113895,1,0.963,6.43305461190256e-52,"15","S100A6"
8.01107792119499e-56,1.48321848229942,0.738,0.226,1.4266127562064e-51,"15","RNASE6"
1.13906843208387e-55,1.58171103708988,0.802,0.272,2.02845306385495e-51,"15","RASSF2"
1.45108129147452e-55,3.17027925589278,0.525,0.069,2.58408556385783e-51,"15","NRG1"
1.83941388616875e-55,1.45658604878626,0.92,0.424,3.2756282484893e-51,"15","ZFAND5"
1.86495545762233e-55,1.44246906457378,0.877,0.358,3.32111267893385e-51,"15","IER5"
2.40050475841486e-55,1.68420167754553,0.835,0.254,4.27481887378518e-51,"15","RXRA"
2.55817667286923e-55,1.32358360118899,0.957,0.418,4.55560101904553e-51,"15","CTSZ"
3.76889788421441e-55,1.24805158181462,0.982,0.509,6.71165335220902e-51,"15","ANXA5"
3.86166818129961e-55,1.30295974720585,0.899,0.374,6.87685869725835e-51,"15","AGTRAP"
5.1142898396149e-55,1.53962102842329,0.879,0.274,9.10752734638621e-51,"15","TIMP2"
5.7662532726313e-55,1.83869097171809,0.661,0.174,1.02685438279018e-50,"15","IL13RA1"
7.33529417953423e-55,1.75743029882829,0.825,0.24,1.30626918749146e-50,"15","RAB32"
1.6822849540527e-54,1.48826916875801,0.83,0.292,2.99581304617706e-50,"15","MEGF9"
1.90882764807016e-54,1.7310150265348,0.745,0.211,3.39924027568334e-50,"15","CLEC4A"
2.51184159730943e-54,1.54689134618739,0.858,0.264,4.47308751648863e-50,"15","CD302"
2.51960598181073e-54,0.940704430917136,0.995,0.803,4.48691433240855e-50,"15","GNAI2"
3.75024337360336e-54,1.34687122626592,0.952,0.401,6.67843339971285e-50,"15","FGR"
7.72843824180208e-54,2.12649470616488,0.636,0.139,1.37628028210011e-49,"15","PFKFB3"
1.616640447702e-53,1.42987990052336,0.835,0.293,2.87891330926772e-49,"15","LY86"
1.9414511027299e-53,1.33801807384346,0.93,0.474,3.45733612374141e-49,"15","ZNF106"
2.61596734469077e-53,1.81604454489128,0.643,0.165,4.65851464742532e-49,"15","TFEC"
5.4032248874067e-53,1.61781671179425,0.781,0.236,9.62206287949385e-49,"15","C19orf38"
5.93106434445073e-53,1.06162249464186,0.988,0.669,1.05620393845979e-48,"15","GSTP1"
8.65424401057739e-53,1.96468855784071,0.672,0.168,1.54114777340362e-48,"15","SLC15A3"
1.01396183114205e-52,3.99746584187164,0.447,0.029,1.80566322889776e-48,"15","KCNJ2-AS1"
1.24882808144762e-52,2.0922059131343,0.647,0.153,2.22391304744193e-48,"15","ZNF467"
1.38917446253069e-52,1.26655159334848,0.755,0.232,2.47384188287466e-48,"15","LRRC25"
2.25572662906086e-52,1.12698125949099,0.993,0.715,4.01699798103157e-48,"15","AHNAK"
3.45757587346945e-52,1.5592935932341,0.798,0.277,6.15725111547439e-48,"15","NOTCH2"
1.37433656859282e-51,1.40209532817391,0.875,0.348,2.44741856135009e-47,"15","DPYD"
2.27656780714898e-51,1.17394030936286,0.975,0.504,4.0541119509709e-47,"15","VSIR"
2.49223422410448e-51,1.37279767794224,0.875,0.364,4.43817070628525e-47,"15","IFNGR1"
2.87759697700102e-51,1.66804587484073,0.69,0.191,5.12442469664342e-47,"15","OSCAR"
4.2887475035854e-51,1.47790726785034,0.859,0.319,7.63740155438489e-47,"15","CCDC88A"
4.40331394212318e-51,2.0280925179403,0.703,0.174,7.84142146813296e-47,"15","PYGL"
4.69413168279757e-51,1.24836952683996,0.898,0.381,8.35930970072591e-47,"15","STXBP2"
4.75557547887794e-51,1.39027269668191,0.798,0.316,8.46872881278583e-47,"15","MAP2K3"
5.76445585975002e-51,1.76138047835781,0.673,0.185,1.02653429950428e-46,"15","SLC8A1"
8.22947251435939e-51,1.90149873386241,0.629,0.162,1.46550446535712e-46,"15","RBM47"
8.62463294881414e-51,1.71240844458731,0.758,0.225,1.53587463552482e-46,"15","MAFB"
1.1857230176862e-50,2.00073902830331,0.614,0.148,2.11153554989559e-46,"15","CSF2RA"
1.65954409395349e-50,1.59901178802526,0.676,0.189,2.95531612251238e-46,"15","HNMT"
1.96789762357106e-50,1.1333436156066,0.955,0.501,3.50443208805535e-46,"15","GLIPR1"
3.01627538276156e-50,2.06167279150916,0.617,0.144,5.37138320162178e-46,"15","MEFV"
3.75166203512266e-50,1.63685469766403,0.827,0.286,6.68095975214643e-46,"15","UBE2D1"
4.82042159782461e-50,1.26638448887019,0.898,0.419,8.58420678140607e-46,"15","FBXL5"
5.1372003313669e-50,4.05720616210434,0.399,0.024,9.14832635009817e-46,"15","CTDSPL"
7.30243221643155e-50,1.93437442528989,0.652,0.157,1.30041712910213e-45,"15","CD163"
1.1540181458912e-49,1.15791973822686,0.956,0.42,2.05507551420306e-45,"15","LYN"
1.39239173123894e-49,2.02329385476042,0.641,0.158,2.47957119499031e-45,"15","CSRNP1"
3.62979366979909e-49,0.794819955495298,0.999,0.867,6.46393656717822e-45,"15","LCP1"
6.61361226625666e-49,2.20472282249294,0.585,0.113,1.17775207237499e-44,"15","AC245128.3"
1.01922531339386e-48,2.29525928889711,0.592,0.126,1.81503643809179e-44,"15","ARL5B"
1.27315924397231e-48,1.06486151608429,0.973,0.545,2.26724198166588e-44,"15","ANXA2"
2.18340318595087e-48,1.20924554863232,0.947,0.463,3.8882043935413e-44,"15","LYST"
2.27458917967364e-48,1.18364209002271,0.843,0.388,4.05058841116281e-44,"15","TMEM167A"
2.37983998269822e-48,1.95212499155289,0.707,0.19,4.23801904118899e-44,"15","MBOAT7"
3.45665513311051e-48,1.17738369950274,0.899,0.454,6.15561146104321e-44,"15","EVI2A"
3.58494979403522e-48,1.08082942898887,0.974,0.5,6.38407859321793e-44,"15","TNFRSF1B"
3.69022246060859e-48,1.16810096936022,0.987,0.573,6.57154815785178e-44,"15","CEBPB"
3.83188846348147e-48,1.7717631712255,0.75,0.248,6.8238269757678e-44,"15","NABP1"
4.76843332537011e-48,1.36003750149633,0.807,0.317,8.4916260658191e-44,"15","SLCO3A1"
5.6333366831193e-48,1.37214524813522,0.904,0.345,1.00318459652988e-43,"15","CTSH"
8.20410437122316e-48,1.3923173739074,0.738,0.264,1.46098690642742e-43,"15","KDM6B"
1.18744627165984e-47,0.980328961599411,0.976,0.688,2.11460432057184e-43,"15","PRELID1"
1.39236536223408e-47,1.45180927683828,0.843,0.321,2.47952423706644e-43,"15","ARHGAP26"
1.46832177089985e-47,1.40111391194421,0.799,0.293,2.61478740961845e-43,"15","DPYSL2"
1.78286724577371e-47,1.32796323836544,0.799,0.285,3.17492999127382e-43,"15","CAPG"
1.93536302407703e-47,1.3290682824854,0.793,0.318,3.44649447327637e-43,"15","BAZ2B"
2.11472687547361e-47,1.42359303176039,0.85,0.336,3.7659056198434e-43,"15","NUMB"
2.14051821327148e-47,1.66292717825377,0.669,0.217,3.81183483419385e-43,"15","PELI1"
2.80260070761885e-47,1.8360646302145,0.611,0.16,4.99087134012764e-43,"15","BEST1"
4.4239982624583e-47,0.970683861119336,1,0.743,7.87825610578574e-43,"15","CD74"
4.58528845834685e-47,1.02542536085594,0.997,0.57,8.16548168662406e-43,"15","HLA-DRA"
5.59750960980641e-47,1.14466687616422,0.976,0.51,9.96804511314326e-43,"15","PYCARD"
5.90730126647358e-47,1.17039609233227,0.872,0.392,1.05197220953362e-42,"15","ZYX"
6.04566809114982e-47,2.06338447390965,0.617,0.14,1.07661257367196e-42,"15","RAB3D"
6.42305428559246e-47,1.86910755008249,0.609,0.16,1.14381750717831e-42,"15","ADGRE2"
6.54490458373657e-47,1.84631156914428,0.67,0.179,1.16551660827181e-42,"15","AHR"
9.99223378352479e-47,1.53879806477727,0.722,0.217,1.77941699217009e-42,"15","PRAM1"
1.14766298908502e-46,1.62771133268337,0.717,0.225,2.0437582509626e-42,"15","NCF4"
2.52473964475642e-46,0.859213346199128,0.961,0.347,4.49605635938224e-42,"15","CFD"
2.88262610586801e-46,1.97612772470504,0.662,0.162,5.13338056932974e-42,"15","FAM198B"
4.3760135894312e-46,0.803409634865769,0.992,0.864,7.79280500005907e-42,"15","CALM2"
4.42228358832706e-46,1.39446658527395,0.852,0.335,7.87520261409283e-42,"15","BACH1"
5.23381494814187e-46,0.916264607121644,0.992,0.863,9.32037765965104e-42,"15","S100A10"
7.73937961868869e-46,1.70569080067869,0.615,0.167,1.37822872249608e-41,"15","KCNE3"
8.32721013675607e-46,1.13549704548576,0.773,0.255,1.48290958115352e-41,"15","C5AR1"
9.62652897576001e-46,1.08042904838391,0.945,0.524,1.71429228000334e-41,"15","IL10RA"
1.59567466367407e-45,1.25788412798159,0.928,0.371,2.84157744107078e-41,"15","HLA-DRB5"
1.7113637684427e-45,1.80886327586449,0.6,0.147,3.04759659884277e-41,"15","CYP1B1"
1.9632301356474e-45,1.57886793549352,0.815,0.286,3.49612022556088e-41,"15","SULF2"
2.71172443767685e-45,2.95061701289126,0.508,0.071,4.82903887861493e-41,"15","ZEB2-AS1"
2.73941307479178e-45,1.63062726925579,0.642,0.172,4.8783468035892e-41,"15","MGST1"
3.96295384293696e-45,1.31322555492631,0.934,0.522,7.05722820350215e-41,"15","DNAJA1"
6.16119239117843e-45,1.16380610011073,0.829,0.358,1.09718514102105e-40,"15","HLA-DMA"
6.90752995355482e-45,1.41995286296533,0.834,0.358,1.23009293412904e-40,"15","GPCPD1"
7.517025278547e-45,1.11499788562502,0.974,0.641,1.33863186160365e-40,"15","CFLAR"
1.25508306277521e-44,1.43555839066288,0.73,0.235,2.2350519181901e-40,"15","SNX18"
1.39883354925293e-44,1.1338254493536,0.886,0.332,2.49104278450961e-40,"15","BLVRB"
1.42710346051006e-44,1.67555552383602,0.835,0.34,2.54138584247631e-40,"15","CDC42EP3"
1.73945362058537e-44,1.06795542162081,0.962,0.538,3.09761900753842e-40,"15","ATP6V0B"
1.96155944001385e-44,1.72554967125478,0.646,0.181,3.49314505077667e-40,"15","ODF3B"
2.08036395109365e-44,1.33369875858824,0.823,0.319,3.70471212410757e-40,"15","RHOQ"
2.24606998571542e-44,1.57159488331073,0.748,0.229,3.99980143056202e-40,"15","RASSF4"
4.74680309935182e-44,1.86365371052203,0.595,0.151,8.45310695932573e-40,"15","MCTP1"
1.06355939643841e-43,1.44591876235428,0.738,0.253,1.89398657317752e-39,"15","ATP6V1B2"
1.70890284331234e-43,1.34414963815452,0.777,0.292,3.04321418337061e-39,"15","CRTAP"
1.75709174311335e-43,1.53585948133572,0.631,0.204,3.12902897613625e-39,"15","APAF1"
1.85629205114653e-43,1.18650927916064,0.858,0.368,3.30568488468174e-39,"15","YBX3"
2.35316617900846e-43,1.16318294326542,0.872,0.413,4.19051833157827e-39,"15","BNIP3L"
2.43831244082192e-43,1.5232727374987,0.656,0.208,4.34214679461567e-39,"15","CTNNA1"
2.52546971771027e-43,1.86291525389475,0.614,0.159,4.49735647329845e-39,"15","P2RX4"
2.9409881505959e-43,1.42835845281794,0.713,0.233,5.23731169858118e-39,"15","TBXAS1"
4.25856756153652e-43,1.71424160059771,0.686,0.191,7.58365711358423e-39,"15","PLXNB2"
6.30170526080003e-43,1.21239771340147,0.876,0.335,1.12220767284327e-38,"15","MARCH1"
7.22312552279345e-43,1.98057783586761,0.558,0.133,1.28629419309906e-38,"15","CHST15"
9.76425006959205e-43,1.41477245249622,0.678,0.221,1.73881765239295e-38,"15","SCIMP"
1.88213405039205e-42,1.13376705325251,0.903,0.445,3.35170431693817e-38,"15","PLEKHO1"
4.85888041560502e-42,1.39216958662013,0.711,0.232,8.65269424410942e-38,"15","FAM49A"
6.30937677139558e-42,1.07085661449709,0.964,0.552,1.12357381545013e-37,"15","CARD16"
6.58389360144664e-42,1.57856401744815,0.685,0.218,1.17245977254562e-37,"15","PLXNC1"
6.82553720891073e-42,0.996743170659641,0.884,0.503,1.21549166616282e-37,"15","METTL9"
7.36087151209801e-42,1.04052609246078,0.814,0.345,1.31082399887441e-37,"15","PPT1"
7.66128701367811e-42,1.15677828838374,0.859,0.377,1.3643219913958e-37,"15","TPP1"
8.28988107470046e-42,1.61420885219255,0.736,0.232,1.47626202178266e-37,"15","GRK3"
9.71100129643051e-42,2.30933181235011,0.525,0.106,1.72933511086835e-37,"15","PTGS2"
1.02531933604345e-41,1.17227726059472,0.874,0.374,1.82588867362618e-37,"15","RTN3"
1.18371753613402e-41,1.43770623967469,0.723,0.249,2.10796418834746e-37,"15","LACTB"
1.223046430051e-41,1.32265544869593,0.704,0.259,2.17800108263483e-37,"15","CHP1"
1.44656441412072e-41,1.49792109799126,0.742,0.245,2.57604190866618e-37,"15","PGD"
1.95021370867337e-41,1.09170222104633,0.853,0.383,3.47294057240554e-37,"15","RILPL2"
1.98358221412577e-41,1.12339426900264,0.84,0.341,3.53236320691518e-37,"15","AOAH"
3.25127142835445e-41,1.89358832663874,0.665,0.171,5.7898641596136e-37,"15","SMCO4"
3.41723454420862e-41,1.36363263336716,0.81,0.317,6.08541127632671e-37,"15","TET2"
3.91467880960235e-41,1.55873216691136,0.72,0.24,6.97126002413986e-37,"15","FKBP15"
7.11801104998127e-41,2.63803647501547,0.496,0.078,1.26757540778066e-36,"15","CLEC4D"
8.44987705760146e-41,1.70363010141283,0.665,0.196,1.50475410641767e-36,"15","HRH2"
1.50525854822551e-40,1.15678765397979,0.941,0.45,2.68056442267999e-36,"15","VMP1"
1.55189026389704e-40,1.18586182653182,0.691,0.251,2.76360618194785e-36,"15","LY96"
2.0141080420189e-40,1.56508963882137,0.557,0.163,3.58672360122726e-36,"15","DOCK5"
2.04945164795132e-40,0.785299690902741,1,0.938,3.64966349467171e-36,"15","S100A4"
2.08720390175312e-40,0.958423429242773,0.974,0.482,3.71689270824196e-36,"15","ASAH1"
2.19810833890667e-40,1.05470066664991,0.941,0.548,3.91439132992499e-36,"15","PKM"
2.50175515407185e-40,1.72342556622308,0.544,0.148,4.45512557837115e-36,"15","SEMA4A"
4.17351379361874e-40,1.20155208454392,0.876,0.39,7.43219336367625e-36,"15","SKAP2"
4.61569405651453e-40,1.47720347778652,0.717,0.215,8.21962797584107e-36,"15","CDA"
5.97060109274159e-40,1.43538567307915,0.689,0.211,1.06324464259542e-35,"15","NRGN"
7.59277378686714e-40,0.948842069917358,0.761,0.263,1.3521211559653e-35,"15","MS4A7"
1.88553919561913e-39,1.48606415392752,0.664,0.202,3.35776819955855e-35,"15","ENTPD1"
2.46286770749229e-39,1.9414634440684,0.62,0.155,4.38587481350226e-35,"15","SLC24A4"
4.03556518949233e-39,2.65285981408355,0.42,0.064,7.18653448944794e-35,"15","CYP27A1"
4.18224126998247e-39,2.33844901458602,0.623,0.22,7.44773525358478e-35,"15","AC103591.3"
4.20899926913215e-39,1.53351283435798,0.729,0.264,7.49538589847054e-35,"15","OAZ2"
4.89972414078103e-39,0.525657012726052,1,0.997,8.72542874990287e-35,"15","ACTB"
5.51170406557174e-39,1.59094909534599,0.629,0.175,9.81524259997015e-35,"15","BCL3"
9.365145600864e-39,3.26003858799648,0.355,0.038,1.66774512860186e-34,"15","DSC2"
1.14015268870859e-38,1.58326203976383,0.601,0.179,2.03038390805225e-34,"15","GNB4"
1.33249080909148e-38,1.97911397184455,0.528,0.128,2.37289963283011e-34,"15","MAP3K20"
1.41606982987218e-38,2.28339075463101,0.488,0.101,2.52173715303638e-34,"15","ASGR2"
2.03991007944407e-38,0.841068226610422,0.982,0.699,3.63267186947399e-34,"15","SAMHD1"
3.35127989731617e-38,0.940528514236548,0.835,0.363,5.96795924114064e-34,"15","BID"
3.65031335990523e-38,1.64281079447622,0.54,0.146,6.50047803131923e-34,"15","CCR1"
3.70706429274151e-38,1.32940489776155,0.773,0.293,6.60154009251408e-34,"15","GNAQ"
3.81237959331569e-38,1.14547588574481,0.723,0.278,6.78908557977658e-34,"15","C9orf72"
4.77556823320642e-38,1.08186663886204,0.96,0.534,8.504331909694e-34,"15","ARRB2"
7.86813183731211e-38,1.36023472335501,0.755,0.275,1.40115691758854e-33,"15","PLSCR1"
8.57007103749576e-38,2.36536170895375,0.484,0.094,1.52615825035724e-33,"15","CRISPLD2"
9.41581156044961e-38,1.8391088885109,0.561,0.147,1.67676772268487e-33,"15","CYFIP1"
1.02847891466459e-37,1.11006313052452,0.898,0.425,1.83151525123471e-33,"15","CASP1"
1.25435201570307e-37,0.944073716586418,0.985,0.561,2.23375006956403e-33,"15","MYO1F"
1.3804567506706e-37,1.48777754120501,0.664,0.213,2.4583173815942e-33,"15","SLC16A3"
1.56040901401821e-37,1.74814555135952,0.563,0.15,2.77877637216362e-33,"15","CD1D"
1.95509734824549e-37,1.53326077004136,0.519,0.157,3.48163735775557e-33,"15","EPB41L3"
6.03412305687094e-37,2.13074205432151,0.455,0.098,1.07455663396758e-32,"15","DUSP3"
7.42829928105922e-37,1.67971237832544,0.494,0.14,1.32283153597103e-32,"15","NACC2"
7.58788072096959e-37,0.930269882797084,0.938,0.521,1.35124979879026e-32,"15","VASP"
1.28919204647763e-36,1.84542084251135,0.474,0.122,2.29579319636736e-32,"15","PID1"
2.30510955775512e-36,1.63749590351315,0.613,0.192,4.10493910045032e-32,"15","CDKN1A"
2.44681340630383e-36,2.1695323606065,0.486,0.096,4.35728531394587e-32,"15","LINC00937"
3.28368961832618e-36,1.59596296186721,0.662,0.206,5.84759447231526e-32,"15","MSRB1"
4.21191870605079e-36,1.68259644523168,0.603,0.171,7.50058483173525e-32,"15","GAA"
4.95089170479604e-36,1.43435225387536,0.608,0.207,8.8165479479008e-32,"15","NR4A1"
5.02201901680653e-36,1.02193714404944,0.823,0.331,8.94321146512907e-32,"15","HLA-DMB"
5.63645286389732e-36,1.1943675522431,0.824,0.365,1.00373952600283e-31,"15","TRIM8"
6.0407206032649e-36,1.67735886205034,0.503,0.136,1.07573152502941e-31,"15","PLAGL2"
7.64293308344451e-36,0.84983307596208,0.98,0.667,1.3610535234998e-31,"15","RAC1"
8.70589884369854e-36,1.08459854866294,0.861,0.481,1.55034646608584e-31,"15","JUN"
8.77465548847762e-36,1.8743813352701,0.654,0.234,1.56259064938809e-31,"15","PTGER4"
1.06294205545005e-35,2.35793965763909,0.439,0.079,1.89288721234544e-31,"15","LINC00528"
1.07264371607559e-35,1.48348409400954,0.66,0.224,1.91016392958741e-31,"15","PPP1R15B"
1.09525814996846e-35,2.23936993028627,0.377,0.075,1.95043571346383e-31,"15","ATF3"
1.16328026469309e-35,2.34024888763068,0.393,0.064,2.07156949536546e-31,"15","VSTM1"
1.36826319624728e-35,1.05667197443545,0.869,0.455,2.43660309987715e-31,"15","DUSP2"
1.81732369019681e-35,1.30773417355929,0.781,0.299,3.23629002750248e-31,"15","MYD88"
1.93119593993602e-35,1.61976543009666,0.626,0.178,3.43907372983806e-31,"15","CD33"
2.30184941208412e-35,2.09213770932971,0.531,0.121,4.0991334330394e-31,"15","CSF2RB"
2.48721882552586e-35,1.63051118231682,0.584,0.165,4.42923928449646e-31,"15","FES"
2.52292680426228e-35,0.941098690980037,0.957,0.544,4.49282805303028e-31,"15","H2AFY"
2.74099601487922e-35,2.90239203826942,0.341,0.036,4.88116570329692e-31,"15","DNAAF1"
3.32137710896553e-35,1.14309980488035,0.774,0.309,5.91470835564581e-31,"15","SCPEP1"
3.9523278683058e-35,1.93065091081024,0.498,0.121,7.03830546787897e-31,"15","FCGR1A"
4.79110294149061e-35,1.11530510859687,0.586,0.18,8.53199611820648e-31,"15","RNF144B"
4.90939584971542e-35,1.36284157157323,0.791,0.291,8.74265212917323e-31,"15","SYK"
4.9949445362356e-35,1.20724437955072,0.653,0.213,8.89499723012835e-31,"15","APOBEC3A"
5.25441351674201e-35,1.91677766320867,0.514,0.125,9.35705959061418e-31,"15","TBC1D9"
5.65547308558851e-35,1.4233555683535,0.636,0.211,1.0071266470816e-30,"15","KIAA0930"
5.77365002007036e-35,1.11111564147535,0.793,0.353,1.02817159557413e-30,"15","RAB10"
7.07065594919792e-35,1.87561719107301,0.449,0.111,1.25914241143317e-30,"15","NFKBIE"
9.87582299958445e-35,1.76615345696858,0.587,0.156,1.758686559766e-30,"15","SLC31A2"
1.10737787478443e-34,1.67833642401865,0.529,0.152,1.9720185194161e-30,"15","BMP2K"
1.1576285289583e-34,1.47026588486559,0.543,0.17,2.06150488436894e-30,"15","MPP1"
2.3749500025273e-34,1.55239959285431,0.65,0.203,4.22931096450062e-30,"15","PRKCD"
2.83346589218045e-34,1.24963725728076,0.71,0.27,5.04583606079495e-30,"15","AZIN1"
3.15368182714002e-34,0.765310932207365,0.782,0.32,5.61607659777096e-30,"15","MEF2C"
3.38067336183323e-34,0.86643167698263,0.904,0.504,6.02030312275262e-30,"15","RHOG"
3.49586266995884e-34,2.21262375632095,0.475,0.095,6.2254322426627e-30,"15","NFE2"
3.67941150278644e-34,0.773064360363784,0.739,0.32,6.5522960041621e-30,"15","SAMSN1"
3.88874157654903e-34,1.75636639779841,0.585,0.16,6.92507099951851e-30,"15","EVI5"
4.66165527472582e-34,1.96636933923049,0.599,0.145,8.30147571323174e-30,"15","NFAM1"
4.9189443129187e-34,1.52135281032072,0.471,0.119,8.75965603244562e-30,"15","RASGEF1B"
5.22045949613063e-34,1.29758126928885,0.745,0.275,9.29659427070942e-30,"15","ITGAM"
6.03808375152369e-34,1.57748580118821,0.551,0.174,1.07526195447134e-29,"15","VNN2"
8.1033433618844e-34,1.71726251450615,0.524,0.142,1.44304338588437e-29,"15","LPCAT2"
8.57690032537312e-34,2.18222032112508,0.399,0.062,1.52737440994245e-29,"15","CXCL2"
1.54593396631718e-33,0.768089598993615,0.943,0.509,2.75299920721763e-29,"15","CTSD"
1.73380710998531e-33,1.34093636458291,0.666,0.234,3.08756370146184e-29,"15","MFSD1"
6.52830294363936e-33,1.76759737376696,0.546,0.171,1.1625601882033e-28,"15","MID1IP1"
7.76368112681458e-33,1.06837329494666,0.771,0.337,1.38255633506314e-28,"15","CUX1"
1.38074496305074e-32,1.33481327130714,0.611,0.208,2.45883063020076e-28,"15","APOBR"
1.52139954994741e-32,1.93203747600541,0.44,0.107,2.70930831854635e-28,"15","GK"
1.54532180906967e-32,2.41844531989691,0.435,0.079,2.75190907759127e-28,"15","SIGLEC14"
2.0519218872969e-32,2.16996654225845,0.448,0.093,3.65406249689832e-28,"15","GLT1D1"
2.65597417802171e-32,1.50579799576155,0.461,0.136,4.72975881622106e-28,"15","CXCL16"
3.00471788268764e-32,1.31154957304802,0.633,0.226,5.35080160549014e-28,"15","JAK2"
3.07512313750896e-32,1.1509531476024,0.682,0.272,5.47617928327596e-28,"15","SPTLC2"
3.14311161185787e-32,1.5902214680465,0.534,0.159,5.5972531583965e-28,"15","FGD4"
3.21136452870785e-32,1.34078290525036,0.559,0.186,5.71879795272294e-28,"15","CKAP4"
3.56373669985945e-32,0.926871720288376,0.87,0.467,6.34630231510971e-28,"15","PLP2"
4.12645309193192e-32,1.22242080769811,0.63,0.199,7.34838766611236e-28,"15","CSF1R"
4.50961130137752e-32,1.24568491822583,0.795,0.327,8.03071580549309e-28,"15","EHBP1L1"
5.02978463844349e-32,1.55404643684702,0.602,0.173,8.95704048414016e-28,"15","SHTN1"
5.20524859892094e-32,1.48912280175633,0.579,0.179,9.26950670495841e-28,"15","KYNU"
5.26881421109414e-32,1.68075049255492,0.351,0.078,9.38270434711645e-28,"15","STEAP4"
6.18937598841732e-32,0.878028379311545,0.939,0.556,1.10220407601736e-27,"15","FKBP1A"
7.07492234314343e-32,1.37695792375579,0.646,0.229,1.25990217086698e-27,"15","C20orf27"
9.64523568303542e-32,2.20312870936626,0.369,0.079,1.71762357043495e-27,"15","RAB20"
1.62330226406339e-31,2.14943113338012,0.458,0.098,2.89077667184408e-27,"15","WDFY3"
1.76824975161066e-31,1.75861318090072,0.449,0.115,3.14889915766827e-27,"15","HOMER3"
2.68218263143218e-31,1.18545587237354,0.753,0.294,4.77643083005443e-27,"15","SH3BP2"
2.76666689798658e-31,1.50223080461068,0.645,0.211,4.9268804119345e-27,"15","DUSP6"
3.0477015077631e-31,1.57971953007086,0.592,0.179,5.42734684502453e-27,"15","ZSWIM6"
6.28218745528582e-31,1.16553537043211,0.84,0.378,1.1187319420373e-26,"15","ATG3"
7.44432635906487e-31,1.6501435505892,0.469,0.128,1.32568563802227e-26,"15","LTBR"
1.03917929755709e-30,1.28244493632413,0.647,0.225,1.85057049308966e-26,"15","ALOX5"
1.25841462486833e-30,0.748112314320903,0.905,0.464,2.24098476396552e-26,"15","TIMP1"
1.49346785630719e-30,1.16427896082368,0.798,0.318,2.65956755851184e-26,"15","SNX10"
2.48723471151864e-30,0.811497324736262,0.989,0.74,4.42926757427239e-26,"15","ANXA1"
2.69580087428303e-30,1.80939111141887,0.472,0.121,4.80068219692322e-26,"15","C3AR1"
5.01372145968093e-30,1.23650815387561,0.681,0.247,8.92843517539979e-26,"15","LILRB1"
5.97476040239391e-30,0.835216885937704,0.824,0.435,1.06398533245831e-25,"15","TPM4"
7.01446343900041e-30,1.90463582913211,0.435,0.104,1.24913564921719e-25,"15","ITPRIP"
7.19353358554727e-30,0.72762590243333,0.928,0.532,1.28102446091426e-25,"15","C1orf162"
7.68478631148074e-30,1.22869609376699,0.813,0.331,1.36850674634849e-25,"15","GLUL"
1.5394858624711e-29,1.61306374042075,0.449,0.125,2.74151642388854e-25,"15","AL034397.3"
1.96160712322546e-29,1.18249060556303,0.685,0.257,3.49322996503991e-25,"15","BLVRA"
2.10328452966468e-29,1.77240534169465,0.413,0.109,3.74552909042686e-25,"15","DAPK1"
2.18615565802013e-29,2.30596147621711,0.403,0.078,3.89310599580225e-25,"15","CES1"
3.18183290559492e-29,0.293948487025129,0.958,0.527,5.66620803828344e-25,"15","FOS"
3.31129971105076e-29,1.36838327672697,0.594,0.165,5.8967625254392e-25,"15","SMIM25"
3.39859968831484e-29,1.13633488423682,0.718,0.269,6.05222632495107e-25,"15","ITGAX"
3.56743973048845e-29,2.41257861113052,0.335,0.06,6.35289667205383e-25,"15","AC005280.2"
3.92793211924107e-29,2.46930342670191,0.349,0.061,6.9948615179445e-25,"15","PLA2G7"
6.23038292567246e-29,0.666533103963992,0.944,0.577,1.10950659140375e-24,"15","REL"
7.10353878349367e-29,1.70802561969741,0.519,0.145,1.26499818656455e-24,"15","PPIF"
9.92414760480794e-29,1.49692065145186,0.517,0.156,1.7672922054642e-24,"15","NAGA"
1.02987819001882e-28,1.23211886969013,0.683,0.247,1.83400708078552e-24,"15","GNS"
1.55730908588125e-28,1.1083912684421,0.619,0.203,2.77325602013733e-24,"15","RBP7"
2.10643460972741e-28,0.80525162866236,0.944,0.658,3.75113875300257e-24,"15","BTG2"
2.33450220726692e-28,1.58553900360789,0.535,0.163,4.15728153070093e-24,"15","ZFHX3"
2.37555030429855e-28,1.25309807006216,0.548,0.193,4.23037998189486e-24,"15","OSBPL11"
2.55478146315849e-28,1.23082481836132,0.563,0.2,4.54955482959263e-24,"15","SH2B3"
2.93392848812908e-28,1.69776569416272,0.464,0.12,5.22473985166026e-24,"15","ZC3H12A"
2.99727336969787e-28,1.33541906947846,0.645,0.214,5.33754441675797e-24,"15","CREG1"
3.09216877362584e-28,1.22695836394927,0.519,0.179,5.5065341520729e-24,"15","CIITA"
3.30148764899753e-28,2.00374150620621,0.43,0.093,5.87928920533481e-24,"15","CCR2"
3.59556043330532e-28,1.34259657063667,0.571,0.188,6.40297401963011e-24,"15","CD86"
3.86605226323516e-28,1.2844062303805,0.558,0.191,6.88466587036917e-24,"15","NUDT16"
3.8991456884795e-28,1.98985272027328,0.453,0.111,6.94359864204429e-24,"15","LILRB4"
4.28794405703163e-28,1.02421884642853,0.855,0.414,7.63597077676193e-24,"15","MIDN"
4.50090022573485e-28,2.07150491378913,0.42,0.093,8.01520312198863e-24,"15","CLMN"
4.51784262823382e-28,1.81376015535238,0.427,0.106,8.04537415235878e-24,"15","CRYBG3"
4.77081633473002e-28,1.31088216618052,0.604,0.214,8.49586972888722e-24,"15","DENND3"
5.02076632626947e-28,0.593644300796467,0.982,0.6,8.94098067382067e-24,"15","EFHD2"
7.20950044577175e-28,1.33908312957185,0.69,0.275,1.28386783938303e-23,"15","SLC25A37"
7.84021515509026e-28,1.64165931968056,0.544,0.155,1.39618551481847e-23,"15","ADAP2"
7.87332386892419e-28,1.34006493973106,0.506,0.167,1.40208151457802e-23,"15","KDM1B"
8.01779016994279e-28,1.22974161182466,0.702,0.291,1.42780807346341e-23,"15","SNHG15"
8.09275403517834e-28,1.24938330476584,0.639,0.236,1.44115763858456e-23,"15","IL6R"
8.46957926736464e-28,1.13435178236484,0.794,0.348,1.50826267593229e-23,"15","TMEM154"
9.0117576839527e-28,1.17378954706167,0.583,0.214,1.6048138083583e-23,"15","METTL7A"
1.10680856027958e-27,1.34598644030796,0.645,0.22,1.97100468414588e-23,"15","ATP6V1A"
1.34588720021185e-27,1.52549274261453,0.495,0.145,2.39675592613726e-23,"15","LILRA1"
1.44166687048008e-27,1.27910250177314,0.609,0.222,2.56732036295093e-23,"15","ACSL4"
1.53335925770035e-27,1.08841422883199,0.784,0.347,2.73060616611278e-23,"15","CD4"
1.61802558471129e-27,1.48906915384932,0.472,0.143,2.88137996125386e-23,"15","AC096667.1"
1.87945821252064e-27,1.17304486544135,0.837,0.374,3.34693918485675e-23,"15","RAB11FIP1"
2.70814963671255e-27,1.18205726114928,0.428,0.119,4.82267287305771e-23,"15","THBS1"
3.37481485427725e-27,4.03693037373451,0.279,0.018,6.00987029249693e-23,"15","AC073352.2"
3.65895111174856e-27,3.20030602245879,0.266,0.028,6.51586013980183e-23,"15","AC116366.1"
3.86795781189207e-27,1.8347441716803,0.461,0.117,6.88805927141741e-23,"15","RASGRP4"
4.63360516046336e-27,1.85482069514511,0.538,0.136,8.25152406975315e-23,"15","TLR8"
6.41484589225383e-27,1.75172649617417,0.484,0.134,1.14235575649256e-22,"15","DSE"
8.42666732237359e-27,0.977164479587709,0.53,0.18,1.50062091676829e-22,"15","HMOX1"
9.7175985484881e-27,1.2141269476345,0.717,0.293,1.73050994951476e-22,"15","ASAP1"
1.28530446035407e-26,2.0672682110192,0.306,0.061,2.28887018299853e-22,"15","FOLR3"
1.29502075000252e-26,2.03890538737016,0.288,0.046,2.30617295160449e-22,"15","KCNJ2"
1.57313013116055e-26,1.2935842136603,0.404,0.132,2.80143013757071e-22,"15","IRF5"
1.92768341173289e-26,1.91759249468275,0.43,0.101,3.43281861961393e-22,"15","ALDH1A1"
1.94329424137253e-26,1.14808148698866,0.61,0.226,3.46061838503621e-22,"15","HEXB"
1.9600888089222e-26,1.38670154050164,0.626,0.215,3.49052615092866e-22,"15","NBPF14"
2.48060904831033e-26,1.55369266695352,0.44,0.129,4.41746859323104e-22,"15","ALDH3B1"
2.64374675619575e-26,1.95511979210269,0.426,0.091,4.70798422343339e-22,"15","TRAF1"
2.94231519530779e-26,1.02947046512013,0.553,0.226,5.23967489980412e-22,"15","PMAIP1"
3.4689198095464e-26,1.06159821371831,0.54,0.218,6.17745239684022e-22,"15","ST8SIA4"
4.3958596055633e-26,1.36141479477021,0.483,0.163,7.82814678558712e-22,"15","ZMIZ1"
4.66366587053338e-26,1.14367646336155,0.599,0.224,8.30505618224583e-22,"15","EIF4EBP1"
4.82944438429996e-26,1.7025775471409,0.358,0.106,8.60027455956137e-22,"15","PTGIR"
7.71452376738225e-26,3.00184567075977,0.3,0.035,1.37380239249543e-21,"15","RPH3A"
1.22087686809124e-25,1.19817120470097,0.523,0.193,2.17413752669688e-21,"15","BASP1"
1.67400114323626e-25,1.05323217626635,0.695,0.264,2.98106123587514e-21,"15","WARS"
1.80566198487755e-25,1.28353993496672,0.432,0.157,3.21552286266993e-21,"15","PSMA6"
1.85260295878684e-25,1.33629771113692,0.545,0.196,3.29911534900761e-21,"15","GCH1"
1.90245996784821e-25,1.3862062963448,0.533,0.177,3.3879007107441e-21,"15","DENND5A"
1.95481095961023e-25,1.09703216237349,0.588,0.23,3.4811273568739e-21,"15","SGK3"
2.42241662974462e-25,1.18523144067996,0.524,0.195,4.31383953424922e-21,"15","SLC36A4"
2.76152079772673e-25,1.23907568374519,0.763,0.329,4.91771623659177e-21,"15","MYADM"
3.55905329039779e-25,1.55064729920258,0.415,0.121,6.33796209954039e-21,"15","NPL"
3.65899144495572e-25,0.735555874783356,0.881,0.489,6.51593196517715e-21,"15","CMTM6"
3.67497552824045e-25,0.944918319104761,0.46,0.185,6.5443964206906e-21,"15","CPD"
4.85971461488311e-25,1.05311207453637,0.509,0.196,8.65417978618385e-21,"15","FGD2"
7.32944887472868e-25,0.711853181210001,0.937,0.558,1.30522825561168e-20,"15","HLA-DPA1"
7.52946958106902e-25,1.40256262759416,0.546,0.175,1.34084794299677e-20,"15","CORO1C"
7.73172826014536e-25,1.17969514140906,0.522,0.174,1.37686616856669e-20,"15","TMEM170B"
8.95157761469144e-25,1.24477734912787,0.565,0.205,1.59409694162425e-20,"15","RARA"
9.70650395234994e-25,1.65091638561692,0.434,0.12,1.72853422383448e-20,"15","HK3"
1.1346276279854e-24,0.919711073727308,0.804,0.366,2.02054487991639e-20,"15","HSBP1"
1.39809957515013e-24,1.61130807151489,0.428,0.123,2.48973572342735e-20,"15","RNF24"
1.42084262487349e-24,1.58630496767632,0.577,0.176,2.53023654637471e-20,"15","SPECC1"
1.81236996149469e-24,2.18271794953966,0.35,0.071,3.22746842742974e-20,"15","FUT4"
1.85003870519367e-24,1.64981419499412,0.359,0.098,3.29454892620889e-20,"15","ITPRIPL2"
2.4273041623004e-24,0.888307819666677,0.694,0.313,4.32254325222454e-20,"15","TNIP1"
2.46965007467776e-24,1.56740741708047,0.449,0.129,4.39795285298615e-20,"15","ATP6V0A1"
2.65017332949878e-24,2.68567355320803,0.324,0.045,4.71942866517142e-20,"15","ARPIN"
3.38087481341891e-24,0.932100810053836,0.788,0.387,6.02066186773639e-20,"15","GBP2"
4.05419940101007e-24,1.4114674578469,0.521,0.166,7.21971829331874e-20,"15","ABHD5"
4.43062089551697e-24,1.54591547905292,0.544,0.163,7.89004969073662e-20,"15","PPM1F"
4.74328132023532e-24,1.25069826052611,0.473,0.168,8.44683537507505e-20,"15","MSRB2"
4.97486233940933e-24,1.36591483667961,0.313,0.098,8.85923485402013e-20,"15","SLC16A6"
5.33064165675632e-24,1.2897867584696,0.568,0.196,9.49280666235165e-20,"15","GAPT"
6.19011503772912e-24,1.44394343414478,0.556,0.214,1.1023356859188e-19,"15","RAP2C"
6.22027483826106e-24,1.11629908027196,0.676,0.268,1.10770654319753e-19,"15","PRKACA"
6.57740307836195e-24,1.27834862671725,0.581,0.234,1.1713039401947e-19,"15","IRS2"
1.18801200717056e-23,1.88291324498317,0.34,0.083,2.11561178236933e-19,"15","INSR"
1.30441328314394e-23,1.09058126583473,0.565,0.209,2.32289917462273e-19,"15","BTK"
1.34016505836012e-23,1.4718897379594,0.574,0.18,2.3865659359277e-19,"15","ARID3A"
1.60111811339415e-23,1.41422254843383,0.464,0.145,2.8512711363323e-19,"15","TTYH3"
1.73584804890328e-23,2.03281040035412,0.376,0.084,3.09119820548696e-19,"15","HK2"
2.14943148383918e-23,1.13143013428354,0.636,0.251,3.82770758642082e-19,"15","CPEB4"
2.34833864827948e-23,1.2933888326688,0.536,0.186,4.18192146485611e-19,"15","RELT"
2.59345212019132e-23,1.76140021633699,0.466,0.124,4.6184195356367e-19,"15","IMPA2"
3.06748334105979e-23,1.77551813772807,0.412,0.102,5.46257433375927e-19,"15","JUP"
4.61529848208443e-23,0.776132279067206,0.855,0.479,8.21892353689595e-19,"15","RNH1"
6.84127775913857e-23,1.098939290233,0.567,0.236,1.2182947433474e-18,"15","TLE3"
7.64702324182718e-23,0.956576458932704,0.769,0.363,1.36178189890458e-18,"15","RNF13"
8.45390084008228e-23,0.335173878605035,1,1,1.50547066160185e-18,"15","MT-ND1"
1.03713540977282e-22,1.6863587087858,0.392,0.109,1.84693073772343e-18,"15","PADI4"
1.06611885674809e-22,2.15509050033768,0.387,0.084,1.898544460097e-18,"15","TLR5"
1.08949294280586e-22,1.38006355931756,0.466,0.142,1.94016903254867e-18,"15","TREM1"
1.10162608889448e-22,2.60052841844376,0.251,0.038,1.96177573910329e-18,"15","LUCAT1"
1.13479764634588e-22,0.736437660884302,0.864,0.506,2.02084764861274e-18,"15","WSB1"
1.36833271806769e-22,1.48965816387564,0.494,0.149,2.43672690433494e-18,"15","ACER3"
1.81979337660433e-22,1.67618839981533,0.316,0.086,3.240688045057e-18,"15","CD300LB"
1.94637626323594e-22,1.05011117940254,0.647,0.26,3.46610684957057e-18,"15","PIK3AP1"
2.11580510809514e-22,1.34883100078139,0.459,0.151,3.76782573649582e-18,"15","PEA15"
2.22564535993874e-22,0.518004129797081,0.987,0.611,3.96342925697892e-18,"15","LGALS1"
2.23267070922985e-22,0.946082833741792,0.821,0.35,3.97593999899651e-18,"15","THEMIS2"
2.56251876381408e-22,0.858085720981554,0.63,0.292,4.56333341460012e-18,"15","AGFG1"
3.6693769150419e-22,2.16519309901176,0.29,0.055,6.53442641030662e-18,"15","HSPA6"
4.29879624271408e-22,1.03446698716753,0.74,0.329,7.65529634902523e-18,"15","PLEC"
5.63213639234622e-22,0.885341978748556,0.814,0.406,1.00297084874901e-17,"15","RNF149"
6.38795240420248e-22,1.25803720177979,0.695,0.273,1.13756656414038e-17,"15","DIAPH2"
8.50309669465757e-22,1.05566898976386,0.601,0.233,1.51423145938462e-17,"15","DAPP1"
1.06375235093095e-21,1.06236924701349,0.511,0.22,1.89433018653783e-17,"15","PLEKHF2"
1.52824871484274e-21,1.05584955601891,0.724,0.305,2.72150531139195e-17,"15","CTSA"
1.5324222105475e-21,1.42518799533373,0.586,0.316,2.72893747254298e-17,"15","GPR183"
1.57050049093188e-21,1.41031454708056,0.426,0.138,2.79674727425149e-17,"15","GM2A"
1.64668874179964e-21,1.52167682057618,0.486,0.146,2.9324233113968e-17,"15","DOK3"
1.70965948197255e-21,1.67488326005556,0.419,0.118,3.04456160549671e-17,"15","SORT1"
1.79240776345154e-21,1.02241300474187,0.512,0.201,3.1919197451545e-17,"15","SNN"
2.24207261136943e-21,0.894362624839106,0.609,0.272,3.99268290632667e-17,"15","PLD3"
2.81618661751536e-21,1.33718845755693,0.465,0.155,5.01506512847136e-17,"15","KCNK6"
3.75601021785911e-21,0.832546815163685,0.641,0.284,6.68870299596351e-17,"15","FOSL2"
3.78729522410055e-21,1.03192923478084,0.592,0.218,6.74441533507826e-17,"15","CTBP2"
3.99181383267439e-21,0.730015405612253,0.649,0.315,7.10862207322655e-17,"15","JARID2"
4.39999538486402e-21,1.44711554233557,0.495,0.156,7.83551178136585e-17,"15","MTF1"
4.84115752190933e-21,0.919451655690763,0.556,0.237,8.62113331501613e-17,"15","SCLT1"
5.09714971287458e-21,0.619506070522137,0.71,0.336,9.07700420868705e-17,"15","STX7"
7.64914571973562e-21,1.57351296490706,0.423,0.128,1.36215986977052e-16,"15","CR1"
9.60725920240267e-21,1.31122143879154,0.431,0.145,1.71086071876387e-16,"15","MIR22HG"
9.61355908122451e-21,1.1870444254892,0.542,0.203,1.71198260118446e-16,"15","APP"
1.496671066271e-20,1.59309364565977,0.328,0.09,2.66527183481541e-16,"15","GNA15"
1.86648760932063e-20,1.59475155589965,0.302,0.074,3.32384113467818e-16,"15","MAFF"
1.95005921801611e-20,1.15136300598838,0.507,0.184,3.47266545544308e-16,"15","C15orf39"
2.57180058779602e-20,1.43754951618395,0.486,0.148,4.57986248674716e-16,"15","CD300LF"
2.57843620456483e-20,1.99908816524594,0.301,0.068,4.59167919308905e-16,"15","NLN"
2.77477562615457e-20,0.790957322857454,0.536,0.194,4.94132043505605e-16,"15","EGR1"
3.38311739772659e-20,1.31062396648238,0.468,0.158,6.02465546187152e-16,"15","GIMAP8"
3.40098631678445e-20,1.6540183724777,0.342,0.095,6.05647643292974e-16,"15","MTMR11"
5.61238470691919e-20,1.78639815360431,0.329,0.085,9.9945346860817e-16,"15","LRMDA"
7.37085282305781e-20,0.861445454484446,0.763,0.36,1.31260147073013e-15,"15","MGAT1"
8.85387972745442e-20,1.86106708445841,0.308,0.076,1.57669890186508e-15,"15","F5"
8.95713574580567e-20,0.418670948739714,0.702,0.331,1.59508673361307e-15,"15","MAP3K8"
1.16444877154546e-19,0.733789626103713,0.686,0.326,2.07365037236815e-15,"15","NAAA"
1.40473872517731e-19,1.13042073547496,0.537,0.2,2.50155872179576e-15,"15","FNDC3B"
1.48034164999405e-19,1.94338567866249,0.28,0.062,2.6361924103094e-15,"15","PRRG4"
1.54664322704124e-19,0.9524693900099,0.566,0.228,2.75426225871504e-15,"15","UNC93B1"
2.24930553735326e-19,0.817845401085881,0.623,0.293,4.00556330091868e-15,"15","IVNS1ABP"
2.43181808048623e-19,1.86346992267484,0.35,0.082,4.33058163772988e-15,"15","NLRP12"
3.59857078760781e-19,1.35952435883814,0.427,0.144,6.40833485857199e-15,"15","PHACTR1"
3.77231761336234e-19,1.31104961568761,0.489,0.166,6.71774320587565e-15,"15","ROGDI"
4.25610580561886e-19,1.88668234466728,0.322,0.077,7.57927321864606e-15,"15","RTN1"
4.96474761679153e-19,1.08838965999165,0.516,0.224,8.84122255598235e-15,"15","SLC20A1"
5.68978566910535e-19,1.09190017209178,0.55,0.213,1.01323703195428e-14,"15","ZNF267"
9.10246690376014e-19,1.8586138994522,0.313,0.071,1.62096730622161e-14,"15","FCAR"
9.74241264227556e-19,1.40850497891088,0.397,0.123,1.73492884333643e-14,"15","KIF13A"
9.84512654234752e-19,1.01064451446044,0.529,0.203,1.75322013466125e-14,"15","LYL1"
1.31208502364163e-18,0.70533241960503,0.65,0.324,2.33656101010101e-14,"15","SERPINB9"
1.49122080501675e-18,1.48494149148833,0.393,0.115,2.65556600957382e-14,"15","IL18"
1.73638585849243e-18,1.2213940572484,0.515,0.184,3.09215593680331e-14,"15","CAMKK2"
1.78292713652906e-18,0.987467018737997,0.536,0.222,3.17503664473094e-14,"15","MDM2"
1.8349053662629e-18,1.07626081891472,0.381,0.138,3.26759947624098e-14,"15","SESTD1"
1.8837853550165e-18,0.826471922010887,0.443,0.194,3.35464496021337e-14,"15","PSTPIP2"
2.00236881282962e-18,0.807476725041472,0.671,0.312,3.56581838188698e-14,"15","SEC14L1"
2.07757768341146e-18,1.8586749461638,0.26,0.07,3.69975033861913e-14,"15","SASH1"
2.16817173415118e-18,1.15306438076034,0.363,0.134,3.86108022417642e-14,"15","LMNB1"
2.85601196303806e-18,0.892275875014701,0.295,0.116,5.08598610377818e-14,"15","RPGR"
3.84534772808838e-18,2.29718248449158,0.304,0.059,6.84779523417978e-14,"15","PADI2"
3.85437620005953e-18,0.8348804602669,0.342,0.137,6.86387313706601e-14,"15","CCDC112"
5.57487785694988e-18,1.53042236793518,0.404,0.115,9.92774248765635e-14,"15","FRMD4B"
5.67477143155181e-18,0.715634609547061,0.747,0.319,1.01056329653075e-13,"15","METRNL"
7.04746635404325e-18,1.66717021373191,0.355,0.101,1.25501280832802e-13,"15","CNTLN"
7.07419152010695e-18,1.2474979194798,0.315,0.108,1.25977202590065e-13,"15","P2RX7"
7.67858743333118e-18,1.16873266124724,0.475,0.164,1.36740285012762e-13,"15","SIRPB1"
9.90517082380903e-18,1.29260215402715,0.407,0.131,1.76391282030391e-13,"15","F13A1"
1.07786414656466e-17,1.65682723919497,0.366,0.097,1.91946047220235e-13,"15","HPSE"
1.17443225647546e-17,1.80510255035554,0.263,0.061,2.0914289623315e-13,"15","MARC1"
1.2391091722185e-17,1.62691815079577,0.261,0.071,2.20660561388671e-13,"15","HIP1"
2.30974076512735e-17,0.890447675869027,0.848,0.718,4.11318635453879e-13,"15","H1FX"
2.75874156077649e-17,0.38415470175234,0.998,0.972,4.91276697143077e-13,"15","SH3BGRL3"
4.05545670053958e-17,1.08145642745969,0.368,0.13,7.22195729232088e-13,"15","GSN"
4.06172955392305e-17,1.44176619665407,0.374,0.107,7.23312798962617e-13,"15","QPCT"
4.58548215369778e-17,0.502515498540941,0.653,0.359,8.16582661930501e-13,"15","NBPF19"
6.31934365288982e-17,1.26620860494749,0.505,0.169,1.12534871770662e-12,"15","SECTM1"
7.61824424878827e-17,1.43332297153118,0.336,0.095,1.35665693582422e-12,"15","VEGFA"
1.04300848042675e-16,0.885954045230917,0.602,0.254,1.85738950194395e-12,"15","MAPKAPK3"
1.17911908378847e-16,0.863271600446524,0.413,0.161,2.09977526441051e-12,"15","JDP2"
1.19131952886117e-16,0.816696439603604,0.563,0.258,2.12150181699598e-12,"15","NBN"
1.636375820556e-16,0.612086389518727,0.808,0.476,2.91405806124613e-12,"15","EIF1B"
1.65274638284515e-16,1.89367025004665,0.268,0.065,2.94321075857064e-12,"15","CPM"
2.32840113457442e-16,0.770312679572719,0.719,0.32,4.14641674045012e-12,"15","LGALS9"
4.13762173215547e-16,1.87841405655412,0.452,0.185,7.36827678062247e-12,"15","SOX4"
5.84381174079479e-16,0.554792907549381,0.864,0.504,1.04066599480074e-11,"15","PTPN6"
6.11466255285553e-16,1.96153267750001,0.293,0.065,1.08889910741251e-11,"15","OLIG1"
6.90917960791378e-16,1.46901774374029,0.259,0.075,1.23038670457729e-11,"15","GPAT3"
8.47822310691413e-16,1.08442815424284,0.417,0.146,1.50980197087927e-11,"15","CEBPA"
9.76571663440507e-16,0.570677697510828,0.649,0.336,1.73907881825485e-11,"15","NFKB1"
1.00770881633896e-15,1.46117247781019,0.355,0.105,1.79452786013642e-11,"15","LILRA6"
1.28187358070606e-15,1.01974591496725,0.425,0.163,2.28276047252136e-11,"15","SAP30"
1.9699178722317e-15,1.44000986101152,0.261,0.081,3.5080297468702e-11,"15","ASRGL1"
3.21399669327357e-15,1.13553623424102,0.356,0.132,5.72348531138157e-11,"15","MAFG"
4.00461165144978e-15,1.29014397460852,0.378,0.127,7.13141242890177e-11,"15","FUCA1"
6.41817794854833e-15,0.840107588615233,0.452,0.196,1.14294912907749e-10,"15","SCARB2"
9.9726199656541e-15,1.16465257357823,0.426,0.146,1.77592416348368e-10,"15","B4GALT5"
1.00234193815975e-14,1.13406134381982,0.311,0.104,1.78497052347488e-10,"15","SIGLEC7"
1.1117968262851e-14,0.701931364538068,0.553,0.259,1.9798877882485e-10,"15","ORAI2"
1.11326866739084e-14,1.34688462145662,0.359,0.132,1.9825088428896e-10,"15","ANKRD28"
1.49218498584896e-14,0.570245821233556,0.568,0.255,2.65728302279982e-10,"15","SULT1A1"
1.52259503148015e-14,0.970952541772445,0.48,0.181,2.71143723205986e-10,"15","KLF4"
1.86597037270588e-14,2.071493551266,0.306,0.064,3.32292003971464e-10,"15","SGMS2"
2.46517116809562e-14,1.48549175917327,0.397,0.116,4.38997681614468e-10,"15","MICAL2"
2.56877739456124e-14,0.445539902800244,0.703,0.398,4.57447878423465e-10,"15","LIMS1"
2.75198556702465e-14,0.972960455415702,0.438,0.18,4.9007358977575e-10,"15","TRPS1"
2.86497099637387e-14,0.443640930191005,0.906,0.592,5.10194035034259e-10,"15","HLA-DPB1"
3.87980723767598e-14,1.23601734519984,0.266,0.088,6.90916072885338e-10,"15","MARCO"
5.36537034462405e-14,0.430535118665529,0.913,0.649,9.55465150970651e-10,"15","CSTB"
5.39702598326892e-14,1.82992098934892,0.337,0.083,9.61102387100529e-10,"15","ADAMTSL4"
5.95016851453892e-14,1.60230118480808,0.281,0.08,1.05960600906909e-09,"15","DST"
6.58875374977786e-14,1.73067773059942,0.255,0.06,1.17332526776044e-09,"15","S1PR3"
7.32686413221728e-14,0.79457868846721,0.307,0.13,1.30476796466525e-09,"15","SIDT2"
7.73877308539486e-14,1.46144089136015,0.375,0.111,1.37812071104712e-09,"15","ARHGEF40"
7.82538651231591e-14,0.632782713075141,0.452,0.221,1.39354483011322e-09,"15","FOXO3"
1.0047990156142e-13,0.791819007237637,0.45,0.19,1.78934608700576e-09,"15","TESC"
1.10397206787421e-13,1.10508411402729,0.319,0.11,1.9659534584704e-09,"15","RAPGEF2"
1.44464982852059e-13,0.266768121002313,0.607,0.26,2.57263241462946e-09,"15","CX3CR1"
1.69259230990028e-13,1.32664269580049,0.335,0.11,3.01416838547042e-09,"15","SLC12A7"
1.80150855377654e-13,1.3807433322853,0.281,0.085,3.20812643256526e-09,"15","RIN2"
1.95101453424612e-13,1.07787806640739,0.412,0.151,3.47436668258549e-09,"15","AC020916.1"
2.65334373326631e-13,0.898906449538586,0.436,0.177,4.72507452020065e-09,"15","FBP1"
2.74502990563597e-13,1.1659889991234,0.403,0.142,4.88834925595654e-09,"15","MGST2"
3.65373762051855e-13,0.823462973724197,0.353,0.125,6.50657595461943e-09,"15","ARHGAP24"
5.12387593003472e-13,0.571073303779761,0.707,0.401,9.12459825620583e-09,"15","HIST2H2AC"
5.19964892785852e-13,0.960562053487866,0.559,0.238,9.25953481073046e-09,"15","FAM129A"
6.66978992396263e-13,1.78402881940031,0.286,0.07,1.18775618965926e-08,"15","FPR2"
6.68393733986977e-13,0.901147320418937,0.282,0.1,1.19027556148401e-08,"15","DRAM1"
6.94984969992282e-13,1.52595581560768,0.274,0.082,1.23762923456226e-08,"15","LINC01678"
1.00744592429002e-12,0.824320485004475,0.304,0.128,1.79405970197566e-08,"15","MAPK6"
1.17194782400273e-12,0.642967811432615,0.561,0.283,2.08700468498407e-08,"15","STAT2"
1.20809006735411e-12,1.66134633365579,0.267,0.068,2.15136679194419e-08,"15","BATF3"
1.25558650795354e-12,0.600745850596255,0.843,0.486,2.23594845336366e-08,"15","MIS18BP1"
1.51935288631935e-12,0.250333792400431,1,1,2.70566361995751e-08,"15","MT-CO1"
1.59474505927698e-12,0.881649258010997,0.341,0.14,2.83992200156045e-08,"15","CAMK1"
1.6260719710787e-12,0.761288890359077,0.529,0.232,2.89570896609694e-08,"15","IRF8"
1.80043075046098e-12,1.87844786522134,0.289,0.071,3.20620708042091e-08,"15","ACPP"
1.89440340345088e-12,1.00523463283339,0.354,0.14,3.37355358086533e-08,"15","QSOX1"
2.25300811871195e-12,0.975243155798564,0.439,0.177,4.01215685780225e-08,"15","TIAM1"
2.32598130435799e-12,1.37363646073754,0.26,0.086,4.14210750680071e-08,"15","S100Z"
2.65478256785716e-12,1.08098497876957,0.292,0.124,4.72763679684003e-08,"15","ZBTB10"
2.98490347921749e-12,0.649025460575426,0.38,0.146,5.31551611579051e-08,"15","TCF7L2"
5.70640311009391e-12,0.949310367075221,0.347,0.142,1.01619626584552e-07,"15","DHX57"
5.84819379224554e-12,0.915229378412893,0.403,0.158,1.04144635052309e-07,"15","NFIL3"
6.11718865913586e-12,0.796318256210944,0.327,0.138,1.08934895641891e-07,"15","GPBAR1"
1.35085455784643e-11,1.16530522051926,0.287,0.097,2.40560179661293e-07,"15","GOLIM4"
1.42865432537701e-11,0.890467507236491,0.57,0.248,2.54414762263137e-07,"15","LFNG"
1.77438141799501e-11,0.491767905882329,0.516,0.253,3.15981842916552e-07,"15","SMIM14"
2.68823799182214e-11,0.416599156956523,0.533,0.286,4.78721421583687e-07,"15","IL6ST"
2.92719705530522e-11,1.1787565465741,0.25,0.089,5.21275251608754e-07,"15","CD300C"
2.92772842375097e-11,0.695309241102224,0.603,0.299,5.21369877701572e-07,"15","LAP3"
3.22668738447416e-11,1.28970894977086,0.271,0.092,5.74608489427158e-07,"15","MYOF"
3.31845075495392e-11,1.01729647115888,0.313,0.125,5.90949710442195e-07,"15","EAF1"
4.81274770664328e-11,0.477765447656928,0.416,0.217,8.57054111599035e-07,"15","CAMK2D"
9.02319748930356e-11,0.782138323662628,0.381,0.17,1.60685100889518e-06,"15","RUFY3"
1.21155994397596e-10,1.17589749605947,0.289,0.1,2.15754594823239e-06,"15","STAB1"
1.27968257965416e-10,0.928751394793221,0.365,0.149,2.27885873784813e-06,"15","SRGAP2B"
2.07686601147813e-10,1.36762983418736,0.264,0.084,3.69848299324026e-06,"15","TRIB1"
3.10099228167363e-10,0.304260949472215,0.492,0.264,5.5222470552044e-06,"15","PTGER2"
3.82133810846629e-10,0.642752038110887,0.412,0.193,6.80503890355677e-06,"15","ATP13A3"
4.73243732673837e-10,0.634136259347265,0.516,0.222,8.42752439145568e-06,"15","HVCN1"
4.73754421384916e-10,0.416131899140735,0.805,0.491,8.43661873602258e-06,"15","ATP2B1"
5.32442299523269e-10,0.635252498234834,0.532,0.26,9.48173246991037e-06,"15","CARD19"
6.48109866468891e-10,0.932166746451315,0.303,0.121,1.1541540502078e-05,"15","HDAC9"
1.14295676526247e-09,0.832422626811835,0.351,0.146,2.03537740757941e-05,"15","PLCB1"
1.24929989557722e-09,0.46538364724154,0.404,0.212,2.22475325404392e-05,"15","SKIL"
1.34657306211293e-09,0.604463935912651,0.433,0.188,2.39797730901071e-05,"15","RGS18"
1.59347648946167e-09,0.638162135696571,0.323,0.169,2.83766293243334e-05,"15","CITED4"
1.63050139422652e-09,1.25106984066318,0.369,0.126,2.9035968828386e-05,"15","MOSPD2"
2.91355004814306e-09,0.909765572066146,0.276,0.12,5.18844992573316e-05,"15","CHML"
3.10677227953421e-09,0.861944786040775,0.25,0.1,5.53254007539452e-05,"15","TSPAN4"
4.55435712848118e-09,0.700811231416383,0.281,0.097,8.11039917439929e-05,"15","CD40"
5.4209930699942e-09,0.296860367673854,0.572,0.314,9.65370445904567e-05,"15","PHACTR2"
6.03487863571397e-09,0.553727199287371,0.462,0.255,0.000107469118744794,"15","ZNF281"
6.31618492160965e-09,0.414647689943701,0.649,0.379,0.000112478621084025,"15","CTNNB1"
9.66306984485583e-09,0.677383647718543,0.478,0.245,0.000172079947797193,"15","IFRD1"
1.65929843874857e-08,0.826781115688777,0.325,0.127,0.000295487865972345,"15","FAM110A"
2.79361921391453e-08,0.597099035209793,0.277,0.124,0.000497487709613899,"15","RNASE2"
3.56166801926722e-08,0.82170006170769,0.449,0.203,0.000634261840871106,"15","BHLHE40"
4.67681917514664e-08,0.422078426919743,0.447,0.205,0.000832847958710114,"15","RHOB"
5.66161541620563e-08,0.293750404117568,0.361,0.211,0.0010082204733179,"15","APOL3"
1.06515112056169e-07,0.965115267522496,0.33,0.123,0.00189682111549625,"15","SIGLEC10"
1.07239207887601e-07,0.461253940784383,0.534,0.305,0.00190971581406241,"15","EHD1"
1.89364301839447e-07,0.381659584305898,0.58,0.33,0.00337219948715687,"15","CHMP1B"
2.40435660542258e-07,0.25808186342948,0.367,0.207,0.00428167824293654,"15","ARL4A"
2.80201236149465e-07,0.358196835028483,0.413,0.207,0.00498982361334967,"15","OAS1"
4.09948789154116e-07,0.393798619300032,0.58,0.323,0.0073003680372565,"15","MX2"
7.47935136723753e-07,0.454744625806517,0.265,0.13,0.0133192289147766,"15","ARHGAP18"
1.41140258904454e-06,0.39183817758733,0.687,0.406,0.0251342573057051,"15","NFE2L2"
2.40474962255327e-06,0.799294074955236,0.349,0.156,0.0428237812784287,"15","EHD4"
3.19932163391452e-06,0.41959119536454,0.421,0.249,0.0569735196567498,"15","GBP1"
4.87690611326071e-06,0.373715362915241,0.439,0.242,0.0868479440649467,"15","LAIR1"
6.15202046069716e-06,0.473028589740697,0.361,0.176,0.109555180364095,"15","HHEX"
1.79208167256276e-05,0.700005616561105,0.276,0.12,0.319133904249977,"15","MCOLN1"
2.17865625710877e-05,0.333240987953933,0.769,0.557,0.387975106265929,"15","TMPO"
2.62536554378517e-05,0.263290902579432,0.341,0.177,0.467525096037263,"15","CCDC50"
7.64552227705545e-05,0.317342302836355,0.347,0.188,1,"15","KCNQ1OT1"
9.10795319406822e-05,0.370232377950503,0.673,0.435,1,"15","SLC2A3"
0.000150775010283289,0.324975964841236,0.409,0.227,1,"15","PARP9"
0.000248014204081136,0.558778074390165,0.27,0.137,1,"15","SLC35E3"
0.0014044826624545,0.276569715516112,0.814,0.607,1,"15","HMGB2"
0.00188048516276078,0.600426996962597,0.251,0.117,1,"15","BTG3"
7.66407654434941e-137,2.54402859618186,0.999,0.481,1.36481875101774e-132,"16","CCL5"
1.26752799192892e-136,2.84168412060554,0.978,0.188,2.25721384802702e-132,"16","GZMH"
2.59529336456966e-134,2.72976363715593,0.989,0.209,4.62169842362564e-130,"16","GZMB"
6.03304095542696e-133,2.61198109467774,0.998,0.286,1.07436393334243e-128,"16","CST7"
1.6412270287168e-132,2.7074049821838,0.989,0.223,2.92269709273888e-128,"16","PRF1"
2.39262241003788e-132,2.83864987667496,0.913,0.133,4.26078198779546e-128,"16","KLRF1"
2.5355303867256e-132,2.68023997423674,0.994,0.413,4.51527251268095e-128,"16","GNLY"
5.60788084630324e-131,2.83626008385025,0.954,0.189,9.98651421109681e-127,"16","FGFBP2"
2.18381033749599e-129,2.43903907774885,1,0.454,3.88892944901287e-125,"16","NKG7"
4.52733440531909e-129,2.48141167793124,0.986,0.213,8.06227710899224e-125,"16","KLRD1"
2.68716150184148e-124,3.06735249852384,0.893,0.12,4.78529720247931e-120,"16","TRDC"
5.48718639342323e-124,2.23150550386315,0.962,0.236,9.77158152940809e-120,"16","FCGR3A"
1.91096029404887e-118,2.22156010648874,0.99,0.293,3.40303809164222e-114,"16","GZMA"
6.86721124046546e-118,2.49634720109077,0.962,0.278,1.22291297770209e-113,"16","CTSW"
1.09387020298652e-117,2.2741485574743,0.974,0.408,1.94796405747839e-113,"16","CD247"
5.6037282804681e-116,5.1386536041866,0.77,0.039,9.97911932185759e-112,"16","KLRC2"
5.07387732423559e-107,1.96448277593,0.975,0.476,9.03556073899873e-103,"16","SYNE2"
2.14326122050918e-103,2.77101031058348,0.803,0.126,3.81671958148275e-99,"16","ADGRG1"
3.2729485027108e-95,2.27181399409262,0.866,0.229,5.82846669362739e-91,"16","HOPX"
3.99386222597617e-94,1.52155169488143,0.978,0.601,7.11226985201836e-90,"16","EFHD2"
2.76944951634537e-87,2.22360581087655,0.776,0.146,4.93183569870783e-83,"16","SPON2"
6.37740356313002e-81,2.05333818955685,0.878,0.379,1.13568802652219e-76,"16","SYNE1"
1.57885541005006e-80,2.17548501118108,0.824,0.242,2.81162571421715e-76,"16","PYHIN1"
2.52721870006058e-80,2.56109026914326,0.735,0.178,4.50047106106788e-76,"16","CEP78"
9.69942828862256e-79,1.72592278117482,0.92,0.377,1.72727418963791e-74,"16","GZMM"
3.99861435165979e-78,2.54173502509267,0.645,0.108,7.12073243743576e-74,"16","S1PR5"
2.77844513649432e-77,1.27799394386138,0.987,0.72,4.94785509906909e-73,"16","ARL4C"
2.49011268247607e-75,2.07800334641574,0.791,0.257,4.43439266495338e-71,"16","C12orf75"
1.56424338708869e-70,2.0334596127164,0.757,0.223,2.78560462372754e-66,"16","MYBL1"
4.59160030549598e-70,1.96901072624267,0.786,0.251,8.17672182402724e-66,"16","SAMD3"
7.05566208851309e-70,1.99631210609047,0.668,0.141,1.25647230472241e-65,"16","CLIC3"
1.69093047572591e-69,2.61811557645094,0.654,0.114,3.01120899117271e-65,"16","C1orf21"
2.61749830956568e-68,2.19430496899565,0.796,0.329,4.66124098967457e-64,"16","GNPTAB"
1.43493439608085e-66,1.95808148680514,0.64,0.166,2.55533117254079e-62,"16","MATK"
3.13190751840977e-66,2.305057272793,0.653,0.166,5.57730090878412e-62,"16","LINC01871"
1.16199354669129e-63,1.8654031767326,0.702,0.163,2.06927810794785e-59,"16","IL2RB"
3.32175801207282e-62,1.50355632138578,0.871,0.428,5.91538666789928e-58,"16","CD7"
5.27015909904067e-61,2.96986115472242,0.58,0.079,9.38509932357163e-57,"16","FCRL6"
6.13867163944089e-60,1.97647865782344,0.695,0.259,1.09317464555163e-55,"16","PRDM1"
1.1347338667606e-57,2.79265750878955,0.562,0.08,2.02073406992728e-53,"16","PRSS23"
2.65280544552495e-55,0.966957285244058,0.973,0.855,4.72411593739083e-51,"16","IFITM2"
2.30993204299591e-54,2.4652420864534,0.561,0.106,4.11352698216711e-50,"16","TBX21"
2.87440638713766e-54,0.423931926222939,1,1,5.11874289421474e-50,"16","TMSB4X"
5.24234963201652e-54,2.64396537234791,0.524,0.095,9.33557622469502e-50,"16","TTC38"
1.3284664769127e-51,2.16370792808159,0.647,0.209,2.36573310208613e-47,"16","SYTL3"
3.03409317980207e-51,2.39728310526859,0.467,0.085,5.40311313459152e-47,"16","PTGDR"
1.04646153066087e-50,1.85372904286011,0.713,0.32,1.86353869380089e-46,"16","APOBEC3G"
7.33675920517907e-50,2.90470688598235,0.453,0.065,1.30653007925829e-45,"16","F2R"
1.21466228441135e-49,1.98292275407381,0.681,0.259,2.16307059607973e-45,"16","CX3CR1"
4.63531351962329e-49,2.3334963420371,0.545,0.119,8.25456631574515e-45,"16","TGFBR3"
3.00826316108353e-47,1.309381429907,0.873,0.492,5.35711503725755e-43,"16","CD2"
1.6874830217398e-45,0.91243840411733,0.914,0.623,3.00506976511424e-41,"16","ID2"
2.25604682325659e-42,2.04978542550564,0.543,0.142,4.01756818285533e-38,"16","NCR3"
1.50136032223821e-40,2.17806707948481,0.424,0.106,2.67362246184181e-36,"16","SH2D2A"
2.45110867707994e-39,1.17336840738776,0.835,0.395,4.36493433214396e-35,"16","TRBC1"
2.4985794801498e-39,3.17543730226791,0.351,0.045,4.44947033825076e-35,"16","COL6A2"
5.999659506344e-39,2.42579617565209,0.422,0.083,1.06841936488974e-34,"16","TIGIT"
6.3071215734571e-38,3.37037146546826,0.35,0.036,1.12317220980124e-33,"16","RGS9"
1.39063124091495e-37,1.19724070190545,0.811,0.565,2.47643611382135e-33,"16","HIST1H1E"
5.05468534342296e-37,2.40804523980748,0.489,0.147,9.00138365956761e-33,"16","ASCL2"
7.95564814734811e-37,1.73629638015992,0.626,0.228,1.41674182207975e-32,"16","TXK"
2.21504468922754e-36,0.844954502020044,0.849,0.586,3.9445515825764e-32,"16","CD63"
2.38196431329214e-35,0.710763878225675,0.641,0.303,4.24180204911064e-31,"16","KLRB1"
9.74470146680342e-35,1.02250043443221,0.873,0.615,1.73533643720835e-30,"16","ITGB1"
1.81735159284555e-34,2.01024079205317,0.445,0.104,3.23633971653935e-30,"16","TRGC1"
2.68347366293835e-34,1.12939145181419,0.897,0.661,4.77872989896061e-30,"16","IL32"
2.81840136919953e-34,2.09672684248316,0.565,0.253,5.01900915827052e-30,"16","CMC1"
3.06014438852956e-34,2.97427469404568,0.397,0.048,5.44950512709344e-30,"16","NCAM1"
3.11307449993602e-34,2.7606269794518,0.407,0.101,5.54376306948607e-30,"16","PTMS"
1.07854331165714e-33,2.22664483920562,0.511,0.127,1.92066992939904e-29,"16","SLAMF7"
3.91673684129056e-32,1.11465872195235,0.727,0.366,6.97492496697023e-28,"16","RORA"
5.32471482302587e-32,2.0272832210141,0.449,0.149,9.48225215684448e-28,"16","TRG-AS1"
6.11630063859613e-32,0.602739897599169,0.898,0.556,1.0891908177212e-27,"16","PLEK"
1.40650250643202e-31,1.59029860319501,0.481,0.21,2.50469966345415e-27,"16","ABI3"
1.83793892329693e-31,1.00515071456996,0.792,0.577,3.27300163460717e-27,"16","PIK3R1"
8.01984711236489e-30,0.752029841412588,0.854,0.566,1.42817437376994e-25,"16","MYO1F"
1.0557090624045e-29,1.44387940915331,0.532,0.251,1.88000669832994e-25,"16","GBP5"
1.29449554690359e-29,1.0535859547639,0.758,0.513,2.30523766992591e-25,"16","CTSC"
4.34565217330946e-29,3.3921050234652,0.286,0.029,7.73873739022949e-25,"16","MYO6"
4.35654497926004e-29,2.33462244435207,0.322,0.075,7.75813529906628e-25,"16","KIF21A"
1.10304294793115e-28,2.57822777261122,0.334,0.053,1.96429888167579e-24,"16","SH2D1B"
1.47952203409639e-27,1.34173000854548,0.672,0.341,2.63473283831885e-23,"16","IKZF3"
6.0434232702404e-27,1.88516805457473,0.391,0.118,1.07621281596441e-22,"16","SYTL2"
1.63814598186624e-26,0.985351733003887,0.647,0.373,2.9172103645074e-22,"16","LYAR"
4.76083356851633e-26,0.766361219960067,0.874,0.685,8.47809241881387e-22,"16","PLAC8"
5.46734724651301e-25,1.39970860014046,0.511,0.204,9.73625197659037e-21,"16","RHOC"
5.84353412782799e-24,1.85787603560939,0.269,0.064,1.04061655748361e-19,"16","CD160"
5.13455497741005e-23,2.54398720520431,0.264,0.042,9.14361550377182e-19,"16","NCR1"
2.81417864259215e-22,2.45164104694523,0.31,0.058,5.0114893267281e-18,"16","EOMES"
3.21553404235127e-22,1.11358318814188,0.706,0.455,5.72622302261914e-18,"16","SPN"
4.18367508019883e-22,0.993586228961035,0.704,0.517,7.45028858281808e-18,"16","HIST1H1D"
7.62384837808887e-22,0.951143475492408,0.758,0.538,1.35765491917007e-17,"16","MT2A"
6.68845034940605e-21,1.19186174316838,0.57,0.325,1.19107923822223e-16,"16","METRNL"
8.89060038312128e-21,0.607096830155321,0.913,0.718,1.58323811622624e-16,"16","AHNAK"
2.25691704678263e-20,2.05016955273997,0.324,0.071,4.0191178769105e-16,"16","AKR1C3"
2.3588587383331e-20,0.677554281142017,0.879,0.529,4.20065564122358e-16,"16","ZEB2"
3.65365646060992e-20,3.06084478807801,0.283,0.072,6.50643142505415e-16,"16","HBA1"
3.71942314324233e-20,1.19332552432692,0.444,0.234,6.62354873348595e-16,"16","MTSS1"
9.06272114407438e-20,2.6260778663816,0.263,0.046,1.61388938133677e-15,"16","JAKMIP2"
9.16415081456797e-20,3.05267891922293,0.305,0.049,1.63195197705826e-15,"16","TNFRSF18"
4.98369601009255e-19,1.46900386416986,0.428,0.224,8.87496585477282e-15,"16","CTBP2"
3.83454429740312e-18,1.22335975108928,0.341,0.16,6.82855648481548e-14,"16","SH2D1A"
4.82150813986979e-18,0.920678836038322,0.637,0.457,8.58614169548012e-14,"16","HIST1H1C"
3.08247842818704e-17,1.35956625663376,0.48,0.255,5.48927758491548e-13,"16","CD300A"
7.180384444949e-17,1.53470076237314,0.336,0.159,1.27868286195652e-12,"16","MIR4435-2HG"
2.49959771717308e-16,0.512388068949224,0.858,0.657,4.45128361474182e-12,"16","IRF1"
8.08541233712785e-16,0.378313296486005,0.995,0.972,1.43985022899573e-11,"16","SH3BGRL3"
2.74681424474165e-15,0.474573730779812,0.92,0.706,4.89152680703592e-11,"16","ITGB2"
3.83612803949567e-15,0.540288969242542,0.768,0.648,6.83137681273389e-11,"16","CFLAR"
3.92634522195176e-15,1.9599785242539,0.278,0.117,6.99203557125169e-11,"16","SYNGR1"
7.06139171416529e-15,1.25589213416685,0.284,0.127,1.25749263645855e-10,"16","CHST2"
1.26293223044965e-14,1.60735256910471,0.345,0.156,2.24902971598474e-10,"16","IGFBP7"
1.580534120754e-14,1.5428890691094,0.278,0.09,2.81461516223872e-10,"16","FCRL3"
2.10206938012968e-14,0.460119890740425,0.969,0.868,3.74336515213494e-10,"16","LCP1"
1.28217559771525e-13,0.92645847051933,0.355,0.244,2.28329830441133e-09,"16","FAM129A"
7.49937332050879e-13,1.66485550073051,0.38,0.154,1.33548840091621e-08,"16","GK5"
1.54340294543841e-12,0.819024025067531,0.528,0.351,2.74849196523673e-08,"16","AOAH"
3.39361209939009e-12,1.14602119756364,0.462,0.266,6.04334442659387e-08,"16","PTGER2"
3.40139362681627e-12,1.85752461956293,0.29,0.096,6.0572017706344e-08,"16","PATL2"
1.61260399189281e-10,0.689115743950377,0.515,0.407,2.87172518876271e-06,"16","HIST2H2AC"
5.39764751132126e-10,0.914812911525261,0.331,0.23,9.6121306881609e-06,"16","SLC20A1"
6.50163109277265e-10,0.62137565911143,0.634,0.515,1.15781046500095e-05,"16","DDIT4"
8.92143733376541e-10,0.385008602513769,0.769,0.664,1.58872956039694e-05,"16","LY6E"
1.61669351975021e-09,0.68161507938857,0.638,0.488,2.87900781997117e-05,"16","HIST1H4C"
1.36102797843803e-08,0.758135879036008,0.452,0.308,0.000242371862400245,"16","EHD1"
1.61734192139771e-08,0.327846308859916,0.791,0.694,0.000288016249362504,"16","PRELID1"
2.81880234239613e-08,0.310543198031643,0.831,0.616,0.000501972321133903,"16","LGALS1"
2.54003461586235e-07,0.86392489750184,0.309,0.169,0.00452329364392768,"16","MAF"
5.57450330998747e-07,0.750806960929231,0.323,0.229,0.00992707549442569,"16","CXXC5"
1.20569089466127e-06,1.20711228209272,0.368,0.206,0.0214709434521279,"16","BHLHE40"
1.60549695719641e-06,0.788545483998979,0.278,0.168,0.0285906898137536,"16","PDE4D"
4.29136133998942e-06,0.74225385435379,0.487,0.314,0.0764205627425317,"16","ARID5B"
6.00372520886223e-06,0.669201130564988,0.346,0.274,0.106914338519419,"16","GBP4"
4.02567243186916e-05,0.834494308989665,0.424,0.299,0.716891746667259,"16","SAMD9L"
4.33464989278108e-05,0.405269409223262,0.482,0.4,0.771914452906455,"16","NUCB2"
0.000137960938570944,0.604791136098835,0.426,0.346,1,"16","RABGAP1L"
0.000171435659265242,0.757859529840368,0.327,0.239,1,"16","GABARAPL1"
0.000225047623156538,0.660503630848792,0.32,0.224,1,"16","SP140"
0.000724457188473751,0.478412228415939,0.407,0.332,1,"16","SERPINB9"
0.000907435656763907,0.405288693085498,0.458,0.397,1,"16","GBP2"
0.00440296963206245,0.512301933888026,0.355,0.302,1,"16","IVNS1ABP"
0.0046073190353811,0.419181831866967,0.36,0.287,1,"16","ITGAM"
0.00662638612473643,0.458866926233021,0.329,0.282,1,"16","ITGAX"
7.06500416526299e-135,3.35253336237288,0.957,0.294,1.25813594175003e-130,"17","KLRB1"
4.68273274703228e-121,2.86520831934797,0.966,0.453,8.33901047591508e-117,"17","DUSP2"
4.48089004933787e-119,3.82131487165796,0.83,0.088,7.97956899986088e-115,"17","GZMK"
4.45405957109363e-94,3.27811762054791,0.744,0.12,7.93178928420354e-90,"17","KLRG1"
1.09391854996636e-85,1.61903054686522,0.987,0.72,1.94805015378009e-81,"17","ARL4C"
1.67354709102749e-85,1.91182636997777,0.964,0.544,2.98025265970176e-81,"17","IL7R"
5.86113728875566e-75,1.4782845227987,0.971,0.293,1.04375132838161e-70,"17","GZMA"
2.01077337826188e-72,1.47817897513274,0.981,0.482,3.58078523200875e-68,"17","CCL5"
6.23631268140067e-71,1.50354357450762,0.963,0.724,1.11056256230383e-66,"17","CXCR4"
1.50246073140498e-70,1.84320710598675,0.876,0.448,2.675582070486e-66,"17","CD69"
2.26308411695125e-68,1.86286699575944,0.848,0.362,4.03010019546679e-64,"17","RORA"
1.6754610957725e-67,1.34528809739016,0.989,0.658,2.98366111935166e-63,"17","IL32"
1.70729020676839e-64,2.07942256534498,0.839,0.368,3.04034240021315e-60,"17","LYAR"
1.43418485374762e-60,0.756919407446733,0.986,0.455,2.55399638755376e-56,"17","NKG7"
7.09938314930506e-59,2.81268438941345,0.632,0.14,1.26425815122824e-54,"17","NCR3"
2.68119280074718e-56,1.10156314164127,0.903,0.289,4.77466813957057e-52,"17","CST7"
3.11704532552188e-50,6.74266772916439,0.408,0.007,5.55083431568937e-46,"17","SLC4A10"
4.22496707184313e-50,2.1124648754274,0.652,0.313,7.52382136153824e-46,"17","PHACTR2"
1.23938114458167e-49,1.32914806651289,0.899,0.478,2.20708994227104e-45,"17","SYNE2"
1.32100785149129e-49,2.34371913649493,0.612,0.167,2.35245078193569e-45,"17","LINC01871"
6.13312376761553e-46,1.07500646470375,0.946,0.525,1.09218668053697e-41,"17","CD3D"
9.99176574863658e-45,2.43397538924309,0.571,0.12,1.7793336445172e-40,"17","TRGC2"
4.93754257303891e-43,1.89174801919225,0.715,0.225,8.79277581406769e-39,"17","MYBL1"
2.50750155073047e-40,3.11229055232041,0.465,0.103,4.46535876154082e-36,"17","TRGC1"
6.95489943497813e-39,1.1046139891642,0.762,0.284,1.23852849138091e-34,"17","CTSW"
6.20018664290422e-37,1.31493792883745,0.798,0.576,1.10412923736838e-32,"17","PIK3R1"
2.03231593235947e-33,1.43420678593376,0.487,0.171,3.61914821234575e-29,"17","MATK"
1.24133950230588e-31,2.30252316605816,0.459,0.116,2.21057738570631e-27,"17","SYTL2"
1.62130940105981e-30,0.352870857637012,0.72,0.231,2.88722778140731e-26,"17","PRF1"
2.42472541668105e-30,1.15604501244348,0.643,0.235,4.31795102202561e-26,"17","HOPX"
8.47618354665578e-30,1.03737555738758,0.867,0.625,1.50943876598846e-25,"17","ID2"
4.7517722757164e-28,1.03950556523673,0.756,0.382,8.46195606859576e-24,"17","GZMM"
1.4918814416655e-27,2.51654891297767,0.36,0.085,2.65674247131793e-23,"17","GPR171"
1.40772599041815e-26,0.849113188540782,0.858,0.473,2.50687844373664e-22,"17","CD3G"
3.72903900279998e-25,1.09876280178578,0.722,0.512,6.6406726561862e-21,"17","DDIT4"
1.58879487627012e-22,1.41828340862311,0.532,0.264,2.82932591566183e-18,"17","PRDM1"
1.63102864394302e-22,1.75747417742413,0.378,0.154,2.90453580913374e-18,"17","AQP3"
5.51661222726285e-22,1.75215263453578,0.429,0.165,9.82398305430969e-18,"17","MAF"
5.59980988138919e-20,0.263078811225024,0.705,0.421,9.97214143677788e-16,"17","GNLY"
6.0278255218386e-19,1.01892217985812,0.541,0.258,1.07343516892902e-14,"17","SAMD3"
1.53677906831644e-18,0.532806080950029,0.742,0.456,2.73669616485792e-14,"17","TRAC"
5.6528541163693e-17,1.61258736269365,0.409,0.158,1.00666026104304e-12,"17","SH2D1A"
4.8370275694444e-16,0.670029989440011,0.76,0.495,8.61377869566659e-12,"17","CD2"
5.63390751892518e-16,2.46127994997928,0.267,0.065,1.0032862509702e-11,"17","DPP4"
5.9311239235111e-16,0.504065124112319,0.807,0.567,1.05621454829886e-11,"17","TRBC2"
1.13056052154216e-15,1.17082957863822,0.504,0.36,2.01330217676228e-11,"17","TOB1"
7.99429125661874e-15,2.49566191132755,0.339,0.136,1.42362338697866e-10,"17","TRDC"
1.33442203407434e-13,0.616034897941614,0.494,0.228,2.37633875827959e-09,"17","KLRD1"
1.13670536820499e-12,0.930699649239212,0.4,0.257,2.02424491969945e-08,"17","CMC1"
2.19323425695456e-12,1.34748905853107,0.487,0.252,3.90571156478468e-08,"17","GBP5"
3.46127861573972e-12,1.45290194793698,0.334,0.166,6.16384495890929e-08,"17","PDE4D"
4.21678048761837e-12,1.38703619811577,0.275,0.11,7.50924269235079e-08,"17","SH2D2A"
4.92591025287329e-12,0.862725068821786,0.497,0.266,8.77206097831675e-08,"17","C12orf75"
5.58133630546059e-12,0.854198104018204,0.509,0.251,9.93924369276423e-08,"17","PYHIN1"
9.83339897163398e-12,1.55399940493054,0.278,0.148,1.75113168886858e-07,"17","ZNF331"
1.0661690621928e-11,0.337976123890799,0.666,0.417,1.89863386595294e-07,"17","CD247"
1.39155611009993e-11,1.9263790952777,0.259,0.083,2.47808312086596e-07,"17","NSG1"
1.7961052486164e-10,0.742565921156181,0.538,0.345,3.19850422673608e-06,"17","IKZF3"
6.82817696717213e-10,0.949388802787621,0.403,0.292,1.21596175431401e-05,"17","FOSL2"
3.35305895116004e-09,1.21620341607414,0.31,0.126,5.9711273802258e-05,"17","TGFBR3"
5.82066198766124e-09,0.50816813314706,0.496,0.346,0.000103654348676271,"17","BCL11B"
6.06872476360575e-09,0.654320433280202,0.575,0.388,0.000108071850590291,"17","SYNE1"
8.12985192909667e-09,0.569298941069876,0.867,0.712,0.000144776403153353,"17","LTB"
1.23764938204416e-08,0.287184104877589,0.324,0.174,0.000220400601954425,"17","IL2RB"
2.77275017869994e-08,1.21686571163268,0.284,0.159,0.000493771351822885,"17","TSPYL2"
3.16074547387596e-08,1.03285278970241,0.341,0.217,0.000562865553987831,"17","NR4A2"
6.40052563259335e-08,0.957777088724665,0.259,0.134,0.00113980560465222,"17","SLAMF7"
7.53372023526241e-08,0.384258836375113,0.934,0.883,0.00134160489949553,"17","JUNB"
1.01395282168322e-07,0.643899504249387,0.302,0.179,0.00180564718485348,"17","CD8A"
1.20072367089754e-07,1.40960504828293,0.288,0.153,0.00213824871313435,"17","CREM"
1.97716080577735e-07,0.782585208479712,0.471,0.327,0.00352092796292831,"17","APOBEC3G"
4.72116183358602e-07,0.754346607731357,0.624,0.542,0.00840744499324999,"17","MT2A"
7.15956939190798e-07,0.463226013837196,0.666,0.434,0.0127497611731097,"17","CD7"
9.54706472502792e-07,0.929665681548521,0.363,0.218,0.0170014128623297,"17","SYTL3"
2.14235530806032e-06,0.988549665137482,0.256,0.143,0.0381510633259382,"17","GATA3"
1.2727510682309e-05,0.256227072644357,0.421,0.34,0.226651510230559,"17","MAP3K8"
1.36239121956184e-05,0.728192943619157,0.311,0.194,0.242614628379573,"17","TRAT1"
4.62980055261251e-05,0.641835945183841,0.322,0.27,0.824474882409236,"17","PTGER2"
0.000109958944375529,0.350588357229676,0.3,0.24,1,"17","CAMK4"
0.000139026758592405,0.679065405701012,0.297,0.266,1,"17","NRIP1"
0.000212352657649117,0.831482333149704,0.274,0.119,1,"17","S1PR5"
0.000259657183804816,0.51964541117582,0.396,0.278,1,"17","CD27"
0.000271396972343951,0.613579942042869,0.489,0.461,1,"17","HIST1H1C"
0.000580200764456699,0.905636869827506,0.281,0.209,1,"17","BHLHE40"
0.000623609544556757,0.460993184396833,0.378,0.287,1,"17","ITM2A"
0.000846308113470745,0.316267795035317,0.568,0.52,1,"17","NOSIP"
0.00120310171684285,0.590995073063717,0.301,0.234,1,"17","PMAIP1"
0.00667722353971075,0.307053998257409,0.503,0.461,1,"17","SPN"
0.00694885853579524,1.03466304044249,0.266,0.155,1,"17","TRG-AS1"
1.15194944047574e-128,2.3768062099626,0.999,0.391,2.05139156359919e-124,"18","MNDA"
1.09576805847049e-123,2.081200915601,0.999,0.405,1.95134375852425e-119,"18","GRN"
1.14787869700325e-122,2.42140827972217,0.99,0.311,2.04414238362339e-118,"18","CLEC12A"
5.69793544262149e-118,2.09813314638874,1,0.421,1.01468834362203e-113,"18","FCN1"
3.79787719700276e-116,2.14026792843286,0.994,0.338,6.76325971242251e-112,"18","NCF2"
1.0303558244161e-114,2.69415262247452,0.939,0.193,1.83485765212018e-110,"18","TMEM176B"
4.37429095912126e-114,1.94715814471517,1,0.746,7.78973734000314e-110,"18","CTSS"
1.16947514975407e-113,2.04376531041528,0.999,0.397,2.08260134668205e-109,"18","FGL2"
1.98781275625016e-110,1.84621229783689,1,0.479,3.53989695633029e-106,"18","CST3"
2.43580075261546e-108,1.91623455834634,0.999,0.506,4.33767398025762e-104,"18","APLP2"
9.34637229132303e-108,2.05476434541477,0.993,0.316,1.66440197763881e-103,"18","MS4A6A"
9.42269556372512e-108,2.05310916407816,0.993,0.34,1.67799362598817e-103,"18","MPEG1"
1.11023720713484e-107,2.32635498178732,0.97,0.282,1.97711041846572e-103,"18","CD36"
1.81504099446297e-107,1.91159839340266,0.998,0.597,3.23222500293966e-103,"18","TKT"
2.85880289433533e-107,1.70768009587772,0.996,0.586,5.09095619423235e-103,"18","BRI3"
1.7549466082551e-104,2.10173051342949,0.996,0.385,3.12520891998069e-100,"18","VCAN"
2.01335493798163e-104,2.15428534447642,0.968,0.306,3.58538247355768e-100,"18","IGSF6"
3.89979770103988e-104,2.12274707763694,1,0.764,6.94475974601183e-100,"18","S100A9"
5.2682771012979e-104,1.93720966602356,0.998,0.395,9.3817478619913e-100,"18","CYBB"
1.73802550980371e-103,2.18320069967973,0.997,0.618,3.09507582785845e-99,"18","S100A8"
1.72781464910645e-101,1.99902820528246,0.958,0.383,3.07689232712876e-97,"18","NUP214"
9.34257583295041e-100,1.77513606871178,0.999,0.449,1.66372590433181e-95,"18","TYMP"
1.39236875611741e-99,2.06934246861431,0.929,0.278,2.47953028089389e-95,"18","KCTD12"
2.34253620592892e-99,2.24732342353308,0.963,0.317,4.17158847551822e-95,"18","S100A12"
2.98011548211852e-99,1.74101962422063,1,0.605,5.30698965055667e-95,"18","PSAP"
1.30362777272117e-97,2.09319701838421,0.964,0.384,2.32150033766186e-93,"18","TNFSF10"
1.51302903392302e-96,2.01653235955671,0.986,0.314,2.69440210361011e-92,"18","CSF3R"
1.60733902491564e-96,1.83096866413983,1,0.748,2.86234933556977e-92,"18","LYZ"
6.39107239077335e-96,2.14510776192785,0.924,0.265,1.13812217134892e-91,"18","PLBD1"
8.93836266176701e-95,1.81685436451018,0.981,0.408,1.59174362280747e-90,"18","JAML"
6.58728889172458e-94,1.33756717926057,0.996,0.709,1.17306440583831e-89,"18","ITGB2"
1.01988164241474e-92,1.07266513097183,1,0.969,1.81620522881216e-88,"18","OAZ1"
1.46255065077328e-92,1.4480069073741,0.999,0.487,2.60451019889706e-88,"18","LST1"
1.75112412966766e-92,1.5389436404381,0.999,0.562,3.11840185011217e-88,"18","TYROBP"
3.71847677230977e-92,1.80552811551827,0.978,0.333,6.62186343612924e-88,"18","CSTA"
6.05700265324498e-92,1.39952807768228,1,0.998,1.07863103248987e-87,"18","FTL"
7.39636279519272e-92,1.89458721002799,0.959,0.323,1.31714428656792e-87,"18","TNFSF13B"
3.65418762543873e-91,2.14669898167981,0.915,0.274,6.50737732338129e-87,"18","LRRK2"
3.67436023970647e-91,1.38846208948193,0.999,0.724,6.54330071486928e-87,"18","TSPO"
5.88232509937021e-91,1.70634925705929,0.969,0.459,1.04752445369585e-86,"18","VMP1"
6.14113649357547e-90,1.26100012360553,1,0.964,1.09361358677592e-85,"18","S100A6"
1.00138856483679e-89,2.02969506681307,0.917,0.272,1.78327275626136e-85,"18","LILRB3"
3.40215632698092e-89,1.76665411931756,0.971,0.392,6.05855998708763e-85,"18","LGALS3"
6.38555742853404e-89,1.64044681690068,0.989,0.555,1.13714006687334e-84,"18","TALDO1"
6.84963627455156e-89,1.41317336426219,0.999,0.745,1.21978322777214e-84,"18","S100A11"
3.9366068039946e-88,2.03264710392527,0.922,0.321,7.01030939655359e-84,"18","NAGK"
6.78224445531515e-87,1.73273915868622,0.986,0.319,1.20778209260252e-82,"18","CD14"
8.56257889425656e-87,1.5445823778374,0.981,0.519,1.52482404948921e-82,"18","PYCARD"
9.38089599458253e-87,1.52511533209536,0.999,0.547,1.67054995871526e-82,"18","AIF1"
3.71975454345948e-86,2.00753207134177,0.92,0.272,6.62413889099264e-82,"18","LRP1"
1.49718813299423e-85,1.64367192494521,0.974,0.416,2.66619262723612e-81,"18","FCGRT"
1.98599118272616e-85,1.77853140561886,0.968,0.324,3.53665309819874e-81,"18","CD68"
5.68272505098845e-85,1.60526904706491,0.989,0.495,1.01197967708002e-80,"18","AP1S2"
5.89660735988656e-85,1.96504359428473,0.933,0.301,1.0500678386486e-80,"18","CPVL"
1.82727533563788e-84,1.86051590904813,0.929,0.323,3.25401191770394e-80,"18","GCA"
3.14709719903932e-84,1.53321116725081,0.968,0.428,5.60435069204922e-80,"18","CTSZ"
8.49049084482861e-84,2.41517514740066,0.78,0.172,1.51198660964708e-79,"18","P2RY13"
2.56909543051127e-83,1.82774484143976,0.947,0.28,4.57504514265447e-79,"18","AC020656.1"
4.23229060726286e-83,1.26629910044032,0.998,0.657,7.5368631134137e-79,"18","COTL1"
1.5484488866257e-82,1.55805013464181,0.987,0.338,2.75747777730305e-78,"18","SERPINA1"
6.21840526683641e-82,1.41772106496975,0.978,0.517,1.10737360991823e-77,"18","CTSD"
6.45561988120755e-82,1.74691174199783,0.941,0.345,1.14961678844544e-77,"18","MARCH1"
1.4713240993934e-81,1.95062551729588,0.875,0.256,2.62013395619976e-77,"18","LMO2"
1.06409903570463e-80,1.8975768114284,0.888,0.302,1.89494756278281e-76,"18","MEGF9"
2.94235720759776e-80,1.90609742709096,0.902,0.298,5.2397497152901e-76,"18","NAIP"
3.11733833963295e-80,1.73007045703917,0.973,0.326,5.55135611521836e-76,"18","CLEC7A"
3.41473196689604e-80,1.11457891557801,0.999,0.926,6.08095468664847e-76,"18","GAPDH"
6.72068707615536e-80,1.85903378361879,0.94,0.339,1.19681995452175e-75,"18","OGFRL1"
9.45126929331276e-80,2.75097418984109,0.751,0.154,1.68308203575314e-75,"18","CYP1B1"
1.00084873883326e-79,1.32969552839441,1,0.735,1.78231143411426e-75,"18","EVI2B"
1.09882130855148e-79,2.05035643874989,0.838,0.226,1.95678098626847e-75,"18","ASGR1"
2.45074564414546e-79,1.80333313105259,0.904,0.285,4.36428784309423e-75,"18","TIMP2"
5.16634442911443e-79,1.69387440465716,0.964,0.38,9.20022615936697e-75,"18","RNF130"
8.04266496228762e-79,0.82368628811226,1,0.997,1.43223777648418e-74,"18","ACTB"
1.97970303457116e-78,1.01524991841137,1,0.939,3.52545516396432e-74,"18","S100A4"
6.87028984219934e-78,2.30261473033673,0.811,0.202,1.22346121509886e-73,"18","BST1"
7.95858767689859e-78,1.57790935248437,0.935,0.342,1.4172652935021e-73,"18","BLVRB"
1.48335972077452e-77,1.49964115332348,0.973,0.509,2.64156699075527e-73,"18","GLIPR1"
1.80606207316918e-77,1.47713905885209,0.968,0.472,3.21623533989968e-73,"18","LYST"
2.00332198700879e-76,1.96443002221314,0.863,0.251,3.56751579446525e-72,"18","RAB32"
4.55451800504235e-76,1.1134853300676,1,0.945,8.11068566337942e-72,"18","VIM"
5.53586594200231e-76,1.76067458593398,0.918,0.399,9.8582700695177e-72,"18","LTA4H"
5.94081487694219e-76,1.05927721560233,0.977,0.347,1.05794031328586e-71,"18","TNFAIP2"
3.59111263588107e-75,1.62840817746936,0.93,0.32,6.39505338197701e-71,"18","CFP"
4.76750573370165e-75,1.64669972353286,0.887,0.282,8.4899742105759e-71,"18","HCK"
2.43903311638135e-74,2.14480991039857,0.78,0.2,4.3434301736519e-70,"18","OSCAR"
3.47343551592715e-74,1.69018264357149,0.94,0.294,6.18549396676307e-70,"18","LILRB2"
4.27894403788438e-74,1.58586437617835,0.933,0.346,7.61994354266451e-70,"18","PECAM1"
4.48967813638368e-74,1.73004386956766,0.839,0.242,7.99521882527205e-70,"18","LRRC25"
6.015703300045e-74,1.50211946157983,0.969,0.359,1.07127644367201e-69,"18","SPI1"
7.35918185135857e-74,2.09899522046707,0.791,0.211,1.31052310408994e-69,"18","LILRA2"
1.6904229318033e-73,1.55535338351901,0.989,0.537,3.01030515695532e-69,"18","HLA-DRB1"
5.39913698133508e-73,1.42203727133151,0.892,0.401,9.61478313636151e-69,"18","ZYX"
3.60341716627991e-72,1.63337892650879,0.941,0.428,6.41696528971126e-68,"18","FBXL5"
3.81884564059265e-72,2.25150792098464,0.785,0.181,6.80060031676739e-68,"18","TLR4"
4.41642965818643e-72,1.86514151136728,0.825,0.246,7.86477793529839e-68,"18","EMILIN2"
5.81019027414526e-72,2.37360418966297,0.713,0.138,1.03467868401979e-67,"18","TMEM176A"
6.14758722097459e-72,1.59149057663948,0.921,0.37,1.09476233231115e-67,"18","ADA2"
9.15491953125723e-72,1.32892342312107,0.979,0.618,1.63030807012629e-67,"18","SERPINB1"
1.13798712666338e-71,1.39122927161184,0.981,0.404,2.02652747516215e-67,"18","CEBPD"
2.12319841809663e-71,1.46180139721667,0.956,0.419,3.78099174294647e-67,"18","PTPRE"
2.3291422097991e-71,1.57444824401866,0.912,0.356,4.14773644721024e-67,"18","CTSH"
2.67446403674793e-71,1.88599662698152,0.888,0.267,4.76268555664071e-67,"18","ALDH2"
2.86158316574815e-71,1.6709489959593,0.884,0.28,5.0959073015643e-67,"18","PILRA"
3.2715524785357e-71,1.69761757685096,0.844,0.269,5.82598065377638e-67,"18","SLC7A7"
5.88271998955843e-71,1.33407840111979,0.984,0.491,1.04759477574056e-66,"18","ASAH1"
7.70710417551238e-71,1.85456998672334,0.914,0.333,1.37248111157524e-66,"18","IL17RA"
1.16759446442383e-70,1.71716503920319,0.801,0.258,2.07925222224596e-66,"18","LY96"
1.26166787053017e-70,1.5488360462181,0.921,0.384,2.24677814384012e-66,"18","AGTRAP"
1.59901980041521e-70,1.14063815110889,0.975,0.694,2.84753446057941e-66,"18","PRELID1"
1.73451479221875e-70,1.64717029999743,0.942,0.463,3.08882394198315e-66,"18","EVI2A"
2.02932909326937e-70,1.71080550504786,0.887,0.3,3.61382924929409e-66,"18","CPPED1"
8.22039837221597e-70,2.1273102110655,0.775,0.198,1.46388854212422e-65,"18","HNMT"
1.26301369623205e-69,1.95137134133315,0.839,0.26,2.24917479025004e-65,"18","PAK1"
1.62638205025828e-69,1.66599651671835,0.885,0.262,2.89626115509994e-65,"18","FPR1"
1.79099834103691e-69,2.2201487116214,0.735,0.176,3.18940984571854e-65,"18","CREB5"
2.52454692357188e-69,1.20663799059918,0.973,0.553,4.4957131614968e-65,"18","ANXA2"
4.42617030823615e-69,1.92310111831999,0.832,0.246,7.88212408490694e-65,"18","C19orf38"
6.60030211078558e-69,1.75551968433337,0.887,0.303,1.1753817998887e-64,"18","LY86"
8.92767842352091e-69,1.40840957592167,0.958,0.412,1.5898409736606e-64,"18","FGR"
1.87417378631432e-68,1.79797409407745,0.888,0.276,3.33752867866854e-64,"18","CD302"
7.22817290855469e-68,0.997735040964024,0.998,0.807,1.28719303155542e-63,"18","GNAI2"
1.17116361611097e-67,1.20261616417698,0.984,0.675,2.08560816757042e-63,"18","GSTP1"
1.90627423150697e-67,1.77174839858903,0.773,0.239,3.39469315146761e-63,"18","RASSF4"
2.44041743561137e-67,1.93548291701323,0.773,0.218,4.34589536933673e-63,"18","DUSP6"
2.63138033524996e-67,1.92510394543074,0.793,0.224,4.68596210101312e-63,"18","CDA"
3.1712517613511e-67,1.83003243007073,0.867,0.259,5.64736513661404e-63,"18","PLXDC2"
6.96972549135881e-67,1.18947298558295,0.998,0.472,1.24116871550118e-62,"18","FCER1G"
1.41127797743935e-66,1.78871796719601,0.789,0.223,2.51320382222399e-62,"18","TLR2"
1.76062586221737e-66,1.22298200910495,0.973,0.514,3.13532253543669e-62,"18","VSIR"
3.66402505328396e-66,1.73689916488079,0.859,0.247,6.52489581488807e-62,"18","CD93"
4.99053266104508e-66,0.75377505871399,1,0.991,8.88714056278907e-62,"18","H3F3A"
6.89898910183895e-66,2.28159819770978,0.74,0.175,1.22857197925548e-61,"18","KCNE3"
1.29780871946537e-65,1.3336492353791,0.976,0.54,2.31113776762393e-61,"18","C1orf162"
1.65113483801107e-65,1.40909673435412,0.967,0.519,2.94034091953012e-61,"18","POU2F2"
2.52639148488838e-65,1.48995547580311,0.936,0.38,4.49899795628923e-61,"18","CTSB"
4.04640546423482e-65,1.75595161643634,0.893,0.282,7.20583885070936e-61,"18","DMXL2"
4.29765558130162e-65,1.69252045389036,0.878,0.277,7.65326505918193e-61,"18","IRAK3"
1.00815931798139e-64,1.85047853717238,0.798,0.235,1.79533011346126e-60,"18","RNASE6"
1.14602887214366e-64,1.27331785056134,0.975,0.359,2.04084821551343e-60,"18","CFD"
1.16241715947284e-64,2.11735263610454,0.718,0.186,2.07003247758924e-60,"18","CD33"
1.42570165498309e-64,1.5609870519661,0.832,0.268,2.53888950719389e-60,"18","TGFBI"
1.49673076154155e-64,1.94881335932655,0.774,0.221,2.66537814015319e-60,"18","CLEC4A"
4.1459485639826e-64,1.74318554145279,0.84,0.265,7.38310520274021e-60,"18","RXRA"
1.46444871693937e-63,1.44432482888433,0.893,0.302,2.60789027512564e-59,"18","SLC11A1"
2.40871344157027e-63,1.67536609942975,0.852,0.3,4.28943689674834e-59,"18","SYK"
4.82166384814798e-63,1.69594538676168,0.885,0.329,8.58641898078191e-59,"18","CCDC88A"
7.38436496510672e-63,0.948477894801886,1,0.996,1.3150077129862e-58,"18","FTH1"
1.11481917078724e-62,1.05992336875138,0.984,0.705,1.98526997933792e-58,"18","SAMHD1"
1.33503446455999e-62,0.962152220796899,0.996,0.535,2.37742937448844e-58,"18","FOS"
2.05525082786321e-62,1.45995829145255,0.936,0.483,3.6599906742588e-58,"18","ZNF106"
2.1941124731408e-62,1.26046399914218,0.973,0.535,3.90727549216915e-58,"18","SDCBP"
2.36332192074506e-62,1.4050224705841,0.865,0.345,4.20860367646281e-58,"18","BACH1"
2.48978831539223e-62,1.51183669567487,0.942,0.457,4.43381503205048e-58,"18","NCF1"
4.35681543448488e-62,1.51890734048415,0.893,0.382,7.75861692573067e-58,"18","RAB11FIP1"
5.74091057660539e-62,1.25659497989984,0.964,0.552,1.02234135548189e-57,"18","H2AFY"
1.4730352731462e-61,1.75753464643083,0.869,0.267,2.62318121441875e-57,"18","FCGR2A"
1.84146567819656e-61,1.25120562075195,0.964,0.5,3.27928207973244e-57,"18","NPC2"
2.02962123844669e-61,1.4437558837731,0.922,0.453,3.61434950142586e-57,"18","PLEKHO1"
2.14808173516948e-61,1.39063285966069,0.91,0.391,3.82530395398981e-57,"18","STXBP2"
2.90867569650345e-61,1.3990028654162,0.897,0.384,5.17976968033335e-57,"18","RTN3"
3.29076040462316e-61,1.85438440760777,0.771,0.226,5.86018612855293e-57,"18","PRAM1"
3.63768870643968e-61,1.51244944786014,0.876,0.354,6.47799604842778e-57,"18","PPT1"
6.99303122851074e-61,2.19570108309826,0.75,0.184,1.24531900117319e-56,"18","PYGL"
7.37528843054611e-61,1.76096160172011,0.835,0.283,1.31339136371165e-56,"18","RASSF2"
1.6283072454823e-60,1.98773785358995,0.715,0.18,2.89968954275488e-56,"18","MGST1"
2.5420951452688e-60,1.22817989017941,0.986,0.534,4.52696303469467e-56,"18","ZEB2"
8.63495241776546e-60,0.88796521908481,1,0.869,1.53771232655567e-55,"18","LCP1"
9.5143193371817e-60,1.52132886468477,0.878,0.359,1.69430998756532e-55,"18","DPYD"
3.19556071511758e-59,1.27700328049669,0.981,0.518,5.69065452148138e-55,"18","ANXA5"
4.13066830277778e-59,1.91787924446981,0.74,0.21,7.35589411358666e-55,"18","ENTPD1"
4.53933746931231e-59,1.5057673280597,0.824,0.327,8.08365216535136e-55,"18","TET2"
4.70440072989271e-59,1.02138266828255,1,0.907,8.37759681979295e-55,"18","NEAT1"
4.78621014171878e-59,1.44772977952326,0.867,0.34,8.52328302037279e-55,"18","GLUL"
5.56508123141786e-59,2.10202940485745,0.693,0.174,9.91029665690892e-55,"18","TFEC"
6.36070014111384e-59,1.3832018599064,0.872,0.397,1.13271348112955e-54,"18","TMEM167A"
6.65506761850025e-59,1.59552322331434,0.753,0.255,1.18513444150252e-54,"18","GNS"
2.90566710354667e-58,2.28121523287332,0.687,0.163,5.17441197799591e-54,"18","ZNF467"
5.99787173956538e-58,1.46074511281521,0.88,0.374,1.0681009993818e-53,"18","IFNGR1"
1.1222917768697e-57,1.05600885104844,0.905,0.351,1.99857719624956e-53,"18","IFITM3"
1.29834849554432e-57,1.39453216005384,0.787,0.269,2.31209900086533e-53,"18","RAB31"
1.96737663184027e-57,1.15155834788905,0.983,0.57,3.50350430598115e-53,"18","MYO1F"
2.18554741349784e-57,1.33448294320095,0.911,0.376,3.89202283395695e-53,"18","RGS2"
3.34299331804411e-57,1.82749713650277,0.734,0.227,5.95320250077294e-53,"18","PLXNC1"
3.72344901196682e-57,1.68491567653837,0.872,0.356,6.63071800051052e-53,"18","TMEM154"
3.85915955754251e-57,1.46177935156392,0.818,0.297,6.8723913400717e-53,"18","UBE2D1"
3.94318669514126e-57,1.81493326707021,0.761,0.238,7.02202686670756e-53,"18","DAPP1"
4.50115433407558e-57,1.94303279137732,0.712,0.181,8.01565563812179e-53,"18","PTAFR"
4.63944435818193e-57,1.59093212261457,0.8,0.296,8.26192251305037e-53,"18","SULF2"
5.37530215440133e-57,1.20791102496328,0.912,0.431,9.57233807655788e-53,"18","NCOA4"
6.57873542489174e-57,1.15728915312552,0.96,0.546,1.17154120446472e-52,"18","ATP6V0B"
7.38598981034986e-57,2.07140098700965,0.706,0.168,1.3152970654271e-52,"18","ANPEP"
1.7237836013766e-56,2.14478343388056,0.709,0.181,3.06971383733146e-52,"18","SMCO4"
1.85738068309119e-56,2.05872200089235,0.682,0.172,3.30762352044879e-52,"18","FAM198B"
1.88831683029099e-56,1.48222164964896,0.877,0.325,3.36271461138219e-52,"18","KLF10"
6.51620400770716e-56,1.49896508765796,0.832,0.318,1.16040560969249e-51,"18","SCPEP1"
7.5732504507138e-56,1.85778904389433,0.703,0.212,1.34864444026311e-51,"18","APAF1"
7.68775239123212e-56,1.21776536996891,0.945,0.481,1.36903494583062e-51,"18","QKI"
1.15646380295283e-55,1.71000535547332,0.751,0.25,2.0594307402984e-51,"18","FKBP15"
1.18649683820421e-55,2.02884373719446,0.716,0.202,2.11291356947405e-51,"18","GAPT"
1.44950816937121e-55,1.14847654474994,0.956,0.431,2.58128414801626e-51,"18","LYN"
2.43096222480376e-55,1.94805302349238,0.76,0.21,4.32905752993054e-51,"18","RBP7"
2.73289589223741e-55,1.95785731214624,0.612,0.164,4.86674100489639e-51,"18","SLC31A2"
4.72738625024677e-55,1.67855469319354,0.839,0.294,8.41852943443945e-51,"18","CAPG"
6.88783738842809e-55,1.87236686741914,0.761,0.221,1.22658608213127e-50,"18","ZNF385A"
1.15916759131283e-54,2.17235700402765,0.614,0.143,2.06424564660989e-50,"18","TLR8"
2.61269444941764e-54,1.52390654869478,0.744,0.263,4.65268627552293e-50,"18","ATP6V1B2"
3.88794654297177e-54,1.17940518816792,0.977,0.51,6.92365520372413e-50,"18","TNFRSF1B"
5.48919101804469e-54,1.70771242718995,0.737,0.22,9.77515136493399e-50,"18","NRGN"
2.60810810298783e-53,1.34371658006248,0.881,0.387,4.64451890980073e-49,"18","TPP1"
9.20244306175551e-53,1.35192344194472,0.844,0.362,1.63877106043742e-48,"18","RAB10"
1.19712109848578e-52,0.987675633809064,0.989,0.673,2.13183325218347e-48,"18","RAC1"
1.23841448693293e-52,1.12106428897886,0.966,0.542,2.20536851833016e-48,"18","ARRB2"
2.29300071803909e-52,1.12204409477632,0.96,0.56,4.08337567868402e-48,"18","CARD16"
2.33396960097362e-52,1.18845776614537,0.821,0.265,4.15633306541383e-48,"18","C5AR1"
2.76008446631387e-52,1.10285626181969,0.954,0.563,4.91515841761175e-48,"18","FKBP1A"
3.98106524119722e-52,1.24862771700819,0.856,0.351,7.089480981524e-48,"18","AOAH"
5.22020402334547e-52,1.8564644155323,0.741,0.236,9.29613932477362e-48,"18","C20orf27"
8.30613551567862e-52,2.29530339539094,0.588,0.13,1.47915661263205e-47,"18","IMPA2"
9.33047288875702e-52,1.88193566484501,0.707,0.204,1.66157061202985e-47,"18","HRH2"
1.0550202126396e-51,2.01056514080237,0.65,0.153,1.87877999466861e-47,"18","CCR1"
1.38659501041233e-51,2.52862593455304,0.533,0.099,2.46924839454227e-47,"18","CCR2"
1.82650443918526e-51,2.68684814234461,0.464,0.069,3.25263910530112e-47,"18","VSTM1"
2.05847345324748e-51,0.676290642116655,1,0.734,3.66572952554311e-47,"18","SAT1"
2.60753541943697e-51,1.79436337581013,0.708,0.222,4.64349907493335e-47,"18","CREG1"
1.0020456158418e-50,1.88455527007821,0.78,0.229,1.78444283269107e-46,"18","SCIMP"
1.22079899684114e-50,1.69153222148832,0.78,0.254,2.17399885357471e-46,"18","PGD"
1.43591687371169e-50,1.43402136295129,0.802,0.313,2.55708076870578e-46,"18","CTSA"
1.8638033244766e-50,1.40333665981472,0.932,0.382,3.31906096022792e-46,"18","HLA-DRB5"
1.98806016329646e-50,0.832121179021795,0.993,0.867,3.54033753879834e-46,"18","CALM2"
3.70096612984186e-50,1.76744303103443,0.664,0.195,6.59068048402239e-46,"18","SLC8A1"
4.09911040811496e-50,1.00934580570728,0.791,0.263,7.29969581477112e-46,"18","PLAUR"
4.89916332531012e-50,1.41032340850901,0.898,0.399,8.72443004971227e-46,"18","SKAP2"
4.91073744242747e-50,2.20285314023047,0.658,0.157,8.74504123747484e-46,"18","CD1D"
5.25829942428114e-50,1.66521518930153,0.659,0.212,9.36397961475986e-46,"18","PRKCD"
7.10455202451351e-50,2.11012202579977,0.654,0.162,1.26517862452537e-45,"18","GIMAP8"
9.3793509166303e-50,1.48979399466887,0.771,0.287,1.67027481123352e-45,"18","NOTCH2"
1.14365539967104e-49,1.95396193774297,0.662,0.179,2.03662153573419e-45,"18","GAA"
1.25090023705661e-49,1.80434835563676,0.684,0.185,2.22760314215042e-45,"18","SIRPA"
1.53690895988621e-49,1.48774250316622,0.723,0.225,2.73692747576536e-45,"18","LILRA5"
1.68875884669895e-49,1.60399967912556,0.697,0.207,3.00734175420149e-45,"18","CSF1R"
3.62147650053674e-49,1.24741285983667,0.814,0.342,6.44912535215583e-45,"18","STX7"
3.86457865735769e-49,1.99307471678827,0.608,0.157,6.88204167302257e-45,"18","CSF2RA"
4.67672881562564e-49,1.3914567864514,0.769,0.301,8.32831867486614e-45,"18","CRTAP"
6.74265994315469e-49,1.19571483298573,0.857,0.328,1.20073288267699e-44,"18","MEF2C"
1.10838416311855e-48,1.73172653003739,0.667,0.201,1.97381051768152e-44,"18","PLXNB2"
1.24478307305404e-48,1.14436293702202,0.888,0.435,2.21670969649464e-44,"18","CASP1"
2.81877658682548e-48,1.16332466576592,0.946,0.556,5.01967734581881e-44,"18","PKM"
3.49548048620824e-48,1.85130993583438,0.711,0.214,6.22475164983964e-44,"18","MSRB1"
5.48156051439837e-48,1.95370904562975,0.598,0.162,9.76156296404062e-44,"18","ADAP2"
6.73836131202544e-48,1.26055575444838,0.766,0.256,1.19996738244549e-43,"18","CD300E"
8.52946180148501e-48,1.43272717087027,0.835,0.347,1.51892655760845e-43,"18","NUMB"
3.25878514118618e-47,1.16635964494471,0.955,0.651,5.80324457942436e-43,"18","ZFP36L1"
5.4305228277542e-47,1.41831076996571,0.815,0.341,9.67067505166468e-43,"18","PICALM"
6.46117797868651e-47,1.97649595270185,0.593,0.155,1.15060657444449e-42,"18","SEMA4A"
6.67736182415122e-47,1.99225350131456,0.573,0.149,1.18910459364485e-42,"18","LPCAT2"
8.03195484021458e-47,1.73422241331445,0.64,0.199,1.43033051794541e-42,"18","OSBPL11"
9.59344219077617e-47,1.16985909484057,0.882,0.422,1.70840018533342e-42,"18","BNIP3L"
1.18616970072913e-46,1.95481107086877,0.609,0.165,2.11233100305843e-42,"18","SLC24A4"
1.5618599511218e-46,1.83609656993886,0.611,0.169,2.7813602009577e-42,"18","SIRPB1"
1.79521354122271e-46,1.52910922738628,0.733,0.243,3.19691627420941e-42,"18","TBXAS1"
1.96199326052029e-46,0.770619748643409,0.983,0.708,3.49391759833453e-42,"18","IER2"
2.21463549477229e-46,1.42231818923312,0.67,0.194,3.94382288909049e-42,"18","CLEC4E"
2.34555396662989e-46,2.68396625976391,0.495,0.085,4.1769625037745e-42,"18","SIGLEC14"
2.86073049974511e-46,1.34939849251459,0.772,0.303,5.09438887394609e-42,"18","GNAQ"
4.29197311360807e-46,1.0560360257424,0.879,0.486,7.64314572071326e-42,"18","RNH1"
5.54857804226388e-46,1.68108686082076,0.591,0.177,9.88090777766351e-42,"18","MPP1"
5.86376031494415e-46,1.80412193926043,0.672,0.195,1.04421843688525e-41,"18","CD86"
6.9788997535982e-46,1.19186463061994,0.819,0.323,1.24280246812077e-41,"18","IFNGR2"
1.05728798727758e-45,0.872960944825218,0.988,0.618,1.88281844774392e-41,"18","LGALS1"
1.0861013753131e-45,0.60307016713881,0.896,0.431,1.93412932915757e-41,"18","SOD2"
1.4986697494595e-45,0.593459762559165,0.948,0.413,2.66883108983748e-41,"18","NAMPT"
1.51852765613714e-45,2.37152386276666,0.52,0.102,2.70419405004903e-41,"18","NFE2"
1.70819240352032e-45,0.59699187852247,0.999,0.972,3.04194903218899e-41,"18","SH3BGRL3"
3.73408015142689e-45,1.39284117828786,0.794,0.303,6.64964993366101e-41,"18","DPYSL2"
5.54907651022243e-45,1.726848719508,0.632,0.184,9.8817954494041e-41,"18","IL13RA1"
5.72914308251954e-45,1.1858437728567,0.917,0.493,1.02024580013508e-40,"18","MIS18BP1"
6.49944131855129e-45,1.15141127909852,0.847,0.374,1.15742051000761e-40,"18","HSBP1"
8.71176934279635e-45,1.17185261769626,0.798,0.327,1.55139188456517e-40,"18","LGALS9"
1.76070712409826e-44,1.37208579089266,0.779,0.351,3.13546724659418e-40,"18","CDC42EP3"
2.29171347087628e-44,1.10975608831588,0.887,0.511,4.08108334893648e-40,"18","METTL9"
2.49809240522431e-44,1.62647527883661,0.715,0.243,4.44860295522345e-40,"18","IL6R"
2.90644414087377e-44,2.73161365681415,0.523,0.083,5.17579572606801e-40,"18","CES1"
3.00927399979905e-44,1.73995042633144,0.632,0.181,5.35891513884215e-40,"18","SHTN1"
8.83891287416765e-44,1.24782527456896,0.839,0.34,1.57403360463177e-39,"18","HLA-DMB"
1.18873543180924e-43,1.65805857245182,0.596,0.184,2.11690005696589e-39,"18","SPECC1"
1.73459689810023e-43,2.12528388531043,0.462,0.109,3.08897015613688e-39,"18","ASGR2"
3.07831154933163e-43,1.61458999884969,0.674,0.219,5.48185720704976e-39,"18","KIAA0930"
4.76016303397456e-43,2.18908717231594,0.637,0.153,8.4768983309019e-39,"18","MEFV"
1.08880359894839e-42,1.61719137688239,0.718,0.235,1.93894144900728e-38,"18","NCF4"
1.09960228062352e-42,1.35518424814222,0.703,0.255,1.95817174133436e-38,"18","LILRB1"
1.21521818746246e-42,0.912073666950057,0.999,0.748,2.16406054823315e-38,"18","CD74"
1.41581820563422e-42,1.76075526463007,0.612,0.173,2.52128906059342e-38,"18","FES"
1.65234116158845e-42,1.53315982086493,0.649,0.215,2.94248914055672e-38,"18","BTK"
1.74220761748696e-42,1.11183849497779,0.76,0.273,3.10252332522077e-38,"18","MS4A7"
1.81761620739711e-42,1.60002765580319,0.725,0.258,3.23681094213277e-38,"18","LACTB"
2.050515262324e-42,0.866782091961982,0.995,0.72,3.65155757914658e-38,"18","AHNAK"
4.58344042477059e-42,1.2515738045589,0.799,0.328,8.16219070843147e-38,"18","SNX10"
4.91224534690685e-42,1.63918431830009,0.686,0.221,8.74772651377172e-38,"18","SLC16A3"
6.87199098104124e-42,2.6700918849409,0.4,0.065,1.22376415390382e-37,"18","FOLR3"
1.21016678000436e-41,1.07333504337311,0.923,0.512,2.15506500183177e-37,"18","RHOG"
1.27205800319573e-41,1.2744839849853,0.793,0.331,2.26528089209096e-37,"18","ARHGAP26"
1.68329793827126e-41,1.22301240489978,0.83,0.367,2.99761696847346e-37,"18","MGAT1"
1.81016335224984e-41,1.99587142983711,0.52,0.128,3.22353889768651e-37,"18","FCGR1A"
3.93712438111908e-41,1.84285360729555,0.558,0.15,7.01123109789686e-37,"18","RAB3D"
4.65838407077366e-41,1.77919657707246,0.583,0.181,8.29565035323373e-37,"18","VNN2"
8.34626266109546e-41,1.32661533381507,0.738,0.285,1.48630245468788e-36,"18","PLSCR1"
1.62878410178768e-40,0.605995514685492,0.999,0.806,2.90053872846349e-36,"18","SRGN"
1.96457038345184e-40,1.80862778247494,0.632,0.167,3.49850693885104e-36,"18","CD163"
1.98325992975855e-40,1.74075382620113,0.528,0.154,3.53178928291403e-36,"18","CD300LF"
2.67285580187919e-40,0.734304382223954,0.976,0.581,4.75982161198646e-36,"18","CEBPB"
2.79112781369195e-40,1.1097204500132,0.836,0.359,4.97044041062262e-36,"18","THEMIS2"
2.84411132822502e-40,1.32273207944561,0.803,0.329,5.06479345330311e-36,"18","RHOQ"
2.99451341838318e-40,2.01392726222125,0.475,0.107,5.33262949545677e-36,"18","JUP"
3.4973424058152e-40,2.94583905070892,0.382,0.05,6.2280673562757e-36,"18","ARPIN"
3.82958602986107e-40,0.956073128291934,0.994,0.579,6.81972680197659e-36,"18","HLA-DRA"
4.32290878370236e-40,1.34926401979171,0.703,0.281,7.69823596201717e-36,"18","DIAPH2"
5.80921688228119e-40,1.37489228333625,0.589,0.207,1.03450534239663e-35,"18","SH2B3"
6.84858700330471e-40,0.776057418811735,0.87,0.355,1.2195963735485e-35,"18","MARCKS"
7.38697100915437e-40,2.13508279792275,0.544,0.13,1.31547179731021e-35,"18","AL034397.3"
1.53929282788996e-39,2.30211098134875,0.483,0.114,2.74117266790644e-35,"18","PADI4"
1.64818676719958e-39,1.05793047723885,0.825,0.373,2.93509099502902e-35,"18","BID"
1.78450536749703e-39,1.6378920126445,0.548,0.173,3.17784715843871e-35,"18","ABHD5"
2.03054964118776e-39,1.40915204918592,0.755,0.284,3.61600280102717e-35,"18","ITGAM"
4.14324279033435e-39,1.37939827613006,0.692,0.241,7.37828676102742e-35,"18","GAS7"
4.45930045869509e-39,0.971796037737367,0.872,0.434,7.94112225684422e-35,"18","ZFAND5"
4.75994677683547e-39,1.47393496441981,0.634,0.229,8.4765132201886e-35,"18","ACSL4"
4.78134540092934e-39,1.50311078292436,0.675,0.233,8.51461988997497e-35,"18","HEXB"
5.35690034496266e-39,1.54752471566613,0.599,0.201,9.53956813430951e-35,"18","FGD2"
7.46705691092453e-39,1.5592032773646,0.579,0.177,1.32973349469744e-34,"18","HHEX"
8.11888265609067e-39,1.91258675472438,0.587,0.152,1.44581062339663e-34,"18","DOK3"
1.03474878661856e-38,1.88118594803674,0.581,0.154,1.84268063921033e-34,"18","NFAM1"
1.17190844944147e-38,1.69719930788322,0.545,0.15,2.08693456676538e-34,"18","CEBPA"
1.39695687470145e-38,1.19402033935526,0.85,0.414,2.48770080246834e-34,"18","RNF149"
1.90878223208145e-38,0.655724217097595,0.984,0.607,3.39915939889065e-34,"18","EFHD2"
3.08053664306889e-38,1.37081857594913,0.749,0.287,5.48581965397708e-34,"18","C9orf72"
3.27480625698079e-38,1.37703708876429,0.713,0.265,5.83177498243138e-34,"18","BLVRA"
3.8683579261955e-38,1.32441117231608,0.761,0.278,6.88877179496894e-34,"18","GRINA"
6.59734318754381e-38,1.59637033615511,0.554,0.173,1.1748548748378e-33,"18","KDM1B"
1.07795892661007e-37,1.46007172104419,0.643,0.221,1.9196292565072e-33,"18","METTL7A"
1.09076157968751e-37,1.25431713344344,0.742,0.278,1.94242822110752e-33,"18","ITGAX"
1.18722270579828e-37,1.39089597646579,0.776,0.327,2.11420619448558e-33,"18","BAZ2B"
1.95272495491009e-37,1.08690638305547,0.652,0.259,3.47741259970389e-33,"18","NABP1"
1.95486168734298e-37,1.57744419943676,0.587,0.187,3.48121769282038e-33,"18","GNB4"
2.83230131083376e-37,2.02234350548182,0.503,0.129,5.04376217433276e-33,"18","CSF2RB"
2.98420959904992e-37,0.910148135225245,0.76,0.42,5.3142804539881e-33,"18","STAT1"
3.21008182478288e-37,1.33273896614269,0.708,0.301,5.71651371357334e-33,"18","ASAP1"
3.33724719252918e-37,1.97425555693622,0.48,0.123,5.94296980045596e-33,"18","SORT1"
5.89595067026781e-37,1.28765426305158,0.633,0.234,1.04995089536129e-32,"18","ALOX5"
7.18695247213745e-37,1.49454667836212,0.705,0.242,1.27985249623824e-32,"18","GRK3"
7.61517190335847e-37,1.9044849952472,0.511,0.135,1.35610981255008e-32,"18","LTBR"
9.0721731706998e-37,2.68151145631987,0.412,0.064,1.61557259823822e-32,"18","PDK4"
9.9206383072878e-37,1.5464023219553,0.694,0.243,1.76666726976181e-32,"18","MFSD1"
1.12536842827893e-36,1.88803740151096,0.449,0.112,2.00405609707913e-32,"18","QPCT"
1.22360762083987e-36,1.40485787877721,0.574,0.198,2.17900045119164e-32,"18","NUDT16"
1.50125311207648e-36,2.02195661491142,0.466,0.118,2.67343154198579e-32,"18","LILRB4"
2.12281738318801e-36,2.42312103444247,0.431,0.074,3.7803131959812e-32,"18","C9orf139"
2.14726697592973e-36,2.04533067083639,0.563,0.141,3.82385303073566e-32,"18","CHST15"
2.16463650757151e-36,1.4543376069651,0.7,0.253,3.85478469268334e-32,"18","LFNG"
2.88926881017899e-36,2.07630427858691,0.441,0.1,5.14520989716674e-32,"18","GLT1D1"
3.09901749584879e-36,1.67986891761491,0.562,0.166,5.51873035660753e-32,"18","FGD4"
3.22201724030103e-36,1.28799272036063,0.737,0.252,5.73776830152808e-32,"18","SLC43A2"
3.28770730212026e-36,1.8015657043046,0.546,0.148,5.85474916361576e-32,"18","AC096667.1"
3.54282202076331e-36,1.55884618097429,0.688,0.234,6.30905745457531e-32,"18","JAK2"
3.54714041966222e-36,1.55829308654539,0.606,0.202,6.31674765933448e-32,"18","MBOAT7"
4.26234322114491e-36,1.19935533695002,0.845,0.387,7.59038080821485e-32,"18","ATG3"
7.73239764613777e-36,1.59394664506511,0.58,0.188,1.37698537282421e-31,"18","ARID3A"
8.12559541074568e-36,3.189352349298,0.356,0.043,1.44700603074559e-31,"18","TMEM144"
8.43042755077208e-36,1.6175075392795,0.588,0.187,1.50129053824149e-31,"18","KYNU"
1.03674125642544e-35,0.897617990776481,0.931,0.529,1.84622882944242e-31,"18","VASP"
2.18032070886576e-35,0.739525481537144,0.987,0.866,3.88271511834815e-31,"18","S100A10"
2.95257419195113e-35,0.773436400676641,0.683,0.231,5.25794412102657e-31,"18","IFI30"
3.04180820908045e-35,1.03103226702893,0.613,0.26,5.41685205873047e-31,"18","MAPKAPK3"
3.97283016227156e-35,0.64510114874658,0.861,0.385,7.07481595297319e-31,"18","ATP2B1-AS1"
5.91768904483651e-35,1.47164102474301,0.463,0.146,1.05382206510449e-30,"18","MGST2"
7.85975932378392e-35,1.06939720462978,0.877,0.475,1.39966594037944e-30,"18","PLP2"
1.2677692408268e-34,1.266882884282,0.659,0.242,2.25764346406437e-30,"18","FAM49A"
1.6663952978016e-34,0.853550979148568,0.912,0.473,2.96751674632509e-30,"18","TIMP1"
1.87495110767233e-34,1.92425956387258,0.474,0.13,3.33891293254289e-30,"18","MOSPD2"
1.97310819693686e-34,1.04580624576486,0.683,0.221,3.51371107710517e-30,"18","APOBEC3A"
2.81744540178037e-34,1.41275086781125,0.551,0.2,5.01730677149049e-30,"18","SCARB2"
2.94333974827262e-34,1.31678072654449,0.576,0.174,5.24149942372388e-30,"18","SMIM25"
2.96169974683e-34,1.23667148778729,0.533,0.186,5.27419490915487e-30,"18","KLF4"
3.05379681642356e-34,1.67468684610264,0.532,0.156,5.43820137068708e-30,"18","CYFIP1"
5.5284649809287e-34,1.65085999441208,0.515,0.161,9.84509043803784e-30,"18","MCTP1"
6.65378472556677e-34,1.5659279529274,0.544,0.171,1.18490598392893e-29,"18","DOCK5"
7.06877919834952e-34,1.76909302100434,0.577,0.169,1.25880819964208e-29,"18","EVI5"
1.00167278133589e-33,2.0489326003865,0.432,0.105,1.78377888900296e-29,"18","WDFY3"
2.56424214967728e-33,1.19909002676724,0.68,0.28,4.5664024201453e-29,"18","SPTLC2"
2.67352010806185e-33,1.21203612867253,0.827,0.367,4.76100460843655e-29,"18","HLA-DMA"
2.86190905625844e-33,1.92963079018208,0.472,0.126,5.09648764738504e-29,"18","NPL"
3.15823640373685e-33,1.39867197383267,0.642,0.236,5.62418738777458e-29,"18","SGK3"
3.25166715874185e-33,1.43686061751024,0.548,0.18,5.79056887628749e-29,"18","SLC15A3"
3.33548370247158e-33,0.939932783583525,0.941,0.565,5.9398293773614e-29,"18","HLA-DPA1"
4.66244730706946e-33,1.61762694715952,0.54,0.17,8.30288616442929e-29,"18","ADGRE2"
5.04653953877069e-33,1.42053765728225,0.528,0.181,8.98687761064285e-29,"18","TMEM170B"
7.57676873805331e-33,0.645280041201625,0.728,0.276,1.34927097687253e-28,"18","IER3"
7.8536524443298e-33,1.10589106055919,0.907,0.512,1.39857842728625e-28,"18","WSB1"
8.16076943896523e-33,1.50790934781675,0.644,0.228,1.45326982169093e-28,"18","ATP6V1A"
1.0397855541931e-32,2.38086858605013,0.367,0.072,1.85165011490707e-28,"18","CYP27A1"
1.08276145705495e-32,1.6986010388235,0.518,0.161,1.92818160272346e-28,"18","KCNK6"
1.25592486180631e-32,1.39393814127712,0.614,0.216,2.23655099390467e-28,"18","APOBR"
1.33572586238649e-32,1.89382992883263,0.482,0.123,2.37866061573787e-28,"18","HDAC9"
1.50890868650936e-32,1.03897562853478,0.778,0.371,2.68706458893586e-28,"18","RNF13"
1.78902046162824e-32,0.954031713854457,0.813,0.378,3.18588763806756e-28,"18","YBX3"
1.95820047421501e-32,1.93710526020999,0.439,0.112,3.48716340448209e-28,"18","CRYBG3"
2.24473205778375e-32,1.23140371310589,0.62,0.243,3.99741884850131e-28,"18","SCLT1"
2.39015860188621e-32,1.20075830223494,0.678,0.276,4.25639443823897e-28,"18","PRKACA"
2.74907444902827e-32,2.27181165206484,0.318,0.066,4.89555177882954e-28,"18","PRRG4"
5.19640284770613e-32,1.68684116606866,0.538,0.163,9.25375419119508e-28,"18","NAGA"
5.30676079733992e-32,1.53164264280548,0.489,0.152,9.45027962790292e-28,"18","LILRA1"
5.77359322584628e-32,1.69389405425322,0.578,0.171,1.0281614816587e-27,"18","RBM47"
6.6254567715747e-32,2.12326156037171,0.469,0.104,1.17986134188202e-27,"18","LINC00937"
1.54926924417789e-31,1.34971836820484,0.488,0.17,2.75893867003199e-27,"18","ZFHX3"
1.70305838030483e-31,2.25381502362788,0.414,0.087,3.03280636364683e-27,"18","NLRP12"
1.72595980900558e-31,2.45674473319257,0.359,0.064,3.07358922787714e-27,"18","MARC1"
2.13192718686562e-31,1.08148159887081,0.742,0.332,3.7965359343703e-27,"18","NAAA"
2.39245590946355e-31,1.11893483521521,0.731,0.309,4.26048548357268e-27,"18","MYD88"
3.18316091721431e-31,1.46301735217331,0.619,0.217,5.66857296137524e-27,"18","CTNNA1"
3.18419447543374e-31,1.58885643806049,0.531,0.172,5.67041352185241e-27,"18","ROGDI"
5.76596757951918e-31,1.67008160189662,0.481,0.14,1.02680350656078e-26,"18","GPBAR1"
6.83802341645598e-31,1.57741066629045,0.452,0.134,1.21771521000248e-26,"18","GSN"
1.12104600998338e-30,1.12494378003369,0.764,0.338,1.9963587345784e-26,"18","MYADM"
1.72776061928384e-30,1.67230333249576,0.594,0.187,3.07679611082067e-26,"18","ZSWIM6"
1.98353318978112e-30,1.46721863417762,0.634,0.209,3.53227590436222e-26,"18","OAS1"
2.09539309334493e-30,0.488363860398529,0.993,0.635,3.73147602062864e-26,"18","DUSP1"
2.14423576731008e-30,1.50194530450323,0.445,0.137,3.81845505442579e-26,"18","IRF5"
3.01996767381922e-30,1.51058022094514,0.64,0.208,5.37795843353727e-26,"18","LYL1"
6.80955734271714e-30,0.677147757759413,0.934,0.654,1.21264597159107e-25,"18","CSTB"
7.84442852214442e-30,0.695381906329827,0.645,0.237,1.39693583122348e-25,"18","MAFB"
9.51120090126659e-30,1.23166277352219,0.673,0.287,1.69375465649755e-25,"18","STAT2"
1.26073603426408e-29,1.0611955157902,0.654,0.246,2.24511872981747e-25,"18","SNX18"
1.52001668491826e-29,1.93983750535513,0.409,0.09,2.70684571250244e-25,"18","FAM13A"
1.66351851537552e-29,1.81413800611793,0.484,0.135,2.96239377218073e-25,"18","ALDH3B1"
1.67241696364524e-29,2.66715755738595,0.366,0.058,2.97824012885945e-25,"18","HSPA6"
2.55570947418603e-29,1.06228454740301,0.589,0.22,4.55120743163049e-25,"18","FOSB"
3.51838483696986e-29,0.618289445380548,0.789,0.335,6.26553971767593e-25,"18","NINJ1"
4.25706045730911e-29,1.92591596154747,0.413,0.102,7.58097326237606e-25,"18","CRISPLD2"
4.37241438599446e-29,1.6313216228379,0.464,0.141,7.78639553857894e-25,"18","DSE"
4.51236740051901e-29,0.961047545463652,0.833,0.393,8.03562386684425e-25,"18","RILPL2"
6.17744447528684e-29,1.76660598381648,0.451,0.126,1.10007931215908e-24,"18","HK3"
8.01532040591242e-29,1.49254072355672,0.422,0.134,1.42736825788488e-24,"18","CR1"
8.99224139907274e-29,0.537448534807446,0.89,0.428,1.60133834834687e-24,"18","HLA-DQB1"
9.482436736389e-29,1.70091417705332,0.529,0.16,1.68863233401615e-24,"18","BMP2K"
9.68121971069256e-29,1.49883983876712,0.469,0.151,1.72403160608013e-24,"18","TTYH3"
1.42116222644624e-28,1.93065536864728,0.363,0.089,2.53080569285546e-24,"18","LRMDA"
1.49402528524656e-28,1.04922309698043,0.723,0.327,2.66056022796707e-24,"18","SLCO3A1"
1.78227944546063e-28,1.7302504050028,0.45,0.133,3.17388323647629e-24,"18","TBC1D9"
2.8209128095779e-28,1.34524819599151,0.547,0.193,5.02348153129633e-24,"18","CKAP4"
3.26150750057478e-28,1.8837643963951,0.391,0.105,5.80809255702356e-24,"18","CNTLN"
4.12946844401592e-28,1.08821495654283,0.754,0.356,7.35375740510355e-24,"18","CD4"
4.58974983615676e-28,1.67137020496373,0.555,0.17,8.17342650822797e-24,"18","BEST1"
5.08872635870344e-28,1.3230408915022,0.543,0.186,9.06200389957909e-24,"18","CIITA"
5.24271323214453e-28,1.37206862250458,0.554,0.191,9.33622372380298e-24,"18","ODF3B"
5.48462495770561e-28,1.5662308648462,0.411,0.12,9.76702012468214e-24,"18","IL18"
6.43200234859872e-28,1.20169188717157,0.627,0.26,1.14541097823846e-23,"18","EPSTI1"
6.76241822093922e-28,1.54211980178005,0.424,0.125,1.20425143678486e-23,"18","RNASE2"
1.05303675135336e-27,2.14888751522137,0.343,0.081,1.87524784681006e-23,"18","F5"
1.82927199811661e-27,0.931658083102915,0.642,0.273,3.25756757424607e-23,"18","WARS"
2.45011440913341e-27,2.50426077368338,0.346,0.064,4.36316373978478e-23,"18","PADI2"
2.8493817088576e-27,1.09782918284097,0.65,0.269,5.07417894713361e-23,"18","CHP1"
2.90987353336883e-27,1.78388340941084,0.402,0.11,5.18190278822321e-23,"18","LILRA6"
3.19372199146487e-27,2.22839457815961,0.39,0.088,5.68738012240064e-23,"18","S100Z"
4.39506907171769e-27,2.71074838848248,0.293,0.044,7.82673900291486e-23,"18","UPK3A"
4.52414783755814e-27,1.6979028782093,0.427,0.116,8.05660246912354e-23,"18","ARHGEF40"
5.15607099857405e-27,2.27408165787083,0.26,0.05,9.18193123426067e-23,"18","CACNA2D3"
5.34982395322201e-27,1.6393001197593,0.386,0.115,9.52696649589776e-23,"18","DAPK1"
6.38998384309915e-27,1.30422810373026,0.571,0.187,1.1379283227791e-22,"18","HMOX1"
6.61547405068938e-27,2.00266135547918,0.435,0.107,1.17808361894676e-22,"18","ALDH1A1"
9.40562600667999e-27,1.68391592058043,0.492,0.147,1.67495387926957e-22,"18","NACC2"
1.20161410219957e-26,1.84197529570582,0.457,0.124,2.13983439319699e-22,"18","RASGRP4"
1.22387672533445e-26,0.592717656460547,0.978,0.739,2.17947967247559e-22,"18","CD44"
1.52110301004354e-26,1.79214179428374,0.436,0.107,2.70878024028554e-22,"18","SIGLEC7"
2.47327663204942e-26,1.03092400768764,0.586,0.225,4.4044110263536e-22,"18","CTBP2"
4.21657442457283e-26,1.39003549679108,0.516,0.184,7.5088757352793e-22,"18","TRPS1"
4.27680843942727e-26,2.72786838599944,0.294,0.036,7.61614046893208e-22,"18","CLU"
4.56207806691874e-26,1.6277294487281,0.52,0.173,8.12414862156889e-22,"18","MSRB2"
5.10339017046279e-26,1.33497893690929,0.532,0.2,9.08811721556014e-22,"18","BASP1"
8.71380129366405e-26,0.605474907760998,0.648,0.267,1.55175373437569e-21,"18","CX3CR1"
8.89044480704401e-26,0.985614539145373,0.728,0.347,1.5832104112384e-21,"18","CUX1"
1.02175133891601e-25,1.16402158803619,0.59,0.232,1.81953478434163e-21,"18","EIF4EBP1"
1.11393730504458e-25,1.19900216916238,0.638,0.259,1.98369955282339e-21,"18","CPEB4"
1.35918313388342e-25,0.714265707584577,0.666,0.275,2.42043332481959e-21,"18","AC007952.4"
1.4962032937864e-25,0.765523606370192,0.86,0.508,2.66443882557482e-21,"18","CD55"
1.66173119937624e-25,1.37652433381181,0.477,0.164,2.9592109198492e-21,"18","EPB41L3"
1.73385402087482e-25,2.11224360086521,0.394,0.088,3.08764724037388e-21,"18","CLEC4D"
3.20217841919671e-25,1.0294897706396,0.745,0.337,5.70243932890551e-21,"18","EHBP1L1"
3.22624613662648e-25,1.43805528474721,0.426,0.145,5.74529912010444e-21,"18","DHX57"
3.43295273765887e-25,1.10183389992104,0.498,0.19,6.11340223522291e-21,"18","SOX4"
3.68492789312596e-25,1.24993184942452,0.61,0.235,6.56211959207871e-21,"18","UNC93B1"
3.77218815913507e-25,0.949368963475871,0.64,0.305,6.71751267378773e-21,"18","LAP3"
3.84696712410112e-25,1.20086024899547,0.472,0.176,6.85067905459927e-21,"18","SECTM1"
5.07196598649489e-25,1.29192076348513,0.498,0.183,9.0321570287501e-21,"18","CORO1C"
5.41928742156094e-25,1.75742897853788,0.388,0.106,9.65066704031572e-21,"18","DUSP3"
5.67501732192939e-25,1.79389443140675,0.386,0.1,1.01060708468919e-20,"18","CLMN"
7.72780945588798e-25,1.41199227435077,0.553,0.191,1.37616830790453e-20,"18","CAMKK2"
2.45956032494457e-24,0.803321836171296,0.786,0.449,4.3799850266613e-20,"18","XAF1"
2.80141474623289e-24,1.98117058001245,0.393,0.094,4.98875938009153e-20,"18","MYOF"
3.34160040423116e-24,2.02583609693882,0.331,0.078,5.95072199985485e-20,"18","GPAT3"
6.80458649906378e-24,1.98293338480261,0.374,0.09,1.21176076375328e-19,"18","TLR5"
7.13857923710775e-24,1.78426117511752,0.356,0.099,1.27123819054415e-19,"18","MTMR11"
7.58640796375794e-24,0.26621642329043,0.62,0.217,1.35098753018601e-19,"18","NLRP3"
8.4074360100004e-24,0.95755272050643,0.515,0.229,1.49719620466087e-19,"18","PARP9"
8.78362116430703e-24,0.985322413140501,0.505,0.193,1.5641872569398e-19,"18","SLC2A6"
1.57019925184477e-23,0.472965252240384,0.95,0.65,2.79621082768517e-19,"18","MCL1"
1.79231363292365e-23,2.18878734137214,0.323,0.073,3.19175211751043e-19,"18","NLN"
2.80695047357784e-23,2.02119781997312,0.311,0.075,4.99861740334742e-19,"18","ACPP"
2.8792759531018e-23,1.5395556599612,0.432,0.131,5.12741461728368e-19,"18","FUCA1"
3.74431662758599e-23,1.50624261194624,0.412,0.128,6.66787905040514e-19,"18","C3AR1"
3.7834697211325e-23,0.747576565388375,0.599,0.299,6.73760287939275e-19,"18","AGFG1"
4.81933322812291e-23,1.72689546623471,0.36,0.103,8.58226861264128e-19,"18","ITPRIPL2"
5.72757116714274e-23,0.704001037614903,0.871,0.497,1.01996587344478e-18,"18","CMTM6"
7.24572026935547e-23,1.58481532171475,0.371,0.115,1.29031786556682e-18,"18","GK"
9.23232770898516e-23,1.23832803094561,0.54,0.192,1.64409291841608e-18,"18","RGS18"
1.03810092145037e-22,1.58233700463249,0.444,0.135,1.84865012091882e-18,"18","ATP6V0A1"
1.57301860408355e-22,1.01469046116673,0.776,0.375,2.80123153015199e-18,"18","TRIM8"
1.6421351845188e-22,1.93237034490763,0.405,0.102,2.92431433659107e-18,"18","HPSE"
1.9378525471091e-22,1.89252210086424,0.279,0.072,3.45092781589188e-18,"18","DYSF"
1.9989862916663e-22,1.02549745244526,0.515,0.203,3.55979478819935e-18,"18","HSPA1A"
2.01781146623832e-22,0.652996896846593,0.81,0.424,3.59331865907721e-18,"18","HIF1A"
2.50752882164174e-22,1.00801885100059,0.683,0.319,4.46540732557961e-18,"18","SEC14L1"
2.655565928486e-22,1.62296848861019,0.419,0.121,4.72903180544786e-18,"18","FRMD4B"
2.96739722093987e-22,1.68460703565962,0.421,0.129,5.28434097104971e-18,"18","RNF24"
4.161705861373e-22,0.379155493995593,0.388,0.122,7.41116579793304e-18,"18","IL1RN"
4.17791262525745e-22,0.590019790906093,0.634,0.289,7.44002680305847e-18,"18","MXD1"
4.43972488465291e-22,0.608419022115966,0.923,0.66,7.9062620745899e-18,"18","IRF1"
4.5007103724859e-22,0.906703702399002,0.705,0.337,8.0148650313229e-18,"18","PLEC"
5.75912603823058e-22,2.52837497547889,0.291,0.053,1.0255851648881e-17,"18","HGF"
6.84684206695047e-22,0.722561841025133,0.876,0.511,1.21928563528254e-17,"18","PTPN6"
7.98737301688343e-22,1.23010653434104,0.399,0.137,1.4223913868466e-17,"18","F13A1"
1.02963550134367e-21,0.481519269871682,0.856,0.569,1.83357490079281e-17,"18","HIST1H1E"
1.06758974724122e-21,1.42560144123251,0.45,0.156,1.90116382188716e-17,"18","ACER3"
1.19573308836794e-21,0.936223177889964,0.751,0.368,2.12936148376562e-17,"18","GPCPD1"
1.22892835342576e-21,1.40237618985236,0.399,0.138,2.18847561178058e-17,"18","MAP3K20"
1.30357907553351e-21,1.66815933331987,0.264,0.064,2.32141361771008e-17,"18","S1PR3"
1.30717437603354e-21,1.21884020668775,0.432,0.164,2.32781612884052e-17,"18","MTF1"
1.31890275379164e-21,1.89464497801785,0.381,0.097,2.34870202395215e-17,"18","H1F0"
1.49593504946009e-21,0.88632478431461,0.762,0.355,2.66396113607853e-17,"18","IFI6"
1.88165944142166e-21,1.0256936438264,0.632,0.268,3.3508591332837e-17,"18","PIK3AP1"
1.95047017479998e-21,1.20473037521023,0.457,0.171,3.47339728728381e-17,"18","PPM1F"
2.60485569676604e-21,2.03812053067037,0.3,0.07,4.63872702480096e-17,"18","OLIG1"
4.29008297621925e-21,0.934273064984509,0.558,0.254,7.63977976405125e-17,"18","PLIN2"
5.71144458663412e-21,1.29769158659349,0.413,0.157,1.0170940519878e-16,"18","PEA15"
6.11792462507777e-21,1.30509525023094,0.363,0.122,1.08948001723385e-16,"18","MICAL2"
6.81945587310605e-21,0.91550123337031,0.624,0.26,1.21440870188273e-16,"18","SULT1A1"
9.05996748071211e-21,1.62620229800746,0.412,0.122,1.61339900896521e-16,"18","HOMER3"
9.94790509722913e-21,1.106499963166,0.501,0.198,1.77152293971456e-16,"18","PSTPIP2"
1.42375206037654e-20,1.08738702964705,0.652,0.274,2.53541766911853e-16,"18","OAZ2"
2.2135505862141e-20,0.620920596577874,0.983,0.745,3.94189088393008e-16,"18","ANXA1"
2.27401318825343e-20,1.86586354515816,0.346,0.09,4.04956268564171e-16,"18","HK2"
2.69343423691388e-20,1.22309687715006,0.502,0.181,4.79646768909623e-16,"18","FBP1"
7.08625894506079e-20,0.501075596395457,0.518,0.212,1.26192099293643e-15,"18","SGK1"
8.11232714301247e-20,1.59615550053558,0.462,0.143,1.44464321762766e-15,"18","GM2A"
1.11749673889315e-19,1.29924154164976,0.548,0.209,1.99003819262092e-15,"18","APP"
1.29639339863497e-19,1.47217416366414,0.378,0.13,2.30861736428915e-15,"18","PID1"
1.58687824072337e-19,0.871532625464172,0.428,0.195,2.82591277108017e-15,"18","TESC"
1.90474826263648e-19,1.81218758643861,0.318,0.084,3.39197570610304e-15,"18","ASRGL1"
2.31997026830173e-19,1.00508866867591,0.424,0.168,4.13140305379172e-15,"18","SAP30"
3.39075753808435e-19,1.5835849478384,0.303,0.09,6.03826102382062e-15,"18","CD300LB"
3.40532571972327e-19,1.02305841010481,0.535,0.208,6.0642040416832e-15,"18","IFI44L"
3.90182079394776e-19,1.12374748424966,0.468,0.178,6.94836246986218e-15,"18","TENT5A"
4.21055716291466e-19,1.08764145342744,0.479,0.191,7.49816019571843e-15,"18","C15orf39"
4.26421097945201e-19,1.69861459454376,0.299,0.089,7.59370691220814e-15,"18","INSR"
4.62659787227531e-19,0.748391781853151,0.72,0.37,8.23904549094787e-15,"18","IER5"
6.73532744684884e-19,1.06425712643602,0.333,0.127,1.19942711173484e-14,"18","SIGLEC10"
7.37574076494238e-19,1.84176982546805,0.264,0.069,1.31347191542094e-14,"18","SGMS2"
1.06480040119178e-18,1.03752400170671,0.509,0.224,1.89619655444233e-14,"18","ST8SIA4"
1.07264551079694e-18,1.09390345169995,0.527,0.213,1.91016712562719e-14,"18","RARA"
1.26840712268608e-18,1.17634682976062,0.388,0.143,2.25877940407937e-14,"18","QSOX1"
1.57905723224931e-18,1.34127316222777,0.315,0.096,2.81198511918958e-14,"18","IFIT3"
1.79538051670106e-18,0.77465249892384,0.64,0.327,3.19721362414125e-14,"18","MX2"
2.02344131531591e-18,0.707862063271911,0.735,0.404,3.60334429431456e-14,"18","LIMS1"
2.44937515986126e-18,1.91987977968217,0.257,0.068,4.36184728468093e-14,"18","PLA2G7"
2.46658511364797e-18,1.66048480932016,0.313,0.088,4.3924947703843e-14,"18","RIN2"
2.49939745033717e-18,1.53239974550445,0.298,0.092,4.45092697956044e-14,"18","CD300C"
4.18781739915981e-18,1.33001004097562,0.291,0.084,7.45766522442379e-14,"18","STEAP4"
4.32383699636523e-18,1.60658990652003,0.262,0.073,7.6998889231272e-14,"18","ALCAM"
5.17516387115969e-18,0.774145651830116,0.363,0.154,9.21593182176118e-14,"18","PPIF"
6.4880407855229e-18,0.742088379932077,0.73,0.407,1.15539030308592e-13,"18","HIST2H2AC"
7.46119308919943e-18,1.00393040193231,0.37,0.129,1.32868926532464e-13,"18","ARHGAP24"
9.00626942488337e-18,0.643333055894395,0.874,0.533,1.60383645918323e-13,"18","IL10RA"
9.13415979268104e-18,1.16469645212559,0.562,0.224,1.62661117588064e-13,"18","NBPF14"
1.04558207623522e-17,1.64996716627087,0.287,0.079,1.86197256135968e-13,"18","ARRDC4"
1.44803576806705e-17,0.589436172517685,0.607,0.322,2.5786620957738e-13,"18","JARID2"
1.66264767197926e-17,1.45216195456878,0.401,0.128,2.96084297426067e-13,"18","KIF13A"
3.88312866448599e-17,0.943108233394729,0.568,0.227,6.91507552571665e-13,"18","HVCN1"
4.83338984563499e-17,1.93603041631996,0.258,0.066,8.6073006371068e-13,"18","AC005280.2"
8.93646754138752e-17,1.91531864933757,0.264,0.066,1.59140613977029e-12,"18","C5AR2"
1.15013483297619e-16,1.70669991809986,0.308,0.088,2.048160110564e-12,"18","ADAMTSL4"
2.09184030691675e-16,1.27159295401462,0.336,0.107,3.72514921855735e-12,"18","IER5L"
2.446998379644e-16,1.11736528596775,0.361,0.131,4.35761471447004e-12,"18","FAM110A"
2.82436119562656e-16,0.392797436990587,0.498,0.225,5.02962241717178e-12,"18","ETS2"
2.86845793036793e-16,1.04169325759983,0.468,0.188,5.10814988239921e-12,"18","IFI44"
3.21608750271386e-16,0.65428041380585,0.586,0.29,5.72720862483285e-12,"18","IL6ST"
3.30832150764529e-16,1.17490407348076,0.29,0.103,5.89145894081473e-12,"18","TSPAN4"
3.79129261455693e-16,1.08325818765464,0.452,0.165,6.75153388800297e-12,"18","JDP2"
5.56271607112113e-16,1.02993019198403,0.462,0.202,9.90608477945251e-12,"18","SLC36A4"
5.91945055186807e-16,0.573243700749359,0.411,0.192,1.05413575427667e-11,"18","AHR"
6.02295311085124e-16,1.72596954614974,0.313,0.091,1.07256748998039e-11,"18","MARCO"
7.47633521621417e-16,0.972135648517437,0.526,0.243,1.33138577530342e-11,"18","TLE3"
1.15683637286079e-15,0.524310133986794,0.821,0.494,2.06009421279049e-11,"18","IRF2BP2"
1.50235723209323e-15,1.2120106922882,0.393,0.143,2.67539775891163e-11,"18","SESTD1"
1.96308036578289e-15,0.528607388918581,0.827,0.532,3.49585351538617e-11,"18","DNAJA1"
2.8065847004399e-15,1.35689373571467,0.39,0.138,4.99796603454338e-11,"18","LMNB1"
2.9323144926409e-15,0.927605717412226,0.601,0.279,5.22186564849492e-11,"18","PLD3"
3.65920274013138e-15,0.53234186740545,0.771,0.481,6.51630823962597e-11,"18","PARP14"
4.45703806222677e-15,1.41802096100628,0.254,0.084,7.93709338121344e-11,"18","DST"
4.8721389673845e-15,1.05162724341143,0.351,0.125,8.67630507311832e-11,"18","AC245128.3"
5.9182883061112e-15,1.08998053808983,0.271,0.103,1.05392878155228e-10,"18","SLC16A6"
6.28783696530752e-15,0.707298589032187,0.635,0.305,1.11973800678196e-10,"18","SH3BP2"
7.58978845475962e-15,0.883456516401632,0.442,0.186,1.35158952802359e-10,"18","RRAS"
8.00602222054624e-15,0.72398294974463,0.548,0.286,1.42571243703487e-10,"18","MX1"
8.17804740191486e-15,0.83876370778894,0.535,0.225,1.456346681333e-10,"18","STX11"
9.15309392988575e-15,0.478196795892017,0.787,0.467,1.62998296703405e-10,"18","HERPUD1"
1.0296324639168e-14,1.04637925726928,0.346,0.133,1.83356949174303e-10,"18","SIDT2"
1.48235347002743e-14,1.61965439676059,0.28,0.083,2.63977505942484e-10,"18","RTN1"
1.59644575479734e-14,0.310344418194453,0.418,0.182,2.8429506001431e-10,"18","ACSL1"
1.85366960197094e-14,0.803171219719703,0.633,0.334,3.30101482718984e-10,"18","CHMP1B"
3.07585178503428e-14,0.930208027997582,0.43,0.185,5.47747685878905e-10,"18","DENND5A"
3.37233898025875e-14,0.495170098194913,0.902,0.598,6.00546125604478e-10,"18","HLA-DPB1"
5.58715062738308e-14,1.80836682111651,0.303,0.081,9.94959783724379e-10,"18","NRG1"
7.02132252400689e-14,0.936724300566331,0.566,0.244,1.25035711507515e-09,"18","FAM129A"
7.67926236114849e-14,0.781978113414647,0.338,0.16,1.36752304127332e-09,"18","EHD4"
9.64938797003642e-14,0.409055834983046,0.5,0.259,1.71836300970408e-09,"18","CD300A"
1.07503611999988e-13,1.58669091720202,0.265,0.083,1.91442432249579e-09,"18","ZEB2-AS1"
1.11988984748454e-13,1.64446992747485,0.27,0.073,1.99429984040047e-09,"18","CDH23"
1.73766287330511e-13,0.991790577379212,0.343,0.132,3.09443004478174e-09,"18","ARHGAP18"
2.34526236218006e-13,1.09671299243477,0.286,0.112,4.17644321457026e-09,"18","PTGIR"
2.65011874396919e-13,0.900826550003544,0.358,0.13,4.71933145926034e-09,"18","AQP9"
3.13890068653106e-13,0.997644030932275,0.406,0.17,5.58975434257452e-09,"18","ZMIZ1"
3.34683217570076e-13,0.97438570823357,0.429,0.17,5.96003873848791e-09,"18","P2RX4"
3.4889138489141e-13,0.477962399943573,0.758,0.512,6.21305778214622e-09,"18","TUBA1A"
4.6917214911643e-13,0.590547637351461,0.774,0.444,8.35501763146539e-09,"18","TPM4"
6.59067977496646e-13,0.768066997633715,0.467,0.226,1.17366825432603e-08,"18","FOXO3"
7.5018055169202e-13,0.953710972095372,0.449,0.19,1.33592152645315e-08,"18","CPD"
7.68819687415525e-13,0.356591982036934,0.928,0.704,1.36911409934957e-08,"18","KLF6"
8.30276790485391e-13,0.981973987849442,0.488,0.207,1.47855690849638e-08,"18","FNDC3B"
9.48453733155185e-13,0.524132452721964,0.616,0.328,1.68900640800275e-08,"18","MAP2K3"
9.53905157285062e-13,0.768030846186173,0.679,0.377,1.69871430409324e-08,"18","VAMP5"
9.70092642173996e-13,0.488797048507084,0.558,0.292,1.72754097718345e-08,"18","FOSL2"
9.94821976754724e-13,0.79227806037596,0.468,0.229,1.77157897620481e-08,"18","MDM2"
1.23481646044137e-12,1.55471654379137,0.29,0.092,2.19896115275398e-08,"18","RHOU"
1.38359269005475e-12,0.368076867408304,0.363,0.165,2.4639018624495e-08,"18","BCL11A"
1.39590338720096e-12,0.342874278505358,0.829,0.517,2.48582475192747e-08,"18","CTSC"
1.56349057951919e-12,0.9210655117775,0.444,0.194,2.78426402400777e-08,"18","RELT"
3.38635675569405e-12,0.896352054841873,0.396,0.174,6.03042411053996e-08,"18","RUFY3"
3.44501912587645e-12,1.00023413219486,0.421,0.183,6.13489005936078e-08,"18","TIAM1"
4.70211312274516e-12,0.739004646585064,0.445,0.22,8.37352304898458e-08,"18","OAS2"
5.58148927829883e-12,1.08133006386328,0.285,0.112,9.93951610679455e-08,"18","P2RX7"
9.39772327518226e-12,0.774538883957763,0.341,0.149,1.67354656084446e-07,"18","TREM1"
1.17390211119972e-11,1.10274859987654,0.359,0.143,2.09048487962445e-07,"18","CAMK1"
1.296915958373e-11,0.631607426641869,0.515,0.259,2.30954793867064e-07,"18","SMIM14"
1.3735138781066e-11,0.544142206689731,0.535,0.275,2.44595351413224e-07,"18","KDM6B"
1.50125593871774e-11,0.520812626792114,0.573,0.284,2.67343657566855e-07,"18","SLC25A37"
1.57467015063394e-11,0.497723108869941,0.492,0.265,2.80417260424892e-07,"18","NBN"
1.70502321196879e-11,0.576966181525248,0.371,0.17,3.03630533587403e-07,"18","CALHM6"
2.01977329507268e-11,0.636186249672178,0.458,0.234,3.59681228386542e-07,"18","CITED2"
3.10542442683559e-11,0.324416301033433,0.778,0.542,5.53013981930882e-07,"18","MT2A"
3.34404687957743e-11,0.468448285979618,0.474,0.238,5.95507868315149e-07,"18","IRF8"
5.03380402859319e-11,0.995285393376254,0.288,0.111,8.96419821411875e-07,"18","OAS3"
7.011400257196e-11,0.305924366680389,0.769,0.498,1.24859015780146e-06,"18","ATP2B1"
7.59306453573942e-11,1.02782707309146,0.262,0.104,1.35217293252448e-06,"18","STAB1"
9.2719561230444e-11,0.71237751051541,0.469,0.223,1.65114994639175e-06,"18","DENND3"
9.48457333257059e-11,0.35574451127552,0.595,0.366,1.68901281906417e-06,"18","NBPF19"
1.11676704037767e-10,0.826747743738839,0.345,0.153,1.98873874550456e-06,"18","B4GALT5"
1.35832110068365e-10,0.602701406297955,0.519,0.265,2.41889821609744e-06,"18","ORAI2"
1.96165903991564e-10,0.736921504149877,0.439,0.208,3.49332241828177e-06,"18","SNN"
2.32512172491192e-10,1.00964778841188,0.355,0.143,4.14057676772314e-06,"18","CXCL16"
2.40158569754106e-10,0.416575565804569,0.467,0.236,4.27674381018112e-06,"18","NFKBID"
2.52117871000247e-10,0.658572930375252,0.446,0.231,4.4897150467724e-06,"18","SLC20A1"
3.04729550265734e-10,0.339071505119474,0.735,0.424,5.42662383113219e-06,"18","MIDN"
3.31719102455093e-10,0.482133441009405,0.833,0.611,5.9072537765203e-06,"18","HMGB2"
4.48386170900943e-10,0.524386150282389,0.33,0.151,7.98486093140399e-06,"18","TCF7L2"
4.68465583249834e-10,0.428100997214245,0.437,0.228,8.34243510651304e-06,"18","AC245014.3"
4.95278790221314e-10,0.392559015871021,0.497,0.3,8.81992469626116e-06,"18","SAMD9L"
5.52262207606236e-10,0.456390121972256,0.69,0.411,9.83468539305185e-06,"18","NFE2L2"
8.19847981738009e-10,0.929141812261385,0.252,0.1,1.45998528587905e-05,"18","IFIT2"
1.17168090773797e-09,0.298363098366634,0.892,0.585,2.08652936049977e-05,"18","REL"
1.41680087403517e-09,1.29347408163958,0.272,0.096,2.52303899648183e-05,"18","GNA15"
2.12929493313843e-09,0.957088971881959,0.424,0.18,3.79184841693292e-05,"18","MID1IP1"
2.15384250773123e-09,0.501440196859017,0.412,0.229,3.83556273776778e-05,"18","LIPA"
2.37227972303206e-09,0.627642691323073,0.314,0.151,4.22455573077549e-05,"18","PHACTR1"
2.46143297717651e-09,1.02846066395019,0.33,0.138,4.38331984575592e-05,"18","SLC35E3"
4.05883870334374e-09,0.417356245279501,0.379,0.205,7.22797996291454e-05,"18","IRF7"
4.06864629210164e-09,0.367827900172889,0.363,0.191,7.2454453169746e-05,"18","KCNQ1OT1"
5.28368997444142e-09,1.0787682015914,0.317,0.123,9.40919510648528e-05,"18","MCOLN1"
6.96918359736967e-09,0.40939084318129,0.463,0.243,0.000124107221501959,"18","IRS2"
6.99387738580733e-09,0.549579687504943,0.27,0.123,0.000124546968486457,"18","HAVCR2"
8.69713027231542e-09,1.30471782029589,0.266,0.096,0.000154878495889393,"18","ATF5"
1.78557933571752e-08,0.669743668812784,0.3,0.145,0.000317975968104575,"18","PLAGL2"
2.00633144509314e-08,0.460532788044264,0.572,0.319,0.000357287503742186,"18","PHACTR2"
2.10218476508407e-08,0.786656964892898,0.29,0.101,0.000374357062966171,"18","CD40"
2.23408992037608e-08,0.31334843922034,0.395,0.253,0.000397846733020571,"18","GBP1"
7.09875060250996e-08,1.23559007411639,0.293,0.101,0.00126414550729497,"18","SLC40A1"
8.39040791325184e-08,0.38830817060551,0.418,0.244,0.00149416384119189,"18","MT1X"
9.52353669030003e-08,0.843887179651351,0.283,0.137,0.00169595141380863,"18","MAFG"
1.32073327623107e-07,0.558108827911266,0.411,0.216,0.00235196181831228,"18","SKIL"
1.74437389614553e-07,0.289592303767105,0.555,0.365,0.00310638103425595,"18","EIF2AK2"
1.76390944651419e-07,0.259612471592161,0.694,0.49,0.00314116994235246,"18","JUN"
3.01323414456885e-07,0.336578425011589,0.585,0.343,0.00536596736464821,"18","NFKB1"
3.22425691621617e-07,0.305389493152895,0.421,0.229,0.00574175671639775,"18","PELI1"
6.02501946642759e-07,0.588338092819946,0.45,0.209,0.0107293546658143,"18","RHOB"
6.1378749294309e-07,0.296378441989153,0.302,0.162,0.0109303276743305,"18","MIR4435-2HG"
1.16116976497369e-06,0.489961057121692,0.422,0.229,0.0206781111746515,"18","LPAR6"
1.28040378026835e-06,0.347403296801057,0.467,0.265,0.0228014305190189,"18","NRIP1"
1.55943606582587e-06,0.354155271140606,0.659,0.44,0.027770437460227,"18","SLC2A3"
1.65524291462156e-06,0.460329714121689,0.284,0.12,0.0294765658235808,"18","SYNGR1"
1.85321029646433e-06,0.437219156093895,0.396,0.222,0.0330019689594368,"18","ZNF267"
2.16837823205628e-06,0.349294565807822,0.545,0.322,0.0386144795564582,"18","TNIP1"
2.21323624308845e-06,0.740861909011407,0.251,0.115,0.0394133110169191,"18","RAPGEF2"
2.73648832907229e-06,0.856258958393823,0.347,0.153,0.0487313841641193,"18","SRGAP2B"
3.49617766328114e-06,0.352499821875519,0.903,0.649,0.0622599318277106,"18","CFLAR"
4.42617595635306e-06,0.316420185197031,0.374,0.216,0.0788213414307353,"18","ABI3"
4.89263417200824e-06,0.80472360354165,0.269,0.126,0.0871280293351228,"18","FABP5"
1.53637915443024e-05,0.520165865125877,0.436,0.235,0.273598399820937,"18","PPP1R15B"
6.40644442633602e-05,0.388049698413625,0.345,0.187,1,"18","BCL3"
8.42433692933073e-05,0.932227982908608,0.253,0.102,1,"18","GOLIM4"
9.28241646302107e-05,0.330052226355391,0.285,0.165,1,"18","PSMA6"
0.000110499978401347,0.333622410269729,0.412,0.251,1,"18","IFRD1"
0.000127619593637603,0.735326717270161,0.313,0.141,1,"18","CCDC112"
0.000138737811458391,0.371084628026164,0.446,0.269,1,"18","MAT2A"
0.000170240330058523,0.358787030653926,0.555,0.346,1,"18","RABGAP1L"
0.000172824723709161,0.274227888346177,0.399,0.246,1,"18","LAIR1"
0.000229654465446731,0.442242380165999,0.378,0.214,1,"18","APOL3"
0.0002644510328811,0.631633768624471,0.292,0.152,1,"18","MIR22HG"
0.00031321789871542,0.251062393467195,0.32,0.205,1,"18","GCH1"
0.000341389954102228,0.341277305634641,0.432,0.282,1,"18","RFLNB"
0.000492800091366221,0.323235878286847,0.45,0.267,1,"18","CARD19"
0.000826033114811883,0.367961220368242,0.344,0.18,1,"18","CCDC50"
0.000866579268252666,0.334384179673454,0.379,0.224,1,"18","GPR155"
0.00212737553705837,0.354860909107377,0.445,0.259,1,"18","ZNF281"
1.7823314869199e-178,9.27298105816033,0.967,0.008,3.17397591190696e-174,"19","FCER1A"
2.83610860360767e-158,2.93060651107244,1,0.582,5.05054220130455e-154,"19","HLA-DRA"
1.975572555488e-156,3.19660970302142,1,0.6,3.51809960681302e-152,"19","HLA-DPB1"
2.57916357020892e-156,6.49156825164236,0.925,0.043,4.59297448582805e-152,"19","CLEC10A"
3.40361819724416e-156,4.03241154732693,0.995,0.251,6.0611632856524e-152,"19","HLA-DQA1"
1.8719061260655e-155,3.18916512998195,1,0.568,3.33349042929745e-151,"19","HLA-DPA1"
6.65336471062174e-155,2.80603583538716,1,0.483,1.18483118766752e-150,"19","CST3"
6.07774101269026e-151,3.03405918220459,1,0.431,1.08232411953988e-146,"19","HLA-DQB1"
3.95472787112158e-149,3.11112329359071,1,0.54,7.04257939289332e-145,"19","HLA-DRB1"
7.94904985023638e-147,2.45779963130597,1,0.75,1.41556679733009e-142,"19","CD74"
1.7862153176241e-145,2.71049474410376,1,0.37,3.180892237625e-141,"19","HLA-DMA"
2.60620340173489e-125,2.43174739222102,0.988,0.305,4.64112701780949e-121,"19","CPVL"
9.91649702890701e-125,5.58615371121455,0.809,0.037,1.76592979090776e-120,"19","CD1C"
6.00287236074322e-124,2.36141481996642,0.998,0.343,1.06899151000115e-119,"19","HLA-DMB"
6.32772062655926e-122,2.00279491944005,0.997,0.432,1.12684048917767e-117,"19","CTSZ"
6.6513563020627e-114,2.22026995402453,0.984,0.333,1.18447353027133e-109,"19","CCDC88A"
3.97746826235966e-113,7.4827359838073,0.713,0.008,7.08307548161008e-109,"19","ENHO"
1.02764847581915e-111,1.77538313252731,0.997,0.556,1.83003640573875e-107,"19","ANXA2"
6.78861933880266e-110,1.58031912180374,0.998,0.677,1.20891733185398e-105,"19","GSTP1"
4.1237407947876e-106,1.52825320095732,0.997,0.867,7.34355760735775e-102,"19","S100A10"
5.1865230000956e-106,2.18211443512316,0.925,0.239,9.23616015857025e-102,"19","LGALS2"
3.96575009087948e-105,1.50846994069159,0.998,0.707,7.06220776183817e-101,"19","SAMHD1"
2.18081085271993e-104,2.96326417361388,0.873,0.386,3.88358796652366e-100,"19","HLA-DRB5"
4.32358327287589e-103,3.76282661356091,0.773,0.062,7.69943709233739e-99,"19","PLD4"
3.41956715626252e-102,2.92472220529893,0.852,0.134,6.0895651918723e-98,"19","GSN"
5.46543231578645e-102,2.60907314390881,0.893,0.187,9.73284186795251e-98,"19","CIITA"
1.11201094413764e-96,1.32842021182112,1,0.945,1.9802690893203e-92,"19","VIM"
6.4240409012586e-96,2.38995097384969,0.852,0.186,1.14399320369613e-91,"19","IL13RA1"
6.45739464055228e-95,1.80698392916389,0.984,0.412,1.14993283758955e-90,"19","JAML"
7.80616485739677e-95,1.09212990904896,1,0.927,1.39012183780522e-90,"19","GAPDH"
3.06182001134876e-94,1.11071501843509,1,0.997,5.45248907620986e-90,"19","ACTB"
4.60900330780535e-93,1.79407205542074,0.975,0.36,8.20771309053977e-89,"19","CTSH"
8.19762514190184e-93,1.56915170357274,0.992,0.42,1.45983308526988e-88,"19","FCGRT"
2.57905389071311e-91,1.57516194979303,0.998,0.621,4.59277916858191e-87,"19","LGALS1"
1.99857200411535e-89,1.99228033129624,0.949,0.271,3.55905702492861e-85,"19","ALDH2"
2.29233414047155e-89,1.78460592748733,0.98,0.31,4.08218863735173e-85,"19","IGSF6"
6.89257095255119e-87,1.43085844094198,0.997,0.555,1.22742903523032e-82,"19","H2AFY"
7.94468383014627e-87,2.49261131968322,0.797,0.162,1.41478929647245e-82,"19","KCNK6"
8.42298154860986e-87,2.36255864059536,0.78,0.16,1.49996455417644e-82,"19","CD1D"
9.53510838868358e-87,1.36161483735091,1,0.659,1.69801210185677e-82,"19","COTL1"
5.63341354230525e-84,1.68174435032037,0.967,0.324,1.00319828361372e-79,"19","CFP"
1.74201340046795e-82,1.40030582177354,0.995,0.543,3.10217746355333e-78,"19","C1orf162"
4.42619751861851e-82,1.94254982940351,0.919,0.298,7.88217254115584e-78,"19","CAPG"
3.69212588262219e-81,1.87083850048339,0.896,0.255,6.5749377717736e-77,"19","RAB32"
5.57386069578767e-81,2.11705279548094,0.811,0.189,9.92593112705869e-77,"19","CD33"
1.83284330960528e-80,2.01676715361069,0.873,0.239,3.26392736574507e-76,"19","RNASE6"
2.40106026880164e-80,1.41776727684473,0.986,0.384,4.27580812668197e-76,"19","RNF130"
2.51651532545189e-80,3.65112226611634,0.601,0.05,4.48141049156472e-76,"19","CACNA2D3"
5.5574087218699e-80,2.03492779706408,0.904,0.264,9.89663345190592e-76,"19","PAK1"
1.70249539308294e-79,1.21922822910424,1,0.675,3.03180379600209e-75,"19","RAC1"
2.22932383830178e-79,1.33979429493494,0.995,0.521,3.96997989124781e-75,"19","ANXA5"
6.74878967182574e-78,1.4726758990182,0.957,0.337,1.20182446475873e-73,"19","CSTA"
8.63564882846836e-78,1.60477904214745,0.978,0.548,1.53783634337364e-73,"19","TUBA1B"
1.05437978390788e-77,2.5615130525512,0.72,0.121,1.87763951918316e-73,"19","IL18"
3.03914482031582e-75,1.3094587530785,1,0.409,5.4121090960184e-71,"19","GRN"
5.58772794558689e-74,1.83044046586763,0.832,0.224,9.95062592550113e-70,"19","CLEC4A"
1.09898660322418e-72,2.15101231488866,0.711,0.147,1.95707534302161e-68,"19","MGST2"
4.52392829976294e-72,1.67984781928102,0.918,0.307,8.05621151621784e-68,"19","LY86"
5.42748811580173e-71,1.35382422687061,1,0.75,9.66527083661972e-67,"19","LYZ"
1.17633347432884e-70,1.4013241659974,0.978,0.488,2.09481465108479e-66,"19","RNH1"
2.58778482442837e-70,1.27754204356907,0.988,0.655,4.60832721534204e-66,"19","CSTB"
3.18736945233837e-70,2.86125559666546,0.595,0.079,5.67606752072417e-66,"19","GPAT3"
1.29514705696139e-69,1.20664159427486,0.902,0.283,2.30639787903684e-65,"19","KCTD12"
3.057387969466e-69,1.61198342520569,0.885,0.26,5.44459649602506e-65,"19","LMO2"
7.50326699868376e-69,1.67774392336508,0.904,0.306,1.3361817871256e-64,"19","DPYSL2"
1.69725412638948e-67,2.163565092362,0.722,0.15,3.02247014827439e-63,"19","PHACTR1"
3.92979636920929e-65,1.16526296368071,0.998,0.498,6.99818137428791e-61,"19","AP1S2"
2.53953649558107e-64,3.58120879534246,0.55,0.072,4.52240659133076e-60,"19","LMNA"
8.20053508833047e-64,5.0171587165911,0.478,0.016,1.46035128852989e-59,"19","FLT3"
8.87831185164549e-63,2.96194891787619,0.573,0.073,1.58104977454103e-58,"19","ALCAM"
1.11271006494783e-62,1.09441810492702,0.983,0.513,1.98151408365909e-58,"19","GLIPR1"
1.46925132192163e-62,1.98407020227252,0.745,0.186,2.61644275407803e-58,"19","SPECC1"
1.81387403017434e-62,3.50616742747933,0.497,0.045,3.23014687293446e-58,"19","UPK3A"
2.5483609642848e-62,1.82278037271156,0.741,0.184,4.53812120519837e-58,"19","SHTN1"
1.82196112701945e-61,0.726047137839849,0.995,0.538,3.24454837499624e-57,"19","FOS"
2.11915780995627e-61,1.01301290559961,0.82,0.233,3.77379622797012e-57,"19","IFI30"
1.72534260483058e-60,2.88752199039618,0.616,0.082,3.0724901106823e-56,"19","RTN1"
1.89227728276143e-60,2.04770106599857,0.7,0.158,3.36976738514156e-56,"19","PEA15"
2.01704481723824e-60,1.17790027127196,0.946,0.327,3.59195341053785e-56,"19","TNFSF13B"
7.46409838386998e-60,2.3488323006866,0.666,0.125,1.32920664019957e-55,"19","FABP5"
1.01709208050101e-59,5.00852546891856,0.429,0.013,1.81123757695619e-55,"19","CLIC2"
4.35785090050946e-59,1.85695335405668,0.682,0.158,7.76046088362724e-55,"19","SEMA4A"
4.44976266410328e-59,1.00140259276338,0.991,0.401,7.92413735223512e-55,"19","FGL2"
4.67799973180264e-59,1.02850333543203,0.997,0.747,8.33058192239415e-55,"19","ANXA1"
7.0647270452424e-59,1.30902301628756,0.84,0.273,1.25808659221677e-54,"19","RAB31"
1.05322837842567e-58,1.92285085668496,0.803,0.268,1.87558909630043e-54,"19","MAT2A"
2.53295610167296e-58,2.21537003451697,0.637,0.13,4.5106882258592e-54,"19","PID1"
3.05349329465243e-58,3.2776747137837,0.54,0.063,5.43766085911705e-54,"19","FCGR2B"
4.05110481613841e-58,1.09496789895358,0.983,0.363,7.21420745657927e-54,"19","SPI1"
9.31560658320916e-58,1.26886406255594,0.96,0.456,1.65892322033789e-53,"19","PLEKHO1"
1.29881107402733e-57,0.810400963370149,0.997,0.395,2.31292276062787e-53,"19","MNDA"
2.6044538296319e-57,1.96687819683817,0.598,0.125,4.63801137980849e-53,"19","HDAC9"
1.44686365595504e-56,0.743680481009829,0.961,0.408,2.57657479852474e-52,"19","CEBPD"
1.60528984213117e-56,0.73923016870403,0.995,0.491,2.85870015086718e-52,"19","LST1"
1.66491085926808e-56,0.920557118249615,0.997,0.696,2.96487325818459e-52,"19","PRELID1"
2.98639949590858e-56,1.89838060359722,0.748,0.197,5.318180222314e-52,"19","CD86"
6.88031949245405e-56,1.63349853948966,0.679,0.188,1.22524729521622e-51,"19","KLF4"
1.26895809015498e-55,1.77276892677935,0.739,0.322,2.25976056694798e-51,"19","MS4A6A"
1.64807329181025e-55,0.967937102293607,0.991,0.453,2.93488891805569e-51,"19","TYMP"
1.7867639108107e-55,1.72474843782499,0.71,0.175,3.1818691723717e-51,"19","FES"
1.45949621398229e-54,0.793316232118704,1,0.964,2.59907085785966e-50,"19","S100A6"
1.76018498259092e-54,3.89026825215113,0.433,0.025,3.13453741699791e-50,"19","ATP1B1"
4.78325667126005e-54,1.30723485411382,0.884,0.33,8.5180234801799e-50,"19","LGALS9"
5.19709929296113e-54,1.56618096981285,0.789,0.225,9.25499442090519e-50,"19","ZNF385A"
5.37773107981405e-54,1.01092216438846,0.84,0.27,9.57666350693286e-50,"19","PLBD1"
1.94472432388937e-53,1.08584140367403,0.938,0.396,3.4631650759822e-49,"19","LGALS3"
2.14158507275789e-53,1.2666716240156,0.811,0.3,3.81373469756725e-49,"19","SULF2"
3.64053196918387e-53,1.45159885929374,0.851,0.306,6.48305933072263e-49,"19","LAP3"
4.02702087099636e-53,1.11125985559417,0.922,0.346,7.17131876707032e-49,"19","BLVRB"
9.13108884992921e-53,0.761353588072321,0.998,0.55,1.62606430239539e-48,"19","AIF1"
1.36253511238092e-52,0.646458351862301,1,0.969,2.42640252812794e-48,"19","OAZ1"
1.4123357384767e-52,1.13710072417734,0.876,0.386,2.51508748307931e-48,"19","RAB11FIP1"
1.60549918751494e-52,1.0739914827108,0.947,0.437,2.8590729531266e-48,"19","CASP1"
4.63695814429915e-52,1.11595406205263,0.969,0.476,8.25749506336793e-48,"19","TIMP1"
8.13505109799097e-52,0.827075329860357,0.992,0.726,1.44868989953023e-47,"19","TSPO"
1.34421114276412e-51,2.00574078710049,0.663,0.16,2.39377120303435e-47,"19","CSF2RA"
1.40708363857356e-51,0.467355249710125,1,0.996,2.50573454357179e-47,"19","FTH1"
2.80778329966457e-51,1.34454231009827,0.781,0.243,5.00010050004267e-47,"19","RASSF4"
2.87828285855285e-51,1.19781589082769,0.761,0.226,5.12564611451092e-47,"19","ETS2"
3.53522848349351e-51,1.95141707169245,0.587,0.133,6.29553488340523e-47,"19","IMPA2"
1.09060328388276e-50,2.15071813317306,0.604,0.138,1.94214632793843e-46,"19","F13A1"
2.76803302491775e-50,1.13829309092543,0.925,0.331,4.92931321077353e-46,"19","MEF2C"
2.87711594133201e-50,1.80322967310381,0.671,0.174,5.12356806832404e-46,"19","RUFY3"
3.69369414947702e-50,0.955100078779888,1,0.475,6.57773054138867e-46,"19","FCER1G"
9.20650942050391e-50,1.27815113717762,0.699,0.222,1.63949519760334e-45,"19","FOSB"
1.08046539052371e-49,2.98582196625961,0.525,0.048,1.92409276744462e-45,"19","HLA-DOA"
1.56138881257991e-49,1.40422827706393,0.733,0.237,2.78052119744231e-45,"19","JAK2"
1.75549766073394e-49,1.94019504012342,0.689,0.201,3.126190234235e-45,"19","BASP1"
2.48151867403582e-49,1.4394712594916,0.734,0.21,4.41908845472299e-45,"19","CSF1R"
4.4566405684103e-49,1.26564283327907,0.856,0.304,7.93638552422506e-45,"19","SYK"
5.13202904813151e-49,0.487239303235069,1,0.991,9.1391173289126e-45,"19","H3F3A"
1.14468587170248e-48,1.21221790861614,0.91,0.469,2.03845660032777e-44,"19","HERPUD1"
1.23115286494866e-48,0.987529700830124,0.983,0.566,2.19243702190058e-44,"19","FKBP1A"
1.81655358891963e-48,2.43658720526527,0.512,0.084,3.23491863114807e-44,"19","DST"
2.01030314716435e-48,6.83398965544416,0.368,0.003,3.57994784447028e-44,"19","PKIB"
4.10005106068459e-48,1.12997290584255,0.804,0.264,7.30137092886711e-44,"19","PLXDC2"
4.52097700648383e-48,0.442300427381777,1,1,8.05095585314641e-44,"19","TMSB4X"
4.5633649248338e-48,1.04125118574753,0.834,0.28,8.12644025814403e-44,"19","CD302"
9.69938782978081e-47,0.994547127546195,0.978,0.523,1.72726698472737e-42,"19","PYCARD"
1.466497660912e-46,1.13529230518485,0.668,0.222,2.61153903455208e-42,"19","KIAA0930"
2.69740893946967e-46,2.05606303419666,0.506,0.102,4.80354583940759e-42,"19","HBEGF"
3.82351621395138e-46,0.743208771624436,1,0.94,6.80891767380463e-42,"19","S100A4"
3.97069185101697e-46,1.23438908845664,0.817,0.306,7.07100804829103e-42,"19","GNAQ"
4.23822035684899e-46,2.51745256388958,0.484,0.072,7.54742281147668e-42,"19","BATF3"
1.2233786873824e-45,6.98169539775857,0.326,0.003,2.17859276649058e-41,"19","CD1E"
7.72800349539878e-45,1.04938487876016,0.852,0.329,1.37620286246062e-40,"19","KLF10"
1.02140483362251e-44,1.24540769053132,0.778,0.281,1.81891772771496e-40,"19","ITGAX"
1.37946583936575e-44,0.699910154059971,0.997,0.867,2.45655276674253e-40,"19","CALM2"
2.68588524851656e-44,1.5013931677018,0.733,0.239,4.7830244505583e-40,"19","C20orf27"
5.81757467022704e-44,1.16043790908017,0.671,0.218,1.03599369727403e-39,"19","NR4A1"
9.37760006590253e-44,1.18771153963158,0.821,0.304,1.66996301973592e-39,"19","CRTAP"
9.74545271952719e-44,1.02080573536287,0.908,0.39,1.7354702202934e-39,"19","TPP1"
1.22605089899108e-43,1.58070116117023,0.564,0.094,2.18335144092331e-39,"19","ADAM28"
2.1672869123567e-43,1.70449351670705,0.542,0.139,3.85950453352481e-39,"19","MAP3K20"
2.26774821180692e-43,1.36248450975755,0.72,0.242,4.03840601558577e-39,"19","DAPP1"
2.66966332209718e-43,1.533232266669,0.71,0.198,4.75413644399066e-39,"19","SLC8A1"
9.96497275968607e-43,1.08075205376864,0.899,0.375,1.7745623490449e-38,"19","BID"
1.60416445162989e-42,1.27390097910713,0.798,0.322,2.85669605546251e-38,"19","GPR183"
7.19584850493389e-42,0.70246230804134,0.998,0.746,1.28143670175863e-37,"19","S100A11"
1.20194631492153e-41,1.14301289543893,0.595,0.193,2.14042599761226e-37,"19","AHR"
1.23810601059787e-41,1.87091899651187,0.516,0.12,2.20481918367269e-37,"19","LILRB4"
1.61187557561753e-41,0.919301837364073,0.978,0.549,2.8704280250597e-37,"19","ATP6V0B"
1.65816009355336e-41,1.05887469665944,0.891,0.39,2.95285149459982e-37,"19","ATG3"
2.51315460480473e-41,1.29347500812621,0.666,0.215,4.47542572023627e-37,"19","APAF1"
4.34053233903691e-41,0.900295242171344,0.84,0.304,7.72961998935693e-37,"19","CPPED1"
5.5524333751043e-41,2.27883115806135,0.439,0.075,9.88777335438573e-37,"19","HIP1"
6.53368693042824e-41,1.17508932444584,0.658,0.159,1.16351896857066e-36,"19","IGFBP7"
7.35857261693395e-41,1.02729278202793,0.96,0.63,1.3104146116236e-36,"19","ID2"
1.5847260249643e-40,1.16727849134668,0.724,0.262,2.82208010525643e-36,"19","LACTB"
1.6224529246859e-40,0.672380344835423,0.983,0.558,2.88926416828064e-36,"19","TALDO1"
1.77517710322397e-40,1.25884994360619,0.812,0.34,3.16123538542125e-36,"19","MYADM"
2.05466639714713e-40,2.07128946382137,0.508,0.119,3.6589499200396e-36,"19","GRASP"
2.21569046529016e-40,1.13762787812635,0.764,0.288,3.94570158058871e-36,"19","PLSCR1"
2.72030567699797e-40,0.977369367046387,0.848,0.344,4.84432034959799e-36,"19","OGFRL1"
2.83597204517262e-40,1.66192923499352,0.618,0.158,5.05029901804339e-36,"19","ACER3"
4.0364373445085e-40,1.41032930081872,0.679,0.209,7.18808762310074e-36,"19","SH2B3"
8.27623620153089e-40,0.471976224281248,0.893,0.345,1.47383214276862e-35,"19","MPEG1"
1.00263312824082e-39,0.643242165606341,0.79,0.288,1.78548907477125e-35,"19","CD36"
1.16020823277546e-39,0.858716139993145,0.925,0.423,2.06609882092654e-35,"19","PTPRE"
3.15344580470614e-39,0.815761343715481,0.717,0.286,5.6156562890207e-35,"19","AC020656.1"
6.24169405008539e-39,2.03264151411979,0.461,0.091,1.11152087643921e-34,"19","LRMDA"
7.67875513355497e-39,1.24404647683314,0.789,0.368,1.36743271418347e-34,"19","GADD45B"
9.57252700280392e-39,2.69549536971935,0.478,0.06,1.70467560865932e-34,"19","SPATS2L"
2.14662944161974e-38,1.45289334994715,0.665,0.179,3.82271770963643e-34,"19","CCDC50"
4.44569740000127e-38,0.688325086772221,0.907,0.342,7.91689792992226e-34,"19","NCF2"
4.62778255896044e-38,0.720650728233274,0.772,0.285,8.24115518099674e-34,"19","PILRA"
7.13736435206406e-38,1.25041840287625,0.613,0.194,1.27102184381557e-33,"19","RGS18"
1.02855577459512e-37,0.575392390105687,0.994,0.6,1.83165212339898e-33,"19","TKT"
1.12256418917117e-37,0.65640164384167,0.817,0.317,1.99906230807602e-33,"19","CLEC12A"
1.86910563850897e-37,0.83399583823849,0.862,0.349,3.32850332105677e-33,"19","MARCH1"
2.26564532524036e-37,1.27145938397395,0.638,0.203,4.03466119518804e-33,"19","CDKN1A"
3.03379955733493e-37,0.79824848103169,0.752,0.246,5.40259025170204e-33,"19","LRRC25"
3.26250537706111e-37,2.04837274261815,0.435,0.101,5.80986957547042e-33,"19","MTMR11"
3.93119139829233e-37,0.805354495890784,0.756,0.272,7.00066564207899e-33,"19","TGFBI"
6.0084589791357e-37,1.29209322231292,0.644,0.206,1.06998637500449e-32,"19","GAPT"
6.10869962575806e-37,1.16475397593526,0.593,0.184,1.087837229355e-32,"19","MGST1"
6.35773816768476e-37,0.680568594771101,0.997,0.808,1.1321860129013e-32,"19","GNAI2"
6.64411507162492e-37,1.36927726536292,0.634,0.204,1.18318401195497e-32,"19","FGD2"
1.05769380802984e-36,0.552740666430561,1,0.973,1.88354113333954e-32,"19","SH3BGRL3"
1.24761659299425e-36,1.28557532760566,0.691,0.236,2.22175562880417e-32,"19","HEXB"
1.83154498008055e-36,1.20283057257076,0.7,0.233,3.26161530052744e-32,"19","EIF4EBP1"
2.79230309149325e-36,1.65624135147208,0.54,0.143,4.97253334533118e-32,"19","DSE"
3.81750367935228e-36,2.89572609044394,0.393,0.047,6.79821055219054e-32,"19","CPED1"
4.17697810001252e-36,1.08631407215018,0.683,0.246,7.4383626005023e-32,"19","MFSD1"
5.64799033368361e-36,1.19741113644202,0.607,0.165,1.00579411862238e-31,"19","BCL11A"
6.26312104345119e-36,1.15095831462712,0.68,0.246,1.11533659541779e-31,"19","IL6R"
7.9627609546159e-36,1.20520026766508,0.734,0.336,1.418008470798e-31,"19","CHMP1B"
8.58972257835407e-36,2.02794174008493,0.46,0.087,1.52965779675329e-31,"19","EPB41L2"
1.0844872834172e-35,0.825161173038952,0.776,0.303,1.93125495430936e-31,"19","NAIP"
1.40856130200939e-35,1.3778066906296,0.531,0.158,2.50836596661833e-31,"19","CYFIP1"
2.65967194638947e-35,0.977391887452311,0.579,0.22,4.73634380213036e-31,"19","CTNNA1"
2.96814973304249e-35,0.876318731561162,0.75,0.341,5.28568104460206e-31,"19","MAP3K8"
4.99594924382207e-35,0.930128733202223,0.837,0.358,8.89678641339835e-31,"19","PPT1"
5.29228181042582e-35,2.04694501344573,0.438,0.101,9.4244954480063e-31,"19","VEGFA"
7.73782977361041e-35,0.841075579210816,0.811,0.378,1.37795272608454e-30,"19","TRIM8"
3.12040958843423e-34,1.08978385794183,0.615,0.215,5.55682539508368e-30,"19","RARA"
3.21405238237526e-34,1.16134807350288,0.61,0.205,5.72358448253386e-30,"19","MBOAT7"
4.98383706822782e-34,1.28865928270305,0.579,0.183,8.87521705110011e-30,"19","FBP1"
5.9589462563692e-34,1.15477469253051,0.62,0.215,1.06116914933423e-29,"19","PRKCD"
1.17670733458973e-33,0.947226025773798,0.68,0.25,2.09548042143739e-29,"19","EMILIN2"
3.40600859273964e-33,1.10442615734294,0.661,0.237,6.06542010195075e-29,"19","UNC93B1"
3.88438129590694e-33,1.20049422129651,0.511,0.169,6.91730621175108e-29,"19","SAP30"
1.6461507715678e-32,0.888836583613001,0.683,0.262,2.93146529400794e-28,"19","LY96"
2.40824165320816e-32,1.22663234393881,0.498,0.093,4.2885967360331e-28,"19","AFF3"
1.02938889579906e-31,1.20629581409167,0.54,0.171,1.83313574563897e-27,"19","CD163"
1.12155919147188e-31,0.318371416236173,0.998,0.807,1.99727260817313e-27,"19","SRGN"
1.13724842255514e-31,0.9240818714369,0.506,0.179,2.0252119908862e-27,"19","TFEC"
1.51099627388588e-31,1.26618295799853,0.494,0.155,2.69078216453597e-27,"19","PPIF"
2.04675402486259e-31,0.896512133375107,0.682,0.245,3.6448595674753e-27,"19","GRK3"
2.12054577486571e-31,0.319160081119821,1,1,3.77626791588085e-27,"19","MT-CO1"
2.25160682709803e-31,0.472416696347189,0.983,0.589,4.00966143769617e-27,"19","BRI3"
2.53735732135299e-31,0.929631752349103,0.89,0.445,4.5185259178654e-27,"19","TPM4"
3.37768834495377e-31,0.765519061232391,0.842,0.363,6.01498740469367e-27,"19","THEMIS2"
3.57960068680644e-31,0.561712297883004,0.812,0.328,6.3745529030649e-27,"19","GCA"
3.68664228920296e-31,0.773534756748815,0.842,0.396,6.56517258861263e-27,"19","RILPL2"
6.0596742345306e-31,1.01323962926831,0.429,0.123,1.07910678768521e-26,"19","HAVCR2"
7.31172489745973e-31,2.67432886700252,0.303,0.04,1.30207196973963e-26,"19","ZNF503"
1.39301523821218e-30,0.990066132297614,0.741,0.283,2.48068153620825e-26,"19","SPTLC2"
1.48847000147714e-30,0.772781443903539,0.86,0.404,2.65066737863049e-26,"19","ZYX"
2.25954555234474e-30,0.627553679147396,0.848,0.374,4.02379871961551e-26,"19","ADA2"
3.0782481637503e-30,1.13037083416027,0.578,0.19,5.48174433000654e-26,"19","KYNU"
3.95538757377594e-30,0.739359391736163,0.797,0.381,7.04375419138019e-26,"19","YBX3"
8.32230002706081e-30,0.686283515023111,0.916,0.484,1.48203518881899e-25,"19","QKI"
1.03677752364796e-29,0.294773678866051,0.97,0.51,1.84629341411228e-25,"19","APLP2"
1.4672810360062e-29,1.00034351136829,0.593,0.203,2.61293406891984e-25,"19","HNMT"
1.8885077741676e-29,0.963522050814366,0.766,0.326,3.36305464423767e-25,"19","NAGK"
1.92246095997745e-29,0.829319783943806,0.75,0.311,3.42351847752785e-25,"19","MYD88"
2.79811484827472e-29,1.04118823035597,0.868,0.517,4.98288292180762e-25,"19","DDIT4"
4.36171513462474e-29,0.74983913491055,0.947,0.558,7.76734231173975e-25,"19","PKM"
5.74911238096285e-29,1.67520003807794,0.45,0.107,1.02380193280187e-24,"19","DUSP3"
6.28265248405165e-29,1.3530856970081,0.526,0.152,1.11881475435992e-24,"19","LPCAT2"
6.4319066789422e-29,0.963963794967201,0.649,0.246,1.14539394138603e-24,"19","FAM129A"
8.31318560723657e-29,0.996333648536879,0.674,0.233,1.48041209293669e-24,"19","SCIMP"
9.53533510326622e-29,0.793763893957954,0.896,0.499,1.69805247518965e-24,"19","ATP2B1"
1.20680817212029e-28,1.14809181773919,0.559,0.19,2.14908399291181e-24,"19","GNB4"
1.51344923387062e-28,1.00390622486941,0.443,0.142,2.6951503956768e-24,"19","CCDC112"
2.19002534291188e-28,1.468730525201,0.436,0.114,3.89999713065748e-24,"19","CRYBG3"
5.72545298329542e-28,1.05648885263041,0.55,0.18,1.01958866726525e-23,"19","HHEX"
7.29520698957691e-28,1.50591448927837,0.363,0.097,1.29913046070386e-23,"19","MYOF"
7.68539946763099e-28,1.13950482424048,0.503,0.167,1.36861593719573e-23,"19","ZNF467"
8.8823446664345e-28,0.915583999116699,0.63,0.226,1.58176793819866e-23,"19","CREG1"
1.07573828600746e-27,0.506895840557838,0.823,0.331,1.91567473972208e-23,"19","CLEC7A"
1.4154273950124e-27,0.695960673769999,0.96,0.592,2.52059310503808e-23,"19","CD63"
1.78307831138424e-27,0.817262068725727,0.807,0.359,3.17530585691306e-23,"19","CD4"
3.23867067079443e-27,0.628321487277147,0.958,0.503,5.76742473055073e-23,"19","NPC2"
3.44204481922099e-27,1.27533479015522,0.413,0.123,6.12959341406874e-23,"19","FRMD4B"
4.10095899524166e-27,0.714259959368309,0.854,0.402,7.30298777872634e-23,"19","SKAP2"
6.4669966464012e-27,1.16210833179973,0.435,0.108,1.15164276279113e-22,"19","PTMS"
7.458877943503e-27,1.19664719499064,0.534,0.174,1.32827698417901e-22,"19","ROGDI"
9.20654997827356e-27,0.632220725943607,0.643,0.211,1.63950242013096e-22,"19","RHOC"
1.0420685079903e-26,1.15082374475417,0.486,0.153,1.85571559902913e-22,"19","CEBPA"
1.25507985402713e-26,0.567102780558822,0.714,0.277,2.23504620405152e-22,"19","LILRB3"
1.31911567119677e-26,0.640255850225696,0.767,0.331,2.34908118726721e-22,"19","SNX10"
1.53884659182296e-26,1.19308670512071,0.53,0.167,2.74037801071832e-22,"19","JDP2"
1.62495912057021e-26,1.61470113144583,0.385,0.105,2.89372720191143e-22,"19","ITPRIPL2"
1.92049948866333e-26,1.41203294471568,0.404,0.102,3.42002548941165e-22,"19","GOLIM4"
2.00388584437324e-26,0.911260436264255,0.489,0.175,3.56851991165986e-22,"19","RBM47"
2.04670493934745e-26,0.944543076578928,0.589,0.218,3.64477215598994e-22,"19","BTK"
3.34706946210666e-26,0.695347916225716,0.925,0.499,5.96046129811955e-22,"19","CMTM6"
3.71478585998912e-26,0.536046312631665,0.871,0.384,6.61529065946863e-22,"19","CTSB"
4.48421416355499e-26,0.562879723418379,0.745,0.29,7.98548858245872e-22,"19","TIMP2"
4.51810916967516e-26,0.657310539424014,0.955,0.563,8.04584880935753e-22,"19","CARD16"
4.96626397039736e-26,0.539194256483599,1,0.565,8.84392287848362e-22,"19","TYROBP"
5.09406117635783e-26,1.02079931717495,0.508,0.177,9.07150414285802e-22,"19","P2RY13"
1.0335152981935e-25,0.928008663986472,0.534,0.181,1.84048404302298e-21,"19","CREB5"
1.08437417332278e-25,1.34774828008609,0.618,0.218,1.9310535278532e-21,"19","NR4A2"
1.86892234620003e-25,2.45357176597842,0.278,0.037,3.32817691411301e-21,"19","PRKAR2B"
1.99234944703761e-25,1.23681365201196,0.568,0.184,3.54797589528458e-21,"19","CORO1C"
2.41230734552356e-25,0.368506247280217,0.949,0.63,4.29583692090835e-21,"19","ZFP36"
3.80082321625412e-25,0.643347697391606,0.759,0.356,6.76850598350533e-21,"19","IFITM3"
4.55311725394889e-25,1.23502019857794,0.542,0.172,8.10819120583218e-21,"19","ZFHX3"
4.71054084230853e-25,0.773797797128753,0.849,0.377,8.38853113198302e-21,"19","HSBP1"
5.37054226148091e-25,0.704930602467421,0.795,0.354,9.56386165924521e-21,"19","AOAH"
5.52467597637821e-25,1.53176184257487,0.374,0.096,9.83834297873431e-21,"19","GNA15"
5.72411619382301e-25,1.09318976530266,0.424,0.137,1.019350611796e-20,"19","MAFG"
6.38607847315903e-25,0.730170240390773,0.562,0.216,1.13723285450016e-20,"19","LILRA2"
7.66349130501984e-25,0.838296672590027,0.623,0.239,1.36471453159793e-20,"19","SGK3"
1.3262990947623e-24,1.16954089356712,0.559,0.171,2.3618734279527e-20,"19","CALHM6"
1.86847536698273e-24,0.518283400699152,0.668,0.278,3.32738093352284e-20,"19","LRP1"
2.17665501620288e-24,0.584550527538225,0.988,0.722,3.87618725285408e-20,"19","AHNAK"
2.47073844561309e-24,0.570272314266909,0.935,0.532,4.39989102394779e-20,"19","VASP"
4.69766536675251e-24,1.11406542143737,0.435,0.139,8.36560248511287e-20,"19","LMNB1"
5.3379918091236e-24,0.477696976249497,0.71,0.287,9.50589581368731e-20,"19","HCK"
6.01425306355096e-24,1.50994981192971,0.415,0.127,1.07101818555716e-19,"19","RNASE2"
6.3068503397541e-24,0.559578778114865,0.738,0.33,1.12312390850341e-19,"19","METRNL"
8.89734918083327e-24,1.05115069849652,0.506,0.169,1.58443994212279e-19,"19","FGD4"
9.34562248717854e-24,1.13170490948628,0.592,0.214,1.66426845251676e-19,"19","ENTPD1"
1.34644218543631e-23,1.10238652529355,0.429,0.139,2.39774424382498e-19,"19","IRF5"
1.50785063852841e-23,0.819899741584961,0.8,0.345,2.68518041709139e-19,"19","STX7"
1.69881121847095e-23,2.32894009600401,0.331,0.088,3.02524301785306e-19,"19","AREG"
2.42620328976978e-23,1.24396213487569,0.464,0.144,4.32058281842203e-19,"19","CAMK1"
2.44929965057758e-23,1.07070517129985,0.365,0.118,4.36171281774855e-19,"19","ARHGEF40"
2.91477129579306e-23,0.813862136839556,0.744,0.362,5.19062472354828e-19,"19","TOB1"
3.17138352323233e-23,0.782715507705226,0.503,0.189,5.64759977817213e-19,"19","SIRPA"
3.42276435367987e-23,0.766854493869614,0.646,0.271,6.09525876103312e-19,"19","CHP1"
4.28886509485936e-23,0.696586268289045,0.64,0.281,7.63761096092555e-19,"19","PLD3"
4.38545181018116e-23,1.34659035735844,0.407,0.121,7.8096125835706e-19,"19","FNIP2"
4.91370229965359e-23,1.0775631116541,0.477,0.164,8.75032105522311e-19,"19","MCTP1"
5.05418088177698e-23,2.47922440222324,0.284,0.043,9.00048531426845e-19,"19","IGF2BP2"
5.39245955875092e-23,1.42613506323465,0.474,0.137,9.60289198222365e-19,"19","LTBR"
5.88909251107145e-23,0.98100358583866,0.474,0.171,1.0487295943716e-18,"19","ZMIZ1"
7.27070882769257e-23,1.01345083980623,0.418,0.12,1.29476782803549e-18,"19","SYNGR1"
9.49235183166067e-23,1.31805134700337,0.301,0.09,1.69039801418213e-18,"19","INSR"
1.51624403927652e-22,0.750714337190009,0.741,0.331,2.70012738514362e-18,"19","TET2"
1.90752924442856e-22,0.911425672701716,0.517,0.196,3.39692807847838e-18,"19","RELT"
3.54989896528481e-22,0.933821585682408,0.483,0.174,6.32166007737918e-18,"19","DOCK5"
4.06162858090904e-22,0.546272720671549,0.519,0.205,7.23294817688282e-18,"19","OSCAR"
4.1428582648477e-22,0.434294837873044,0.938,0.522,7.37760199804079e-18,"19","POU2F2"
4.44765687173264e-22,2.24320505841623,0.27,0.046,7.92038735718149e-18,"19","RAB13"
5.4741082575983e-22,1.01932066112654,0.297,0.063,9.74829198513106e-18,"19","BCL7A"
5.50857573772617e-22,0.452159618579038,0.925,0.545,9.80967167374277e-18,"19","ARRB2"
1.8054572282617e-21,0.379091205397352,0.882,0.416,3.21515823208843e-17,"19","FGR"
1.98936359416555e-21,0.689468067793383,0.797,0.378,3.54265868849001e-17,"19","IFNGR1"
2.33492991316715e-21,0.945649713068524,0.492,0.183,4.15804318936807e-17,"19","SLC15A3"
2.84328602590073e-21,1.33637773409586,0.363,0.113,5.06332375492402e-17,"19","PTGIR"
3.04448130307623e-21,0.708864657167095,0.638,0.304,5.42161230451814e-17,"19","ASAP1"
3.10817331148148e-21,1.25999051032214,0.466,0.135,5.53503503308622e-17,"19","TBC1D9"
3.49375756057544e-21,1.12911878145535,0.483,0.166,6.22168346387275e-17,"19","EPB41L3"
3.72632536567014e-21,0.27952492622144,0.977,0.709,6.63584021118539e-17,"19","IER2"
4.72230027095802e-21,0.609156353278425,0.542,0.224,8.40947232252205e-17,"19","NRGN"
5.02412159248927e-21,0.675664169501431,0.523,0.205,8.9469557319049e-17,"19","PLXNB2"
7.64266031853244e-21,0.697452136913808,0.573,0.228,1.36100494952426e-16,"19","CTBP2"
9.61250243669805e-21,0.877487845368612,0.604,0.262,1.71179443392719e-16,"19","EPSTI1"
1.13574463159927e-20,0.797520386115569,0.503,0.21,2.02253403995199e-16,"19","BHLHE40"
1.56990443869879e-20,0.839994865680439,0.592,0.239,2.79568582443481e-16,"19","IRF8"
2.77150961503266e-20,2.18682083676399,0.25,0.047,4.93550432245017e-16,"19","NFE2L3"
3.40601378810431e-20,0.92888252827802,0.503,0.18,6.06542935385615e-16,"19","TENT5A"
4.34634976949291e-20,0.767931194150728,0.488,0.15,7.73997966951298e-16,"19","TCF4"
4.65176056560584e-20,0.774402285793803,0.497,0.185,8.28385521523088e-16,"19","SMCO4"
6.48389882026829e-20,0.902808502983338,0.592,0.232,1.15465270191338e-15,"19","ATP6V1A"
1.32983368036136e-19,0.739891575554395,0.922,0.515,2.36816781798751e-15,"19","RHOG"
1.70490914734591e-19,0.65280670609857,0.626,0.266,3.03610220959359e-15,"19","ATP6V1B2"
1.74515188258664e-19,0.277667005939359,0.89,0.435,3.10776647251029e-15,"19","LYN"
1.75289529407625e-19,0.574185855487673,0.905,0.495,3.12155593969099e-15,"19","MIS18BP1"
1.87908935708239e-19,0.887281579329238,0.519,0.202,3.34628232709231e-15,"19","OSBPL11"
2.22266131859324e-19,0.397081340945622,0.972,0.621,3.95811527615084e-15,"19","SERPINB1"
2.47178434298936e-19,0.436163475183104,0.694,0.333,4.40175355799544e-15,"19","RHOQ"
3.33333437067998e-19,0.319720328660288,0.613,0.276,5.9360018473069e-15,"19","WARS"
3.3582173480055e-19,0.405781874439996,0.616,0.29,5.98031345332819e-15,"19","C9orf72"
3.73038789519109e-19,0.869471638195138,0.463,0.172,6.6430747637563e-15,"19","EVI5"
4.30379718712617e-19,0.275605629038772,0.994,0.61,7.66420203083428e-15,"19","EFHD2"
7.8719552665767e-19,1.10600755673401,0.453,0.154,1.40183779387198e-14,"19","SRGAP2B"
8.83167875919893e-19,0.723953388266816,0.396,0.157,1.57274535343814e-14,"19","MEFV"
9.27691726155151e-19,0.657868855643411,0.582,0.217,1.65203342593709e-14,"19","ABI3"
1.37048390528535e-18,1.65082748012734,0.261,0.061,2.44055773853215e-14,"19","OSBPL1A"
1.45243457773068e-18,0.76785063912042,0.394,0.157,2.5864954960228e-14,"19","CD300LF"
1.70489658946748e-18,0.321621775395767,0.602,0.27,3.03607984652369e-14,"19","RXRA"
1.78581818869898e-18,1.17147639370784,0.318,0.096,3.18018503043514e-14,"19","TOP1MT"
2.08180523354627e-18,0.489310327426497,0.536,0.227,3.70727875989919e-14,"19","STX11"
2.72962749453561e-18,0.989317199007201,0.449,0.166,4.86092064226901e-14,"19","NAGA"
3.36321630118914e-18,0.394151021322503,0.604,0.273,5.98921558915762e-14,"19","FCGR2A"
5.84871511669765e-18,1.23025281168539,0.326,0.097,1.04153918798152e-13,"19","GZF1"
8.14659718340058e-18,0.422700882009074,0.863,0.486,1.45074602641998e-13,"19","ZNF106"
8.6308419630388e-18,0.877392876894894,0.576,0.211,1.53698033677795e-13,"19","LYL1"
1.06756758749226e-17,0.401346712976896,0.998,0.711,1.90112435980622e-13,"19","ITGB2"
1.2870799589133e-17,0.429016055656674,0.688,0.331,2.29203199083281e-13,"19","BAZ2B"
1.42556878538532e-17,0.62264573813226,0.654,0.287,2.53865289301417e-13,"19","RASSF2"
1.4374603754615e-17,0.916568727480745,0.408,0.152,2.55982943662184e-13,"19","AC096667.1"
1.63807222779081e-17,0.76329711570862,0.506,0.2,2.91707902324987e-13,"19","PSTPIP2"
1.7530462586222e-17,1.31297819634233,0.258,0.07,3.12182477735442e-13,"19","CPM"
1.83671041956391e-17,1.01888629355052,0.362,0.124,3.27081391515942e-13,"19","MICAL2"
2.1489032346537e-17,0.815656414518244,0.377,0.145,3.8267668802713e-13,"19","GM2A"
2.77366399605962e-17,1.00464792496514,0.34,0.112,4.93934084418298e-13,"19","ASGR2"
2.9089594875119e-17,0.883975386845515,0.326,0.109,5.18027505536119e-13,"19","IER5L"
3.09003867253501e-17,1.22296812361578,0.309,0.097,5.50274086805034e-13,"19","ATF5"
3.09881689923341e-17,1.64699470823104,0.318,0.076,5.51837313415485e-13,"19","ACPP"
5.74602688962427e-17,0.514983751558853,0.477,0.212,1.02325246850429e-12,"19","APP"
5.99871072779814e-17,0.773702403275941,0.425,0.173,1.06825040640629e-12,"19","PPM1F"
6.853885991866e-17,0.559189345004703,0.623,0.251,1.2205400174315e-12,"19","C19orf38"
9.08333684569322e-17,0.643845875019591,0.585,0.267,1.61756062548105e-12,"19","CARD19"
9.11496126799288e-17,0.63733770195433,0.523,0.225,1.62319230260417e-12,"19","DENND3"
9.79054699292103e-17,1.30088162701985,0.283,0.076,1.74350060849938e-12,"19","ITM2C"
1.06068312391255e-16,0.670977901126774,0.547,0.219,1.88886450706347e-12,"19","APOBR"
1.09085142237662e-16,0.681506159123181,0.503,0.209,1.94258821296828e-12,"19","HRH2"
1.31921994109314e-16,0.681743445205081,0.287,0.106,2.34926687109867e-12,"19","EREG"
1.36742984831431e-16,0.460375826889864,0.825,0.435,2.43511907387813e-12,"19","NCOA4"
1.38383273304292e-16,0.479616100409097,0.958,0.587,2.46432933100284e-12,"19","REL"
1.51552492874303e-16,0.759733246889507,0.334,0.132,2.69884679310559e-12,"19","RNF24"
1.72360138203697e-16,1.27632815232389,0.348,0.102,3.06938934113143e-12,"19","CCR2"
2.66241010590761e-16,0.650599345339227,0.449,0.187,4.74121991660027e-12,"19","TRPS1"
3.61598509234426e-16,0.472953180660592,0.651,0.322,6.43934625244665e-12,"19","SEC14L1"
4.09702425365144e-16,0.426363354619447,0.511,0.231,7.29598079090248e-12,"19","PRAM1"
5.19332298395366e-16,0.339464668442404,0.958,0.652,9.24826956982468e-12,"19","MCL1"
6.54176012116933e-16,1.52831852426649,0.32,0.093,1.16495664237783e-11,"19","CD300C"
6.57108804319684e-16,0.528055745839515,0.907,0.513,1.17017935873249e-11,"19","PTPN6"
7.52993560681258e-16,0.302232888152754,0.683,0.363,1.34093093286118e-11,"19","DPYD"
8.31616257646209e-16,0.64793282922898,0.464,0.193,1.48094223161637e-11,"19","C15orf39"
8.64197178247453e-16,0.511298809242382,0.432,0.186,1.53896233502306e-11,"19","PTAFR"
1.08573440656363e-15,0.615543584234326,0.34,0.134,1.93347583120852e-11,"19","ARHGAP18"
1.55790817857365e-15,0.290885539449603,0.933,0.517,2.77432288440396e-11,"19","VSIR"
1.73399195113956e-15,1.40595113805319,0.362,0.104,3.08789286658933e-11,"19","TSPAN4"
1.84133843084004e-15,0.356825903021934,0.755,0.388,3.27905547763995e-11,"19","NUP214"
2.02232960964039e-15,0.608702517761991,0.832,0.478,3.60136456884761e-11,"19","PLP2"
2.04778731955142e-15,0.486221576980355,0.637,0.291,3.64669965865717e-11,"19","NOTCH2"
2.34265781313596e-15,0.757557921640089,0.334,0.138,4.17180503363251e-11,"19","ALDH3B1"
2.39377125450525e-15,0.268172343562275,0.793,0.438,4.26282785002295e-11,"19","ZFAND5"
2.7807602531275e-15,0.453563647102088,0.668,0.342,4.95197785876944e-11,"19","PIM3"
3.36107377316324e-15,0.471059775899863,0.606,0.279,5.9854001752491e-11,"19","PRKACA"
3.7308208609485e-15,0.706954885965595,0.576,0.245,6.64384578917709e-11,"19","FAM49A"
4.07263284523963e-15,0.388437434554967,0.615,0.324,7.25254457080273e-11,"19","JARID2"
4.22061771324264e-15,0.500411323183458,0.716,0.335,7.5160760237425e-11,"19","ARHGAP26"
4.98251885664412e-15,0.369518918691597,0.998,0.883,8.87286957991184e-11,"19","JUNB"
5.46016450389097e-15,0.469962809086354,0.815,0.426,9.72346094852903e-11,"19","MIDN"
5.65479202004633e-15,0.527545773240498,0.439,0.188,1.00700536292985e-10,"19","BCL3"
6.98788635647248e-15,1.18342706103137,0.325,0.102,1.24440280236062e-10,"19","SLC40A1"
7.12835085717098e-15,0.512474604235143,0.506,0.239,1.26941672064501e-10,"19","NCF4"
7.99520072580997e-15,0.816427404458742,0.293,0.117,1.42378534525224e-10,"19","DAPK1"
8.05020602692522e-15,1.35474495052802,0.312,0.087,1.43358068927484e-10,"19","CES1"
1.14929338775746e-14,0.644316721322996,0.522,0.225,2.04666166491849e-10,"19","SLC16A3"
1.24014593858972e-14,0.721597241926198,0.311,0.117,2.20845188744057e-10,"19","GK"
1.56060440293872e-14,0.320284215519986,0.863,0.515,2.77912432075327e-10,"19","WSB1"
1.56264581344292e-14,0.466339223595963,0.773,0.4,2.78275966457916e-10,"19","TMEM167A"
1.59088072026113e-14,1.21745514584744,0.269,0.093,2.83304038664102e-10,"19","TLR5"
1.62700221516349e-14,0.552724937454008,0.405,0.176,2.89736554476315e-10,"19","MSRB2"
1.79084704422563e-14,1.29263255309869,0.301,0.064,3.18914041635699e-10,"19","DAB2"
2.05611694089019e-14,0.715349844087872,0.419,0.168,3.66153304833724e-10,"19","SLC31A2"
2.1748113088094e-14,0.337609018696471,0.495,0.237,3.87290397872777e-10,"19","NFKBID"
3.9824134821817e-14,0.486939503663692,0.845,0.513,7.09188192906917e-10,"19","TUBA1A"
4.12139616235493e-14,0.389122185136558,0.411,0.184,7.33938228592166e-10,"19","TMEM170B"
6.04260563663608e-14,1.35262994975108,0.3,0.087,1.07606721177215e-09,"19","FADS1"
8.20947578425195e-14,0.396504247963674,0.57,0.26,1.46194344765959e-09,"19","SMIM14"
9.70684857775907e-14,0.780071755415728,0.342,0.138,1.72859559472734e-09,"19","ATP6V0A1"
1.73640938691231e-13,0.729432631560678,0.481,0.201,3.09219783621344e-09,"19","NUDT16"
1.97908353343414e-13,0.80992829622202,0.418,0.166,3.52435195633952e-09,"19","ADAP2"
2.16315703371831e-13,0.391200343241196,0.505,0.254,3.85215004564556e-09,"19","FKBP15"
2.73815607899809e-13,1.16362920255491,0.252,0.052,4.87610834547979e-09,"19","SPIB"
2.86160259481725e-13,0.548201949449194,0.436,0.194,5.09594190085056e-09,"19","ODF3B"
2.92727242910732e-13,0.500503265794891,0.396,0.158,5.21288674175431e-09,"19","EAF2"
3.56082354040288e-13,1.2242993203095,0.276,0.077,6.34111456074944e-09,"19","C9orf139"
3.70519528293328e-13,0.930066247236867,0.303,0.111,6.59821175984759e-09,"19","JUP"
3.73224136974723e-13,0.423977317195158,0.806,0.426,6.64637543124587e-09,"19","BNIP3L"
5.19845594035022e-13,0.421750319347986,0.724,0.371,9.25741033857568e-09,"19","MGAT1"
5.55720218481577e-13,0.774754094836003,0.53,0.23,9.89626565071993e-09,"19","LIPA"
6.47978537060775e-13,0.275331585879502,0.568,0.26,1.15392017879783e-08,"19","CD300A"
7.73132707948196e-13,0.538626022335978,0.365,0.158,1.37679472631415e-08,"19","AC020916.1"
8.77019787447856e-13,0.850698716433412,0.328,0.127,1.56179683748714e-08,"19","RASGRP4"
9.4174119800953e-13,0.438068067574972,0.733,0.372,1.67705272541537e-08,"19","IER5"
1.14250422378591e-12,0.481879422960196,0.696,0.374,2.03457152171796e-08,"19","RNF13"
1.3844735188217e-12,0.280707383402251,0.654,0.335,2.46547044231768e-08,"19","NAAA"
2.56528873465039e-12,0.354606485143474,0.634,0.33,4.56826617866542e-08,"19","MAP2K3"
2.69934838446859e-12,0.459207880292699,0.483,0.233,4.80699960306166e-08,"19","ACSL4"
3.40533423346224e-12,0.344972047239387,0.511,0.246,6.06421920294956e-08,"19","SCLT1"
4.51693602696032e-12,0.489531607939053,0.314,0.135,8.04375967681094e-08,"19","SIDT2"
4.85963899589084e-12,0.98820433859804,0.266,0.092,8.6540451238824e-08,"19","CD300LB"
5.45312276815417e-12,0.620654593173472,0.337,0.134,9.71092102552895e-08,"19","AL034397.3"
5.46329587825342e-12,0.517275863461919,0.492,0.224,9.72903729999369e-08,"19","METTL7A"
6.69238707271051e-12,0.628070979268865,0.697,0.392,1.19178028990829e-07,"19","CRIP1"
8.02129116183894e-12,0.463409226832967,0.492,0.231,1.42843153010028e-07,"19","PLXNC1"
9.52076710564728e-12,0.337563457256743,0.621,0.307,1.69545820617367e-07,"19","SH3BP2"
1.00722826622608e-11,0.640335740989364,0.346,0.153,1.79367209649541e-07,"19","MIR22HG"
1.13240761641201e-11,0.682869310237517,0.326,0.145,2.0165914833065e-07,"19","CXCL16"
1.51248696554146e-11,0.413075503097979,0.494,0.237,2.69343678823624e-07,"19","ALOX5"
1.71273813100816e-11,0.539311280747024,0.422,0.183,3.05004406369933e-07,"19","GAA"
1.96884706096083e-11,0.362683695646523,0.534,0.263,3.50612284615904e-07,"19","MAPKAPK3"
1.96949792741748e-11,0.92664892395837,0.284,0.108,3.50728190914505e-07,"19","CNTLN"
1.97185225165779e-11,0.855538455907892,0.289,0.085,3.51147448975219e-07,"19","PDLIM1"
2.46347506350585e-11,0.252506400835551,0.356,0.163,4.38695639309121e-07,"19","MIR4435-2HG"
2.49082980268774e-11,0.280832587077062,0.651,0.34,4.43566971262632e-07,"19","EHBP1L1"
2.5539296114762e-11,0.270054224310877,0.686,0.361,4.54803785211681e-07,"19","TMEM154"
2.87420576708648e-11,0.34296324434624,0.652,0.321,5.11838563002759e-07,"19","PHACTR2"
3.38178589452696e-11,0.2801292104191,0.68,0.366,6.02228432097361e-07,"19","RAB10"
3.42396392242141e-11,0.37878652759658,0.553,0.285,6.09739495304806e-07,"19","DIAPH2"
3.86940195067718e-11,0.324750888611333,0.407,0.199,6.89063099376592e-07,"19","ATP13A3"
3.95480993074124e-11,0.433426332881013,0.495,0.245,7.042725524664e-07,"19","TLE3"
4.01554541582188e-11,0.636015309844385,0.284,0.115,7.15088327649561e-07,"19","QPCT"
4.963399052745e-11,0.52559776406873,0.365,0.163,8.8388210331283e-07,"19","BMP2K"
5.70782600364754e-11,0.371586513095612,0.525,0.247,1.01644965472955e-06,"19","TBXAS1"
6.5206686681536e-11,0.668345148596575,0.373,0.159,1.16120067642479e-06,"19","INSIG1"
8.01056442311667e-11,0.334348924104862,0.584,0.294,1.42652131246862e-06,"19","FOSL2"
1.66418070570319e-10,0.429373511317202,0.439,0.211,2.96357300071624e-06,"19","ARL4A"
2.43497716955614e-10,0.328637406185327,0.725,0.413,4.33620734354557e-06,"19","NFE2L2"
2.83628476862374e-10,0.645632383271722,0.315,0.133,5.05085591596516e-06,"19","CSF2RB"
3.53533483738025e-10,0.491398675256461,0.385,0.173,6.29572427840674e-06,"19","ADGRE2"
3.97924599478756e-10,0.507561814495322,0.876,0.496,7.08624126751768e-06,"19","IRF2BP2"
6.04747705617378e-10,0.929750623755087,0.284,0.103,1.07693471416343e-05,"19","PDE4A"
9.80081351701586e-10,0.361431228624244,0.373,0.177,1.74532887111018e-05,"19","KDM1B"
1.02946201498258e-09,0.473006052639518,0.371,0.179,1.83326595628098e-05,"19","SECTM1"
1.23475650417664e-09,0.388065306484966,0.651,0.345,2.19885438263776e-05,"19","NFKB1"
1.8804614561433e-09,0.515269263866154,0.269,0.116,3.34872576109998e-05,"19","SLC12A7"
2.40878902466813e-09,0.516303466121973,0.374,0.161,4.28957149512901e-05,"19","EHD4"
2.69208870332903e-09,0.492136173783269,0.443,0.217,4.79407156288833e-05,"19","SKIL"
2.90702377971733e-09,0.532874561021859,0.399,0.191,5.17682794692063e-05,"19","ZSWIM6"
3.17144777913719e-09,0.907353850215732,0.309,0.121,5.6477142050875e-05,"19","NFKBIE"
3.79345330903955e-09,0.470770987934595,0.48,0.227,6.75538165273762e-05,"19","NBPF14"
9.01789327239869e-09,0.314781818727117,0.963,0.727,0.000160590643394876,"19","ARL4C"
1.08844463503872e-08,0.595679577260996,0.255,0.109,0.000193830220607696,"19","WDFY3"
1.14045741908084e-08,0.464200588575586,0.323,0.143,0.000203092657189916,"19","GPBAR1"
1.54660512435852e-08,0.861388063036603,0.314,0.127,0.000275419440545765,"19","SORT1"
1.78692061032923e-08,0.438703957218319,0.436,0.206,0.000318214822287429,"19","IRF7"
2.56945136831749e-08,0.598784945521643,0.286,0.124,0.000457567899669979,"19","CHML"
6.11910658562332e-08,0.258124344481629,0.307,0.154,0.0010896905007678,"19","RAB3D"
7.9104327271816e-08,0.337193019008024,0.492,0.282,0.0014086898600565,"19","LRRC75A"
8.60207442943752e-08,0.380342704324944,0.318,0.145,0.00153185741439423,"19","QSOX1"
9.49737624191694e-08,0.295458855479196,0.407,0.21,0.00169129276116057,"19","SNN"
1.32036120333976e-07,0.423816324277004,0.348,0.165,0.00235129923090744,"19","NFIL3"
3.22480820468827e-07,0.545587299160704,0.25,0.112,0.00574273845090888,"19","OAS3"
7.41178001740056e-07,0.361577895046464,0.255,0.121,0.0131988978549869,"19","RPGR"
1.13667555194949e-06,0.366997900094415,0.421,0.213,0.0202419182291166,"19","OAS1"
1.24441966018351e-06,0.311970688534811,0.3,0.154,0.022160625308548,"19","TTYH3"
7.86997820107824e-06,0.271302755119926,0.553,0.359,0.140148571804801,"19","IFI6"
3.19169512304054e-05,0.510309641198611,0.472,0.288,0.56837706751106,"19","MX1"
8.7438028590526e-05,0.265173152130458,0.405,0.221,1,"19","OAS2"
0.00178030774535838,0.257975126096155,0.411,0.192,1,"19","KCNQ1OT1"
1.33068721662875e-158,5.61521982058595,0.961,0.169,2.36968779537248e-154,"20","STMN1"
8.51266351223002e-104,2.34786875228825,0.959,0.31,1.51593511825792e-99,"20","GZMA"
3.77306172125662e-103,2.52550722501947,0.928,0.228,6.71906831321379e-99,"20","GZMB"
6.94070903137136e-101,8.68101150068029,0.65,0.006,1.23600146430661e-96,"20","TYMS"
1.89757769577697e-99,2.1886882738498,0.952,0.242,3.37920636063964e-95,"20","PRF1"
3.85043638014425e-95,2.25721661136288,0.941,0.295,6.85685710576087e-91,"20","CTSW"
1.40950760964039e-94,4.46089726442636,0.706,0.115,2.5100511512476e-90,"20","PCNA"
8.14000753349252e-94,2.21463957044181,0.891,0.27,1.44957254156435e-89,"20","C12orf75"
8.77324311722307e-93,7.47776841048407,0.611,0.01,1.56233913431509e-88,"20","PCLAF"
4.69303163514708e-89,3.24142062033014,0.902,0.549,8.35735073586993e-85,"20","TUBA1B"
8.4996088214063e-89,1.97477934985242,0.922,0.233,1.51361033891603e-84,"20","KLRD1"
8.15858223175265e-88,8.0476603058591,0.583,0.01,1.45288032383051e-83,"20","MKI67"
1.88954070220905e-86,2.8995410839804,0.946,0.612,3.36489408249387e-82,"20","HMGB2"
6.48943253538435e-86,7.23707030231995,0.589,0.009,1.15563814590125e-81,"20","CLSPN"
2.3978238858345e-85,2.33813112651142,0.815,0.162,4.27004477589407e-81,"20","SPON2"
6.36607548889832e-84,1.98197756858359,0.963,0.468,1.13367072306301e-79,"20","NKG7"
1.34363457202053e-83,2.34682096253419,0.817,0.153,2.39274444585417e-79,"20","KLRF1"
3.69660433251547e-82,1.77634473043374,0.885,0.208,6.58291299534355e-78,"20","FGFBP2"
9.74907981448552e-82,1.84747899167543,0.954,0.422,1.73611613336358e-77,"20","CD247"
4.18660715543226e-81,2.28695640613064,0.911,0.428,7.45551002239376e-77,"20","GNLY"
6.95246758960228e-81,1.74321802084153,0.954,0.304,1.23809542835637e-76,"20","CST7"
2.18589868970979e-80,5.31824701797263,0.58,0.029,3.89264838663519e-76,"20","MCM4"
4.17657151323715e-80,4.70193788421147,0.626,0.051,7.43763855077271e-76,"20","HELLS"
3.06253354683408e-77,3.49892659166441,0.67,0.111,5.45375974020213e-73,"20","SMC2"
9.72777924908766e-77,2.07715226991684,0.85,0.245,1.73232292867753e-72,"20","HOPX"
9.14230093070405e-76,2.24848901194535,0.744,0.14,1.62806094973978e-71,"20","TRDC"
1.19917904912814e-74,1.79200015654059,0.857,0.208,2.13549805068739e-70,"20","GZMH"
4.81354637700768e-71,2.1828326058544,0.778,0.176,8.57196338817527e-67,"20","IL2RB"
3.75987040265551e-70,3.23324954144709,0.674,0.179,6.69557721304893e-66,"20","SMC4"
4.03405518295365e-70,1.67759708284515,0.92,0.439,7.18384546980386e-66,"20","CD7"
2.05202150368585e-69,1.41592965463779,0.833,0.255,3.65423989376375e-65,"20","FCGR3A"
1.61240503197658e-68,7.10377084711063,0.481,0.011,2.8713708809439e-64,"20","TOP2A"
1.1292780579452e-66,7.11886312445434,0.48,0.006,2.01101836558881e-62,"20","E2F1"
1.88469286422907e-65,1.26234108300485,0.954,0.61,3.35626105261913e-61,"20","EFHD2"
5.09842777255421e-64,3.05250903151208,0.811,0.415,9.07928017736454e-60,"20","TUBB"
1.71548074313049e-63,2.21774778489338,0.661,0.121,3.05492810736679e-59,"20","S1PR5"
3.73708207545237e-63,2.90222383618286,0.67,0.159,6.65499575996558e-59,"20","IGFBP7"
8.1873619094267e-63,1.60658245375989,0.9,0.39,1.45800540883071e-58,"20","GZMM"
1.64696420854908e-62,5.86329516108456,0.481,0.012,2.9329138625842e-58,"20","CHEK1"
1.28932749948497e-61,1.84450558322005,0.694,0.144,2.29603441108284e-57,"20","ADGRG1"
2.46655689013397e-60,3.76047220244815,0.554,0.102,4.39244450995057e-56,"20","ATAD2"
3.5836472095201e-60,2.1278808345875,0.656,0.127,6.38175895071339e-56,"20","C1orf21"
1.86481578862079e-59,5.88923736485765,0.433,0.024,3.32086395637591e-55,"20","NUSAP1"
2.96950073144953e-59,2.02604693019207,0.722,0.192,5.28808690256533e-55,"20","CEP78"
1.42145013111894e-58,3.18913994578599,0.569,0.082,2.5313183934966e-54,"20","CENPK"
1.93862048006102e-58,7.7247741974069,0.428,0.006,3.45229535089267e-54,"20","TK1"
2.98135510722989e-58,3.65071592727961,0.533,0.07,5.30919717495499e-54,"20","ATAD5"
5.32344520288585e-58,1.60050023088065,0.806,0.256,9.47999121729913e-54,"20","PYHIN1"
7.05982010269474e-58,1.69089601356342,0.822,0.264,1.25721276388788e-53,"20","SAMD3"
1.12924486824023e-57,0.98170969095341,0.994,0.927,2.01095926136219e-53,"20","GAPDH"
2.14096235126345e-57,5.00848563905203,0.45,0.021,3.81262575512996e-53,"20","CENPM"
2.68140001570132e-57,6.81998863096767,0.422,0.006,4.77503714796092e-53,"20","GINS2"
3.12082303743536e-57,2.86007664642278,0.563,0.076,5.55756166506489e-53,"20","AKR1C3"
4.2074922998832e-57,6.41835397567756,0.441,0.016,7.49270228763201e-53,"20","CENPF"
7.7929889977207e-57,1.88570713115376,0.82,0.4,1.3877754807141e-52,"20","NUCB2"
2.1429523141049e-56,2.02595643923327,0.694,0.178,3.81616948095801e-52,"20","MATK"
6.93072629266167e-55,1.79168452164897,0.724,0.269,1.23422373819719e-50,"20","CX3CR1"
2.08410201511828e-53,3.41444104596537,0.515,0.102,3.71136886852264e-49,"20","EZH2"
2.18536494220443e-53,5.64110269783779,0.417,0.018,3.89169788907764e-49,"20","CENPU"
1.41579742767844e-52,2.00996107588167,0.637,0.152,2.52125205920977e-48,"20","NCR3"
2.13462261400662e-52,2.46589257668209,0.576,0.13,3.801335951023e-48,"20","CHST2"
2.70911525828609e-52,1.06822357478221,0.994,0.727,4.82439245195588e-48,"20","ARL4C"
1.26290489793514e-51,6.01057815479261,0.381,0.009,2.24898104224289e-47,"20","ZWINT"
2.91012777533444e-50,4.69004101100505,0.454,0.029,5.18235554231557e-46,"20","BRCA1"
5.24643444675298e-50,7.56040216463384,0.361,0.003,9.3428504627777e-46,"20","CDT1"
5.25389712123486e-50,1.97243186625407,0.572,0.117,9.35613999349504e-46,"20","TBX21"
5.88529500978066e-49,1.71147079985289,0.704,0.26,1.04805333534174e-44,"20","CMC1"
1.01442125755935e-48,7.08746027837039,0.374,0.005,1.8064813754617e-44,"20","TPX2"
1.05130547210865e-48,5.42045041618475,0.378,0.013,1.87216478473108e-44,"20","RAD51AP1"
9.16083219884945e-48,1.43815241149783,0.894,0.489,1.63136099797111e-43,"20","SYNE2"
5.32357046369224e-47,1.40788999923002,0.826,0.391,9.48021428174313e-43,"20","SYNE1"
7.6306091359356e-47,7.77836021098101,0.35,0.004,1.35885887492741e-42,"20","BIRC5"
1.75722712558779e-46,1.54167360284451,0.75,0.33,3.12927006524673e-42,"20","APOBEC3G"
6.06707100171586e-46,1.41666915960265,0.867,0.543,1.08042400398556e-41,"20","MT2A"
9.44828391826543e-46,1.26662057563687,0.893,0.519,1.68255040016471e-41,"20","CTSC"
4.40775914650359e-45,1.25373012377945,0.804,0.46,7.84933748809359e-41,"20","SPN"
4.53378621878258e-45,1.05840600215328,0.98,0.858,8.07376649840802e-41,"20","IFITM2"
4.69560305654674e-45,1.47144350933881,0.741,0.341,8.36192992309844e-41,"20","GNPTAB"
5.68370287545097e-45,1.31430139122875,0.848,0.495,1.01215380806031e-40,"20","CCL5"
9.95487289587371e-45,6.93256673301322,0.352,0.006,1.77276376529719e-40,"20","RRM2"
4.20564522557968e-44,1.06293323860729,0.911,0.666,7.48941301771229e-40,"20","LY6E"
4.94616577318835e-44,4.17156626889369,0.402,0.035,8.80813200889382e-40,"20","BRCA2"
7.01838161226412e-44,2.57348077587039,0.548,0.139,1.24983339751199e-39,"20","LMNB1"
7.58986334323308e-44,7.5413037155946,0.322,0.005,1.35160286416295e-39,"20","ASPM"
7.6815449343652e-44,1.1280056185795,0.791,0.311,1.36792952191175e-39,"20","KLRB1"
8.15529558763004e-44,5.62489709961203,0.337,0.01,1.45229503824516e-39,"20","FAM111B"
1.20188452737328e-43,0.841355020431967,0.993,0.87,2.14031596634635e-39,"20","LCP1"
1.5880555659001e-42,1.5332582089556,0.722,0.237,2.8280093517549e-38,"20","MYBL1"
3.13813158071188e-42,5.79893062957415,0.339,0.011,5.58838471893171e-38,"20","KNL1"
4.42193297157026e-42,1.15681837448172,0.906,0.593,7.87457823577233e-38,"20","CD63"
2.03769195453375e-41,2.75374087619988,0.469,0.07,3.6287218326337e-37,"20","XCL2"
2.66352100779358e-41,4.02915490600698,0.37,0.045,4.7431982106788e-37,"20","PTTG1"
3.42741101586209e-41,2.57769778507642,0.441,0.06,6.10353353704722e-37,"20","SH2D1B"
9.45898551153009e-41,2.73401138031622,0.498,0.088,1.68445613989328e-36,"20","CD38"
1.2695380374851e-40,0.711004929097543,1,0.997,2.26079333715347e-36,"20","ACTB"
1.40862827896864e-40,5.11408495852987,0.333,0.016,2.50848523918736e-36,"20","CENPE"
1.20656178936023e-39,2.49221210726114,0.431,0.068,2.1486452344927e-35,"20","CD160"
1.39803332526128e-39,7.06655910816015,0.298,0.003,2.48961774562529e-35,"20","UHRF1"
5.26278342642119e-39,1.49279671273217,0.822,0.563,9.37196472577086e-35,"20","TMPO"
7.76310616894491e-38,1.69822684502179,0.515,0.112,1.38245394656571e-33,"20","TRGC1"
2.06694222437316e-37,8.5591412279321,0.281,0.001,3.68081071316373e-33,"20","DTL"
2.76750724709286e-37,1.74016337845812,0.524,0.164,4.92837690562296e-33,"20","SH2D1A"
1.23880231833339e-36,1.99172607120662,0.563,0.13,2.2060591684881e-32,"20","TGFBR3"
7.92450633597611e-36,8.72882270579893,0.267,0.001,1.41119608831063e-31,"20","MCM10"
9.25533670840442e-36,1.92824776436892,0.461,0.092,1.64819036103266e-31,"20","PRSS23"
2.21279927693903e-35,2.62458675619162,0.424,0.068,3.94055295237302e-31,"20","KLRC1"
3.96728633027466e-35,1.99617639567816,0.478,0.106,7.06494349695311e-31,"20","TTC38"
5.24773321300022e-35,2.42679983260387,0.372,0.064,9.3451633057108e-31,"20","EOMES"
6.34785935240538e-35,1.49860050456901,0.626,0.211,1.13042679347635e-30,"20","RHOC"
1.40980340182507e-34,1.72745635280984,0.556,0.154,2.51057789797009e-30,"20","CLIC3"
5.70597945147038e-33,6.83027084737398,0.269,0.004,1.01612082071785e-28,"20","HMMR"
8.93435173990119e-33,4.43338021184371,0.356,0.056,1.5910293578416e-28,"20","HIST1H1B"
1.59034187751512e-32,5.28849130448458,0.281,0.007,2.83208081547892e-28,"20","CTNNAL1"
2.02454339116556e-32,0.926941631397507,0.902,0.69,3.60530687098763e-28,"20","PLAC8"
4.08549805732984e-32,3.65947664319327,0.307,0.03,7.27545494049298e-28,"20","NCAPG2"
4.72034228891868e-32,1.60033252319347,0.559,0.23,8.40598554810639e-28,"20","CXXC5"
4.11933886360874e-31,0.717721651177979,0.948,0.677,7.33571864831444e-27,"20","GSTP1"
4.05997533214129e-30,1.6899738784383,0.548,0.228,7.2300040714772e-26,"20","CTBP2"
1.32385613000691e-29,3.4685687767479,0.28,0.033,2.3575229963163e-25,"20","SGO2"
2.37172333558469e-29,0.990569573288907,0.781,0.375,4.22356491600921e-25,"20","RORA"
1.4208649034781e-28,2.30067020982773,0.437,0.126,2.5302762201138e-24,"20","FABP5"
2.26484835077094e-28,2.53728669955151,0.381,0.057,4.0332419430529e-24,"20","NCAM1"
3.35916150911922e-28,4.4744009466662,0.254,0.014,5.9819948154395e-24,"20","CDCA7"
3.46211578022202e-28,1.69986327757514,0.487,0.137,6.16533578141937e-24,"20","SLAMF7"
8.62819710137886e-28,3.2002915837453,0.28,0.029,1.53650933981355e-23,"20","CCDC34"
2.67402786894834e-27,1.66471271730651,0.78,0.522,4.7619088290232e-23,"20","HIST1H1D"
4.38951456125368e-27,3.08535153047868,0.285,0.033,7.81684753068055e-23,"20","WEE1"
4.94296225046113e-27,2.65089787926959,0.33,0.058,8.80242717562119e-23,"20","MYOM2"
3.03817904366012e-26,2.41962441323346,0.333,0.048,5.41038924094995e-22,"20","NCR1"
4.70762429012422e-26,2.4361580184464,0.75,0.492,8.38333733585321e-22,"20","HIST1H4C"
9.33009699634295e-26,0.424130726608323,0.915,0.564,1.66150367310875e-21,"20","PLEK"
1.84684914963192e-25,0.461204472558377,0.996,0.991,3.28886896566452e-21,"20","H3F3A"
9.6861064782157e-25,1.82989443173202,0.42,0.095,1.72490184164065e-20,"20","PTGDR"
1.17069587827125e-24,1.71900460717932,0.435,0.114,2.08477522002545e-20,"20","SH2D2A"
6.92355819661163e-24,1.23954068418488,0.561,0.221,1.2329472436526e-19,"20","SYTL3"
7.22812497965531e-24,2.27482717416734,0.272,0.045,1.28718449637702e-19,"20","RHOBTB3"
7.48195239657654e-24,2.14352079063624,0.411,0.118,1.33238608278235e-19,"20","KIF20B"
1.7641537767613e-23,1.54462518253128,0.717,0.461,3.14160504565652e-19,"20","HIST1H1C"
6.60628382621837e-23,1.88589193281341,0.348,0.081,1.17644702377297e-18,"20","KIF21A"
8.0601617513512e-23,0.598273669083644,0.87,0.631,1.43535360468062e-18,"20","ID2"
1.10581843800187e-22,1.43388898833358,0.348,0.123,1.96924147439372e-18,"20","ADA"
2.75786053245457e-22,1.86261712177516,0.315,0.073,4.91119803619509e-18,"20","IKZF2"
4.65286291025262e-22,2.65550356821535,0.272,0.043,8.28581827057786e-18,"20","LAIR2"
6.98149936916495e-22,0.564113746632129,0.981,0.711,1.24326540766089e-17,"20","ITGB2"
1.80253198390836e-20,0.830788265728789,0.665,0.38,3.20994895694401e-16,"20","LYAR"
2.00010306183222e-20,1.54547844122522,0.433,0.163,3.56178353251082e-16,"20","MIR4435-2HG"
2.82278017115634e-20,0.683917037856906,0.88,0.621,5.02680692879521e-16,"20","ITGB1"
2.91390612116234e-20,1.89684679045027,0.343,0.117,5.18908402056589e-16,"20","ING2"
9.37352233131272e-20,1.47447574499979,0.326,0.092,1.66923685676017e-15,"20","FCRL6"
1.38128528043716e-19,1.14081472769831,0.53,0.26,2.4597928274025e-15,"20","CD300A"
4.60237136525676e-19,1.2441697314118,0.572,0.238,8.19590292724924e-15,"20","TXK"
1.77982612835052e-18,0.984543890004422,0.637,0.392,3.1695143693666e-14,"20","CRIP1"
3.101441633778e-18,1.62869295640293,0.359,0.092,5.52304726143186e-14,"20","TIGIT"
1.62980104353315e-17,0.373936098361231,1,1,2.90234969832383e-13,"20","TMSB4X"
2.38580295192993e-17,1.80283899055071,0.331,0.075,4.24863789679681e-13,"20","F2R"
3.68134948076343e-17,1.06359546017747,0.546,0.258,6.55574715534351e-13,"20","GBP5"
4.95526563244237e-17,2.42600139586778,0.269,0.075,8.82433703825338e-13,"20","RBBP8"
1.99931638166826e-16,0.869231423102731,0.676,0.35,3.56038261247483e-12,"20","IKZF3"
4.67093404614446e-16,2.03696930315091,0.278,0.05,8.31799934937405e-12,"20","IL18RAP"
5.87934902566328e-16,1.14982224438642,0.48,0.217,1.04699447449012e-11,"20","ABI3"
1.70405034579563e-15,1.47950728018587,0.424,0.159,3.03457285579286e-11,"20","GK5"
1.80744736985869e-15,0.994812147196021,0.674,0.446,3.21870227624435e-11,"20","TPM4"
2.58048219882517e-15,0.775043964073445,0.37,0.132,4.59532269966787e-11,"20","TRGC2"
7.65654528281439e-15,1.27536868369732,0.356,0.156,1.36347758396359e-10,"20","ASCL2"
9.84180937141577e-15,1.81772487814689,0.254,0.065,1.75262941286172e-10,"20","DAB2"
3.52020884146614e-14,0.557561025794779,0.672,0.441,6.26878790488291e-10,"20","ISG15"
1.21771254501194e-13,0.962498249322057,0.496,0.275,2.16850250015725e-09,"20","GBP4"
1.30198890372298e-13,1.24350175622302,0.474,0.232,2.31858183974988e-09,"20","SLC20A1"
3.19662413253569e-13,1.6222567189448,0.311,0.124,5.69254825521956e-09,"20","HAVCR2"
3.94331966331441e-13,1.13815728488819,0.856,0.621,7.0222636564303e-09,"20","LGALS1"
4.20636531775054e-13,1.06828209438935,0.754,0.572,7.49069535785017e-09,"20","HIST1H1E"
1.18061873158473e-12,1.2382768502028,0.352,0.154,2.10244583720609e-08,"20","SMC6"
1.98499422989224e-12,1.3088605708092,0.374,0.125,3.53487772459209e-08,"20","SYTL2"
2.24390340129951e-12,1.70190382814874,0.263,0.103,3.99594317703416e-08,"20","GOLIM4"
3.9684590067222e-12,0.273779671758609,0.993,0.973,7.06703179917089e-08,"20","SH3BGRL3"
1.73306641079216e-11,0.579401265198785,0.465,0.271,3.08624466433868e-07,"20","PRDM1"
5.8316671889965e-11,0.308282234122186,0.887,0.662,1.0385032930165e-06,"20","IRF1"
7.44185510331216e-11,0.813573028647745,0.348,0.17,1.32524555679783e-06,"20","PDE4D"
1.06327198829431e-10,0.439495408767003,0.776,0.556,1.89347475675451e-06,"20","H2AFY"
1.52824338662678e-10,1.84919809630832,0.252,0.109,2.72149582290496e-06,"20","PTMS"
2.39521862179665e-10,0.909757244016975,0.433,0.247,4.26540532169547e-06,"20","FAM129A"
8.3495092719683e-10,1.08986252938594,0.324,0.157,1.48688061115211e-05,"20","CREM"
8.73179990610509e-10,0.557133040188617,0.502,0.289,1.55495892727919e-05,"20","ITM2A"
9.82298255297869e-10,0.925883450328518,0.263,0.131,1.74927673303445e-05,"20","HERC5"
1.9317813761215e-09,0.336962214807725,0.846,0.573,3.44011627459717e-05,"20","MYO1F"
2.04560928150236e-09,1.05206532356492,0.344,0.137,3.64282100849941e-05,"20","KLRG1"
8.31072644399426e-09,0.636101418147639,0.567,0.342,0.00014799741651465,"20","MAP3K8"
9.30303321281291e-09,0.604192581057435,0.291,0.145,0.000165668415453772,"20","GATA3"
1.52735471728331e-08,1.02203379814574,0.259,0.134,0.000271991328053812,"20","ARHGAP18"
4.80759823672135e-08,0.34258199144864,0.898,0.748,0.000856137093995338,"20","ANXA1"
4.84056849520497e-08,1.16773949229026,0.357,0.157,0.000862008437626101,"20","TRG-AS1"
5.15417476787055e-08,0.373189791212693,0.754,0.582,0.000917855442662388,"20","PIK3R1"
5.61702322374448e-08,1.1690183682927,0.307,0.154,0.00100027949568442,"20","HIST1H2AC"
6.44444586945199e-08,1.14696046385599,0.256,0.121,0.00114762692043201,"20","BTG3"
1.01645539670749e-07,0.668417624592459,0.293,0.177,0.00181010377045671,"20","PCNX4"
1.05217905742137e-07,0.625461403277525,0.478,0.289,0.00187372046545598,"20","ITGAM"
1.42591414191491e-07,0.858072229048851,0.263,0.144,0.00253926790392206,"20","CDK6"
3.39600680419922e-07,0.271959208921127,0.656,0.484,0.00604760891691797,"20","PARP14"
3.46281753859188e-07,0.53454844515933,0.535,0.366,0.00616658547272442,"20","EIF2AK2"
4.122823281858e-07,0.53092466089036,0.648,0.497,0.00734192370033273,"20","MIS18BP1"
9.49744655597486e-07,0.595943720129362,0.337,0.179,0.01691305282688,"20","LINC01871"
1.37954712034284e-06,0.362841786493707,0.531,0.335,0.0245669751190652,"20","LINC00861"
1.626037518371e-06,0.732480701411209,0.393,0.247,0.0289564761271507,"20","LAIR1"
2.19392086941333e-06,0.53621419248711,0.452,0.303,0.0390693428425126,"20","IVNS1ABP"
5.78231796501008e-06,0.835066806413136,0.322,0.197,0.102971518320899,"20","TESC"
5.86779744294015e-06,1.32531526626037,0.563,0.41,0.104493736863878,"20","HIST2H2AC"
8.95744423650721e-06,0.701366744220512,0.289,0.172,0.15951416696372,"20","TWISTNB"
1.71462536791787e-05,0.725650113686887,0.365,0.25,0.305340485518814,"20","MTRNR2L8"
2.20690025619207e-05,0.564921198947167,0.448,0.302,0.393004797622685,"20","SAMD9L"
2.30150838950861e-05,0.461249670575172,0.283,0.182,0.409852614003692,"20","CEP290"
3.34370626284534e-05,0.48697149329438,0.326,0.232,0.595447211287498,"20","PARP9"
3.69472525569372e-05,0.505991931929167,0.411,0.271,0.657956673533937,"20","PTGER2"
5.02061451795545e-05,0.454060406311238,0.344,0.217,0.894071033357507,"20","RPAP2"
9.21606172006854e-05,0.456630468000689,0.457,0.331,1,"20","METRNL"
0.000119357021062997,0.276328081014641,0.385,0.295,1,"20","FOSL2"
0.000131840431468195,0.52302552170983,0.391,0.267,1,"20","NBN"
0.000167006164619068,0.314686055001152,0.448,0.312,1,"20","EHD1"
0.000182476660761983,0.591869802757779,0.35,0.247,1,"20","SCLT1"
0.000200731640759355,0.355167610863605,0.344,0.236,1,"20","PMAIP1"
0.000236926062029654,0.369240918139887,0.378,0.284,1,"20","SPTLC2"
0.000306777642425449,0.391108911132975,0.287,0.182,1,"20","CD8A"
0.000630913333919632,0.559344984436359,0.374,0.27,1,"20","MAT2A"
0.000787206440548829,0.559059009688315,0.313,0.211,1,"20","BHLHE40"
0.000823152045171158,0.450144566373767,0.317,0.232,1,"20","MDM2"
0.000971847704958427,0.310798577087015,0.624,0.518,1,"20","DDIT4"
0.00121821345696287,0.325219634367107,0.648,0.502,1,"20","CD2"
0.00123062421433369,0.380866401083988,0.343,0.24,1,"20","MTSS1"
0.00139538692197116,0.408553316969663,0.35,0.227,1,"20","SP140"
0.00168060501516579,0.490067132649404,0.317,0.227,1,"20","MTRNR2L12"
0.00297102866856412,0.432811711341215,0.678,0.535,1,"20","DNAJA1"
0.00932134428280483,0.604518528059188,0.322,0.222,1,"20","OAS2"
5.622070474064e-126,6.66394365188505,0.919,0.013,1.00117831002132e-121,"21","PRSS57"
1.00951934325022e-110,8.31820953847716,0.858,0.007,1.79775204645998e-106,"21","EGFL7"
6.03675012906589e-109,6.8380168906414,0.872,0.025,1.07502446298405e-104,"21","SPINK2"
7.58456544577569e-109,5.84284201277024,0.912,0.046,1.35065941458373e-104,"21","AC084033.3"
1.98462779325878e-106,7.89035666076455,0.797,0.004,3.53422517423524e-102,"21","CYTL1"
3.39075514673163e-105,11.6450396640413,0.811,0,6.03825676529968e-101,"21","NPR3"
1.765236470579e-101,6.51829042957539,0.818,0.014,3.14353310680708e-97,"21","MYB"
1.61848986485762e-100,6.33493554862115,0.818,0.016,2.88220675133845e-96,"21","LAPTM4B"
9.32567937801103e-100,10.3897709897176,0.77,0.001,1.6607169836362e-95,"21","SMIM24"
4.86905286573165e-97,4.72644238185096,0.986,0.143,8.67080934329493e-93,"21","CDK6"
3.43553105486649e-95,4.35472065019133,0.966,0.138,6.11799370250625e-91,"21","ANKRD28"
5.94403135668262e-92,10.4601608925318,0.703,0.001,1.05851310399804e-87,"21","GATA2"
5.9440979012632e-92,10.9469262211597,0.703,0.001,1.05852495425695e-87,"21","CD34"
1.26200595843745e-91,4.52805765779493,0.993,0.192,2.24738021078541e-87,"21","SOX4"
4.34114372962331e-91,7.83834809746046,0.703,0.004,7.73070875371319e-87,"21","MSRB3"
4.99084877063506e-91,4.84196889703476,0.858,0.044,8.88770349074691e-87,"21","FAM30A"
6.64968806919611e-90,9.47980912785301,0.696,0.002,1.18417645136244e-85,"21","CRHBP"
9.70926846897769e-85,9.71712501495136,0.662,0.001,1.72902652895555e-80,"21","TFPI"
5.26843399222183e-81,11.7829409740106,0.628,0,9.38202725334863e-77,"21","LINC02573"
3.20283224724508e-77,3.3542547017014,0.953,0.171,5.70360366589403e-73,"21","STMN1"
1.00763756029939e-73,3.8928442926155,0.845,0.089,1.79440096738116e-69,"21","TSC22D1"
7.70207489153154e-73,6.89969206358441,0.595,0.008,1.37158549668394e-68,"21","ANGPT1"
2.56763587502925e-72,9.77673744272128,0.568,0.001,4.57244596625208e-68,"21","HTR1F"
2.03253945214412e-70,12.6243547576876,0.554,0,3.61954625637824e-66,"21","AVP"
1.49354790208456e-68,5.63898634662588,0.574,0.013,2.65971010403218e-64,"21","GUCY1A1"
3.87797631632632e-67,6.90826487901274,0.547,0.004,6.90590022411391e-63,"21","DPPA4"
1.98286610541041e-66,4.41084536610494,0.723,0.102,3.53108796051486e-62,"21","SLC40A1"
2.59872973214845e-65,7.14543123849921,0.534,0.004,4.62781790700996e-61,"21","PBX1"
3.35191571030526e-65,2.48519824748447,1,0.622,5.96909149691161e-61,"21","SERPINB1"
4.26763759416287e-65,3.10134154847185,0.784,0.098,7.59980902768524e-61,"21","BEX3"
8.13767567594881e-65,3.84931221016341,0.764,0.076,1.44915728437296e-60,"21","ITM2C"
2.50735225263291e-64,5.32065687365301,0.547,0.016,4.46509289148869e-60,"21","MAP7"
1.16206689695911e-63,3.13899420788752,0.777,0.123,2.06940873010478e-59,"21","IL18"
1.17815030683474e-63,10.8819373569013,0.514,0,2.0980500664113e-59,"21","AC002454.1"
6.13327873168541e-63,10.3617432155646,0.5,0,1.09221427653854e-58,"21","ERG"
2.47994277459051e-62,5.41615078328226,0.595,0.013,4.41628209299079e-58,"21","HEMGN"
3.45210315801656e-62,7.03407876486038,0.514,0.003,6.14750530379589e-58,"21","BAALC"
3.90362704843836e-62,4.33151742811201,0.608,0.027,6.95157904785903e-58,"21","PCDH9"
2.78872285278639e-61,4.24335760178023,0.615,0.046,4.96615765624201e-57,"21","RAB13"
4.25993423921648e-61,11.4675128001931,0.486,0,7.58609089319671e-57,"21","MYCN"
2.11033436530313e-60,7.40210512418752,0.507,0.003,3.75808343773182e-56,"21","HOXA9"
3.51626162940775e-60,12.0825882694323,0.48,0,6.26175870964931e-56,"21","PROM1"
1.99548839200467e-59,2.73960848426291,0.892,0.212,3.55356572848191e-55,"21","LYL1"
1.04588495865582e-58,7.01046454150759,0.486,0.005,1.86251193437429e-54,"21","MDK"
2.35035368732618e-58,9.4882520671139,0.466,0,4.18550984639046e-54,"21","EMID1"
5.45357605568587e-58,3.16399388274962,0.777,0.109,9.7117282399654e-54,"21","PTMS"
3.20910579370559e-57,7.61777695408808,0.466,0.002,5.71477559743092e-53,"21","ZNF385D"
7.44597695668403e-57,2.80583143776869,0.824,0.164,1.32597957644629e-52,"21","CD82"
1.22489253817647e-55,7.86595513144567,0.446,0.002,2.18128863198465e-51,"21","MED12L"
6.95526799000392e-55,2.67594515337732,0.872,0.267,1.2385941236599e-50,"21","NRIP1"
9.73400219601241e-55,8.42269507642585,0.439,0.001,1.73343111106589e-50,"21","CAVIN1"
1.10145535586851e-53,2.89793119739915,0.655,0.106,1.96147169773064e-49,"21","NFE2"
1.3604216153398e-53,9.40159219490304,0.439,0.001,2.42263881259711e-49,"21","ADGRG6"
6.03338731368536e-53,10.6477194822851,0.426,0,1.07442561282109e-48,"21","MYCT1"
4.70601574057255e-52,9.7262428602608,0.419,0.001,8.38047283081159e-48,"21","ZNF521"
1.15837057032309e-51,2.1404048953647,0.703,0.077,2.06282631163137e-47,"21","AKR1C3"
5.6935779796972e-51,9.09141831837351,0.419,0.001,1.01391236662448e-46,"21","C1QTNF4"
6.62572901245668e-49,1.80498073143184,0.973,0.556,1.17990982253829e-44,"21","H2AFY"
1.23908101642156e-47,9.9200966605737,0.385,0.001,2.20655547404351e-43,"21","AL157895.1"
4.61065246711233e-47,7.26603654423765,0.399,0.002,8.21064991343364e-43,"21","IGSF10"
9.31658890919692e-47,9.40041954359368,0.378,0,1.65909815294979e-42,"21","CPXM1"
9.49999060905128e-46,5.81921481162981,0.432,0.007,1.69175832765985e-41,"21","HOXA10"
1.35038829925853e-45,4.2203255018608,0.493,0.026,2.40477148331959e-41,"21","ATP1B1"
1.60492928035349e-45,5.67231646633549,0.378,0.007,2.8580580624535e-41,"21","TCEAL9"
1.23428365305893e-44,1.85871385524184,0.966,0.383,2.19801232936735e-40,"21","YBX3"
3.81979547382892e-44,10.1123917139302,0.358,0,6.80229177979455e-40,"21","HMGA2"
3.81994108054184e-44,13.8347948138424,0.358,0,6.80255107622891e-40,"21","AC011139.1"
9.81280230352988e-44,7.13892867245523,0.365,0.002,1.7474638342126e-39,"21","SELENOP"
2.80415519909364e-43,9.36632605041774,0.351,0.001,4.99363957854596e-39,"21","AJ009632.2"
6.89288283658684e-43,3.80832713321975,0.466,0.032,1.22748457553938e-38,"21","SERPING1"
2.04631210138836e-42,11.6038761455864,0.345,0,3.6440725901524e-38,"21","CRYGD"
3.64054085140159e-42,3.83054346688371,0.486,0.044,6.48307514817596e-38,"21","IGF2BP2"
6.41321124318736e-42,1.96014500266268,0.865,0.262,1.1420646581868e-37,"21","LMO2"
9.70864424248172e-42,2.02929256746645,0.743,0.206,1.72891536670114e-37,"21","MBOAT7"
1.15680952103588e-41,6.27554412407106,0.358,0.004,2.0600463950607e-37,"21","MMRN1"
3.08628123612527e-41,3.31175911230098,0.514,0.049,5.49604962529187e-37,"21","MGLL"
6.64305955335645e-41,5.59220999953075,0.351,0.006,1.18299604526172e-36,"21","MAP1A"
2.5372870406541e-40,3.46151918754058,0.385,0.035,4.51840076199682e-36,"21","CTDSPL"
3.38392456197806e-40,1.65920606268921,0.966,0.401,6.02609285997053e-36,"21","NUCB2"
7.67611023468657e-40,12.1635117319353,0.324,0,1.36696171059298e-35,"21","C3orf80"
7.67611023468657e-40,8.85366009903465,0.324,0.001,1.36696171059298e-35,"21","HPGDS"
2.789554111717e-38,4.68070349337237,0.372,0.012,4.96763796214563e-34,"21","FCER1A"
2.48946955664013e-37,1.81336695273143,0.682,0.161,4.43324738646474e-33,"21","IGFBP7"
9.26471189173742e-37,2.02637863794275,0.716,0.167,1.6498598936806e-32,"21","BCL11A"
1.8574299569128e-36,3.28728112172942,0.514,0.043,3.30771126727031e-32,"21","NPDC1"
1.91430546454444e-36,10.2585199543862,0.297,0,3.40899517126073e-32,"21","GCSAML"
6.7520972145635e-36,3.10499808675244,0.365,0.028,1.20241347196947e-31,"21","CAVIN2"
6.9653557462113e-36,1.84460475512357,0.608,0.106,1.24039055128531e-31,"21","EREG"
1.33351139566756e-35,11.5387174610472,0.291,0,2.37471709340479e-31,"21","CPA3"
3.87480859566388e-35,5.55049828030727,0.331,0.008,6.90025914715823e-31,"21","GUCY1B1"
9.30468701353764e-35,2.20664810085713,0.696,0.183,1.65697866337078e-30,"21","ARMH1"
1.20003808466389e-34,1.53359855285319,0.959,0.461,2.13702782116945e-30,"21","SPN"
2.47335194812367e-34,6.6660657291077,0.291,0.002,4.40454514921864e-30,"21","TAL1"
5.77184795517061e-34,1.69797189221248,0.764,0.228,1.02785068385678e-29,"21","ETS2"
6.36179425444958e-34,9.33371121428308,0.277,0.001,1.13290832083238e-29,"21","IGLL1"
3.0167229091384e-33,2.72040684446499,0.541,0.1,5.37218015659366e-29,"21","H1F0"
1.30317392677561e-32,5.42695846004121,0.304,0.007,2.32069212880201e-28,"21","AC026369.3"
2.88247672562801e-32,3.44528158469351,0.392,0.039,5.13311455299837e-28,"21","BCAT1"
6.90861175921495e-32,1.91700321177258,0.595,0.129,1.230285582081e-27,"21","MAP7D3"
1.58812289773375e-31,1.78422512085424,0.635,0.181,2.82812925628427e-27,"21","MPP1"
1.64053793546666e-31,2.81067922130082,0.392,0.036,2.92146995547902e-27,"21","PAWR"
3.73058688670334e-31,2.03696070176731,0.561,0.11,6.64342912784131e-27,"21","ALDH1A1"
1.20096917630821e-30,3.39825370540222,0.358,0.034,2.13868590916966e-26,"21","GNG11"
1.84905992488089e-30,2.47104002633228,0.493,0.086,3.29280591422789e-26,"21","DST"
1.68424464402005e-29,4.48736766034668,0.311,0.017,2.9993028620709e-25,"21","FLT3"
1.90266887807225e-29,1.78591486564569,0.642,0.181,3.38827273807106e-25,"21","HHEX"
2.21546546784504e-29,2.10590307497073,0.541,0.127,3.94530090513844e-25,"21","FABP5"
6.71398160369125e-29,0.696159572584458,1,0.991,1.19562584398534e-24,"21","H3F3A"
9.68581532618509e-29,2.59463259748659,0.358,0.048,1.72484999328704e-24,"21","HIST1H2BG"
1.13514380022691e-28,5.45826841384332,0.264,0.007,2.02146407944408e-24,"21","EMP1"
8.74545277148711e-28,1.91160562179242,0.608,0.151,1.55739022954643e-23,"21","TCF4"
4.66819781124691e-27,2.02981754408904,0.541,0.132,8.31312666226849e-23,"21","RNF24"
4.89496194593373e-26,0.94369220598158,0.966,0.559,8.71694823331879e-22,"21","TALDO1"
6.62073377600855e-26,2.49595402349088,0.486,0.097,1.1790202708316e-21,"21","GNA15"
6.90351765848269e-25,1.90632381622469,0.52,0.121,1.2293784246226e-20,"21","SYNGR1"
1.28107975085358e-24,2.37227308496562,0.574,0.193,2.28134682032006e-20,"21","KCNQ1OT1"
6.0793196285675e-24,1.26243411647936,0.872,0.407,1.0826052394553e-19,"21","LIMS1"
6.16082104173633e-23,2.4877305624984,0.318,0.045,1.09711901111241e-18,"21","CD9"
1.47986820687016e-22,2.8573954589279,0.338,0.045,2.63534930279438e-18,"21","MZB1"
2.16044087653962e-22,2.39042321377453,0.264,0.03,3.84731311294175e-18,"21","HMGN5"
5.95800839315305e-22,1.52270884419996,0.601,0.18,1.06100213465269e-17,"21","SMC4"
6.16236488668806e-22,1.71703027079633,0.399,0.063,1.09739393902141e-17,"21","BCL7A"
1.49957804294268e-21,1.0738620967151,0.865,0.515,2.67044857887232e-17,"21","TUBA1A"
2.67369787853503e-21,2.42057341880394,0.257,0.022,4.76132118209518e-17,"21","RAMP1"
2.97474702823636e-21,1.42690666106686,0.723,0.27,5.29742950788331e-17,"21","MAT2A"
3.82587641384741e-21,1.58250515342664,0.547,0.172,6.81312071777946e-17,"21","ZMIZ1"
8.92589258750121e-21,2.17907409449341,0.365,0.081,1.58952295198221e-16,"21","P2RX1"
1.37184583258406e-20,0.66287307277319,0.993,0.927,2.44298305866569e-16,"21","GAPDH"
1.84001701231263e-20,1.54647966763513,0.405,0.076,3.27670229552633e-16,"21","F2R"
1.25170562762427e-19,2.20400062316286,0.345,0.046,2.2290373816733e-15,"21","PKIG"
1.09723432696616e-18,1.99261079762715,0.392,0.087,1.95395488946134e-14,"21","SQLE"
1.32102340732669e-18,1.58933918125547,0.419,0.081,2.35247848376737e-14,"21","CDCA7L"
2.04332543985008e-18,1.49861907090796,0.764,0.342,3.63875394328502e-14,"21","MYADM"
2.89200015805302e-18,0.947299001592972,0.865,0.386,5.15007388146081e-14,"21","RNF130"
1.69867143541573e-17,1.11522828914158,0.581,0.227,3.02499409218834e-13,"21","CREG1"
4.74658572658544e-17,1.14141433474192,0.581,0.207,8.45271986190336e-13,"21","GAPT"
5.32001888758532e-17,1.6813762259899,0.399,0.118,9.47388963501194e-13,"21","DAPK1"
9.96812148242846e-17,1.55449234913994,0.412,0.135,1.77512307359086e-12,"21","AL034397.3"
1.32904115316919e-16,2.13014283704681,0.365,0.088,2.3667564855637e-12,"21","FADS1"
8.77258647350053e-16,1.19475160698549,0.615,0.231,1.56222219920097e-11,"21","CXXC5"
1.99157599103759e-15,0.628955281332506,0.993,0.678,3.54659852483974e-11,"21","GSTP1"
2.20033709205878e-15,1.69078928811925,0.405,0.124,3.91836029353827e-11,"21","FRMD4B"
2.76124721520886e-15,2.27335084397042,0.304,0.061,4.91722904084395e-11,"21","OSBPL1A"
3.00299396136028e-15,0.661605416910477,0.777,0.335,5.34773164639039e-11,"21","CCDC88A"
4.87162812333888e-15,1.42169718000118,0.595,0.283,8.67539536204189e-11,"21","LRRC75A"
1.31217712615765e-14,2.14508837570187,0.291,0.047,2.33672502626155e-10,"21","CEP126"
1.38933226488946e-14,0.943948147169919,0.507,0.129,2.47412289731514e-10,"21","C1orf21"
1.55018070997766e-14,1.01965752582727,0.662,0.268,2.76056180832821e-10,"21","ORAI2"
2.33522065333515e-14,0.966143590450097,0.959,0.748,4.15856093945923e-10,"21","ANXA1"
9.07343140015212e-14,0.354422593003537,0.98,0.602,1.61579666373909e-09,"21","TKT"
2.48858409761659e-13,1.24827714660412,0.432,0.096,4.43167056103563e-09,"21","ADAM28"
2.77801452407337e-13,2.00083268360635,0.297,0.074,4.94708826446986e-09,"21","LMNA"
5.09212313440968e-13,1.64533957261427,0.257,0.078,9.06805287775675e-09,"21","C9orf139"
8.52166791008509e-13,1.72724977426013,0.412,0.159,1.51753862142795e-08,"21","AC020916.1"
1.07855388979056e-12,1.40237030049705,0.439,0.149,1.92068876693903e-08,"21","MGST2"
1.08094294965611e-12,0.944811331867716,0.628,0.308,1.9249432047476e-08,"21","GNAQ"
1.33413771898126e-12,1.42806784229148,0.351,0.087,2.37583244996183e-08,"21","AC245060.5"
4.78681297862150e-12,1.07981050560058,0.48,0.186,8.52435655232918e-08,"21","MGST1"
5.63499706162038e-12,0.577625833802573,0.723,0.379,1.00348027673336e-07,"21","HSBP1"
7.01339780715634e-12,0.875852305572487,0.932,0.721,1.2489458814984e-07,"21","H1FX"
1.49448062961107e-11,1.55176047072143,0.25,0.056,2.66137110521139e-07,"21","SLC39A8"
1.50070480997591e-11,1.29652309224868,0.385,0.137,2.67245512560509e-07,"21","GSN"
4.35300285950324e-11,2.66582482570516,0.257,0.071,7.75182749220337e-07,"21","ID1"
6.05135259016953e-11,1.3111036589559,0.399,0.154,1.07762486925739e-06,"21","HIST1H2AC"
8.83562515510588e-11,1.54746018077114,0.257,0.046,1.57344812762125e-06,"21","RHOBTB3"
1.12091913231566e-10,1.51346964125433,0.338,0.111,1.99613279082773e-06,"21","JUP"
1.19251109329109e-10,0.929011782624233,0.574,0.284,2.12362375493276e-06,"21","SPTLC2"
1.27254115273387e-10,0.649436231148412,0.858,0.55,2.26614128478848e-06,"21","TUBA1B"
1.82138902108764e-10,0.583070951015131,0.676,0.289,3.24352956875286e-06,"21","ITM2A"
2.4362259381607e-10,0.310078778982791,0.676,0.345,4.33843115067658e-06,"21","GLUL"
2.75189642207686e-10,0.813555163234977,0.439,0.164,4.90057714843448e-06,"21","MIR4435-2HG"
4.11641221663634e-10,1.47206623939914,0.345,0.103,7.330506875386e-06,"21","GOLIM4"
6.52193789612454e-10,0.452954630387741,0.709,0.389,1.16142670054186e-05,"21","RTN3"
7.12178373755925e-10,0.74659036908492,0.696,0.35,1.26824724798455e-05,"21","CUX1"
7.50730082708474e-10,0.953258191035135,0.419,0.172,1.33690013128725e-05,"21","TWISTNB"
8.37455794793387e-10,1.5110218547881,0.358,0.116,1.49134127936806e-05,"21","RAPGEF2"
8.52143414251e-10,1.15761323218854,0.297,0.084,1.51749699209818e-05,"21","LIMA1"
8.83910624065592e-10,1.43625370098426,0.277,0.092,1.57406803933601e-05,"21","LRMDA"
3.94613590460587e-09,1.05170599706637,0.365,0.154,7.02727881892213e-05,"21","LPCAT2"
5.4257606973748e-09,0.661022979388964,0.568,0.276,9.66219464988505e-05,"21","GBP4"
5.45157425223478e-09,0.982522576440336,0.27,0.074,9.7081634283797e-05,"21","IKZF2"
5.46911737233068e-09,0.545231593145262,0.791,0.486,9.73940421664648e-05,"21","EIF1B"
5.5405190284613e-09,0.697328599315866,0.372,0.133,9.86655628588389e-05,"21","STRBP"
6.5068121481159e-09,0.727300253924232,0.784,0.497,0.000115873310733648,"21","IRF2BP2"
1.25232837387524e-08,0.622527380653353,0.743,0.433,0.000223014636819702,"21","GABPB1-AS1"
1.41187069922442e-08,0.668915996527039,0.446,0.206,0.000251425934117885,"21","HSPA1A"
2.73831769060814e-08,0.814685837777347,0.264,0.108,0.000487639614343497,"21","GADD45A"
5.94924613166497e-08,1.55763043171287,0.372,0.143,0.0010594417511269,"21","TFRC"
1.55904308311092e-07,0.622792819613096,0.757,0.461,0.00277634392240392,"21","HIST1H1C"
1.62764274946502e-07,0.634266188360641,0.419,0.217,0.0028985062082473,"21","RPAP2"
2.59428690689393e-07,0.390662146845476,0.709,0.427,0.00461990612379671,"21","BNIP3L"
3.63223725304889e-07,1.07070781168443,0.365,0.164,0.00646828810022946,"21","BMP2K"
4.24781057765318e-07,0.648977740323404,0.507,0.269,0.00756450107668478,"21","CARD19"
4.34851649295138e-07,0.794928560579067,0.736,0.417,0.00774383817064782,"21","TUBB"
4.8941177511158e-07,0.353589532510856,0.514,0.258,0.00871544489118702,"21","RAB32"
5.05512895915799e-07,0.960266321285778,0.331,0.123,0.00900217365046855,"21","ADA"
8.07892910535625e-07,0.34821204956404,0.939,0.594,0.0143869569508184,"21","CD63"
8.81265930586558e-07,0.952055600572155,0.514,0.261,0.0156935836918854,"21","MARCKSL1"
1.62740836554558e-06,0.631577835725997,0.689,0.436,0.0289808881736357,"21","NCOA4"
1.63985007507126e-06,0.646171562481563,0.392,0.177,0.0292024501368691,"21","MSRB2"
3.33070490999704e-06,1.15215985024788,0.284,0.086,0.0593131930372273,"21","PDLIM1"
4.20103768898845e-06,0.476577506038264,0.622,0.38,0.0748120791655064,"21","VAMP5"
6.43166090827916e-06,0.563284216029987,0.75,0.492,0.114535017454635,"21","JUN"
7.29168902739145e-06,0.474583329659829,0.338,0.18,0.129850398199787,"21","TFEC"
1.25138352316972e-05,0.47138349589471,0.405,0.24,0.222846377806063,"21","NCF4"
1.53825637232226e-05,0.41482248368083,0.791,0.492,0.273932694783147,"21","HIST1H4C"
1.62346759684414e-05,0.683150938455431,0.304,0.124,0.289107109646005,"21","CHML"
1.75276896817468e-05,0.730118358471424,0.385,0.17,0.312133097852546,"21","SAP30"
2.13744272208787e-05,0.275105931565245,0.446,0.266,0.380635799949408,"21","PLXDC2"
2.14756772150281e-05,0.461641092045731,0.358,0.192,0.382438859845221,"21","GNB4"
2.3566671090229e-05,0.353841240088914,0.378,0.22,0.419675278774799,"21","BTK"
2.76330695915159e-05,0.267732765862965,0.378,0.222,0.492089703285714,"21","CTNNA1"
3.00120317959771e-05,0.421999874387371,0.405,0.235,0.53445426222276,"21","EIF4EBP1"
3.24909425776332e-05,0.542835536564218,0.277,0.139,0.578598705422493,"21","MAFG"
4.94417454768899e-05,0.392249132045841,0.446,0.264,0.880458603452456,"21","MAPKAPK3"
5.62420390798837e-05,0.338931010834012,0.514,0.283,1,"21","RFLNB"
5.9205560927502e-05,0.278389383528791,0.297,0.178,1,"21","FES"
0.000127382944208364,0.682615640076593,0.331,0.153,1,"21","PHACTR1"
0.000134404839294151,0.539728007735575,0.304,0.16,1,"21","INSIG1"
0.000148646339059457,0.351326679052007,0.601,0.332,1,"21","LGALS9"
0.000152941574130471,0.380231023933674,0.392,0.241,1,"21","SGK3"
0.000188503990361651,0.256193374914083,0.831,0.497,1,"21","MIS18BP1"
0.000204403278516529,0.436295454122862,0.25,0.127,1,"21","CCDC71L"
0.00021950699929862,0.656065480810898,0.358,0.177,1,"21","PCNX4"
0.000270849339564074,0.479927512194725,0.986,0.946,1,"21","VIM"
0.000297285158723657,0.285667492252647,0.412,0.228,1,"21","FOXO3"
0.000301949790853045,0.433864756458163,0.365,0.213,1,"21","APP"
0.000328846354803397,0.68148697481499,0.264,0.152,1,"21","PLCB1"
0.000417776555836835,0.654828369475004,0.311,0.154,1,"21","TP53INP1"
0.000466394220798962,0.399631863695816,0.27,0.16,1,"21","CYFIP1"
0.000490948641747943,0.595611224771495,0.351,0.158,1,"21","EAF2"
0.000583205261394864,0.305181853565697,0.757,0.516,1,"21","WSB1"
0.000786318903059044,0.372402533080955,0.662,0.447,1,"21","TPM4"
0.000821080668870585,0.445061921296452,0.345,0.188,1,"21","DENND5A"
0.00110830702049163,0.628110261912279,0.399,0.212,1,"21","ARL4A"
0.00143768744667564,0.39835679824102,0.405,0.225,1,"21","METTL7A"
0.00167273457061911,0.554100999177774,0.27,0.141,1,"21","SLC35E3"
0.00235513087679097,0.270399165491433,0.507,0.332,1,"21","BAZ2B"
0.0029367961737898,0.314705298913516,0.318,0.188,1,"21","TRPS1"
0.00454078365206446,0.289356321130679,0.338,0.201,1,"21","PSTPIP2"
0.00726770496025894,0.257923717492645,0.297,0.181,1,"21","TENT5A"
4.21298751482043e-69,9.01764380070888,0.64,0.002,7.50248816639223e-65,"22","KIT"
4.53358766897075e-59,8.03008949556506,0.64,0.011,8.07341292090311e-55,"22","IL1R1"
9.34814727304323e-55,5.0237887340266,0.88,0.056,1.66471806638354e-50,"22","TNFRSF18"
6.52558825848261e-45,4.95297259034313,0.84,0.057,1.16207675707058e-40,"22","TNFRSF4"
2.39048565047311e-36,5.75244663848076,0.88,0.089,4.25697684636251e-32,"22","AREG"
2.25045155117632e-30,5.08843145680006,0.52,0.026,4.00760412233479e-26,"22","SPINK2"
3.89476725863803e-27,4.90626151843415,0.52,0.024,6.9358015341826e-23,"22","XCL1"
3.79806184843834e-20,3.78529533014525,0.76,0.146,6.76358853969899e-16,"22","GATA3"
1.3603084269265e-19,4.34154159904246,0.4,0.032,2.42243724667071e-15,"22","IL2RA"
8.73315638036273e-19,2.47905946300304,0.76,0.142,1.555200488215e-14,"22","TRDC"
2.98391778288785e-18,2.75016535607212,0.68,0.113,5.31376078776669e-14,"22","TRGC1"
9.55989258769974e-18,3.34502853950468,0.8,0.163,1.70242567201757e-13,"22","INPP4B"
1.14128008767835e-16,3.18378184510985,0.6,0.081,2.03239158013761e-12,"22","MAFF"
9.632621753578e-16,3.35584087080502,0.56,0.072,1.71537728187717e-11,"22","XCL2"
9.87515749366783e-16,4.78784576301177,0.28,0.011,1.75856804647237e-11,"22","PPP1R9A"
3.6114951585333e-15,2.49131065406134,0.96,0.313,6.43135057831609e-11,"22","KLRB1"
8.19531383093254e-14,3.19439930159305,0.44,0.045,1.45942148701247e-09,"22","FAM30A"
2.28191575474346e-12,2.86264425185581,0.96,0.518,4.06363557604716e-08,"22","DDIT4"
4.60914434155372e-12,1.56707335272977,0.92,0.297,8.20796424343887e-08,"22","CTSW"
1.8801547352706e-11,3.41984818403207,0.36,0.036,3.34817955256989e-07,"22","PAWR"
5.53644205396744e-11,2.27541787658212,0.92,0.441,9.85929600970521e-07,"22","CD7"
6.27822821532809e-11,3.06928216737806,0.4,0.057,1.11802688058563e-06,"22","IL18R1"
1.52322443863394e-10,1.66328372452712,1,0.556,2.71255808031933e-06,"22","IL7R"
2.06044936615198e-10,4.19633100852242,0.28,0.018,3.66924823124345e-06,"22","SPRY1"
3.46734522091067e-10,3.4024434813947,0.52,0.12,6.17464836939772e-06,"22","GRASP"
2.51306939427593e-09,2.0658623196567,0.92,0.491,4.47527397732657e-05,"22","TNFAIP3"
2.73563557306187e-09,1.76233240853527,0.92,0.443,4.87161982850857e-05,"22","TCF7"
6.80215033239394e-09,1.83019639802286,0.88,0.461,0.000121132693119271,"22","CD69"
3.81518828634124e-08,1.4513943904107,0.96,0.583,0.000679408730031647,"22","PIK3R1"
4.30410668194041e-08,1.66263764620241,1,0.717,0.000766475317919948,"22","LTB"
6.98232310514731e-08,2.80782471085366,0.36,0.068,0.00124341209856463,"22","TLE1"
2.26103819659538e-07,1.32439833510967,0.68,0.247,0.00402645682049706,"22","HOPX"
2.59261135484973e-07,1.17226921543603,1,0.858,0.00461692230071641,"22","IFITM2"
1.37641155843835e-06,3.12559343613346,0.36,0.086,0.0245111370326701,"22","DST"
4.45209656051007e-06,1.91031797282893,0.72,0.324,0.0792829355495633,"22","GPR183"
4.71107784161307e-06,1.56658356976132,0.68,0.29,0.0838948742034455,"22","BCL2"
6.17322765793559e-06,1.23726534181986,0.96,0.748,0.109932838132517,"22","ANXA1"
7.85421292157741e-06,2.46121753046151,0.56,0.193,0.139867823707451,"22","SOX4"
1.85935420585335e-05,0.380259388106015,0.96,0.706,0.331113796978365,"22","NFKBIA"
3.14954641857663e-05,0.98617422745684,0.96,0.639,0.560871226220126,"22","DUSP1"
3.15801975293516e-05,1.36237068995463,0.88,0.632,0.562380157602693,"22","ID2"
3.97558472567153e-05,1.85173084194133,0.68,0.342,0.707972127947587,"22","MYADM"
5.74250705947155e-05,1.19058003016308,0.88,0.471,1,"22","HERPUD1"
5.80700691889264e-05,0.989692668132829,0.28,0.07,1,"22","KLRC1"
6.21337508214233e-05,2.6748597508905,0.32,0.077,1,"22","ITM2C"
6.24151241733227e-05,1.46003337096937,0.68,0.346,1,"22","NFKB1"
7.57131957520636e-05,0.936155901862995,0.88,0.631,1,"22","ZFP36"
0.000105216178919575,2.42101082198003,0.28,0.074,1,"22","LMNA"
0.000132128466080449,1.86569940879225,0.48,0.173,1,"22","CSRNP1"
0.000147631913503364,1.06827973589259,0.68,0.371,1,"22","BIRC3"
0.000156216965497733,1.70647363785997,0.64,0.343,1,"22","MAP3K8"
0.000206066052596478,2.20991817686824,0.4,0.141,1,"22","TIPARP"
0.000226226561874517,0.675897864901625,0.4,0.133,1,"22","TRGC2"
0.00025309600671932,0.865482575703409,1,0.884,1,"22","JUNB"
0.000277727316501697,0.768318821592756,1,0.711,1,"22","IER2"
0.000298935582242136,1.2988272610578,0.64,0.405,1,"22","LTA4H"
0.000394935019345465,1.10359830236676,0.84,0.731,1,"22","CXCR4"
0.000409996983189944,1.96636492374767,0.36,0.143,1,"22","TFRC"
0.000448970776011533,1.36544201023459,0.32,0.095,1,"22","AFF3"
0.000450818127157083,1.16263571017864,0.76,0.498,1,"22","IRF2BP2"
0.000482799341401158,2.24363648476404,0.48,0.211,1,"22","BHLHE40"
0.000508554304511108,1.99849711142553,0.28,0.08,1,"22","STARD4"
0.000622215394350185,1.31554235824566,0.68,0.343,1,"22","PIM3"
0.00109454221479783,1.13416400414209,0.48,0.248,1,"22","FAM129A"
0.00123282091934801,1.28342547294134,0.64,0.387,1,"22","CTNNB1"
0.0014619535077788,0.646215864045773,0.72,0.404,1,"22","PPP1R15A"
0.00151797660069418,1.48548573175462,0.56,0.332,1,"22","BAZ2B"
0.00165441070119719,0.791413061128385,0.84,0.594,1,"22","CD63"
0.00173952314277711,0.976177291296914,0.84,0.501,1,"22","CMTM6"
0.00192355443190148,1.24909842675773,0.56,0.323,1,"22","SEC14L1"
0.00197260013362276,1.87439076462424,0.36,0.152,1,"22","ZNF331"
0.00199786604230505,0.973367728364357,0.52,0.239,1,"22","TXK"
0.00212094746404749,1.64721858998744,0.44,0.195,1,"22","AHR"
0.0021795981940129,0.491139092444641,0.88,0.54,1,"22","FOS"
0.00230173792621751,0.794495795633068,0.8,0.572,1,"22","HIST1H1E"
0.00246231952887992,1.01488321519134,0.32,0.096,1,"22","PTGDR"
0.00292304518709493,0.387897486045667,1,0.949,1,"22","PNRC1"
0.00337913859044561,0.741385250148115,0.4,0.156,1,"22","CLIC3"
0.00343202281978842,1.56371403706555,0.36,0.139,1,"22","ANKRD28"
0.00380449969461395,0.448848855640323,0.8,0.707,1,"22","KLF6"
0.00423352747036139,1.30942159465852,0.44,0.22,1,"22","APOBR"
0.00484467286435456,1.26390905204052,0.44,0.227,1,"22","SLC16A3"
0.00501213544715186,1.24250543739898,0.56,0.252,1,"22","XIST"
0.00515593227036436,0.621556906277043,0.72,0.515,1,"22","TUBA1A"
0.00599836953330427,1.29955179813219,0.6,0.388,1,"22","RAB11FIP1"
0.00601074270267574,0.795755020645726,0.92,0.667,1,"22","BTG2"
0.00615567163402059,1.47645076236968,0.48,0.22,1,"22","NR4A2"
0.00649911659497927,0.987166905252619,0.64,0.447,1,"22","TPM4"
0.00704714337416801,1.25367394116883,0.52,0.269,1,"22","CARD19"
0.00731574149061252,0.990791817254304,0.8,0.622,1,"22","ITGB1"
0.00754822301350621,0.639095083596565,0.84,0.728,1,"22","ARL4C"
0.00792626206399423,1.42865027868675,0.44,0.236,1,"22","CITED2"
0.00887940656040119,1.28131454825114,0.52,0.308,1,"22","GNAQ"
0.00999697688277247,0.3330441705477,0.88,0.493,1,"22","LST1"
2.70050200700082e-99,9.84322212769078,0.933,0.002,4.80905397406705e-95,"23","CLEC4C"
3.06963680639146e-99,8.70040304103789,0.933,0.007,5.46640922482192e-95,"23","DNASE1L3"
6.82110798811936e-91,9.31309369396594,1,0.01,1.2147029105243e-86,"23","LILRA4"
5.5785772662711e-88,8.58850399902204,0.933,0.006,9.93433039577558e-84,"23","MAP1A"
9.80734655761432e-83,8.66490869520843,1,0.017,1.74649227497996e-78,"23","SERPINF1"
1.36302061944706e-72,7.66210175095916,0.8,0.006,2.42726711911133e-68,"23","PACSIN1"
8.1099386196414e-71,11.1530550628942,0.733,0.001,1.44421786938574e-66,"23","LRRC26"
8.1099386196414e-71,8.42263029148644,0.733,0.005,1.44421786938574e-66,"23","SCN9A"
1.21049930013135e-65,8.14906287256047,0.733,0.005,2.15565715367391e-61,"23","PTCRA"
4.93237373836426e-63,5.58582344746641,0.867,0.012,8.78357115327907e-59,"23","FCER1A"
4.0673326016575e-61,6.28703946888902,0.867,0.015,7.24310589703167e-57,"23","P2RY14"
4.68067439919168e-59,7.41705382303025,1,0.027,8.33534497008055e-55,"23","IL3RA"
5.58836310014748e-49,5.66532266170065,1,0.037,9.95175700874263e-45,"23","TSPAN13"
2.62441772030882e-47,5.41770032832764,1,0.052,4.67356307632595e-43,"23","SPIB"
7.48274888264956e-47,4.8226072620965,1,0.058,1.33252792102223e-42,"23","FAM129C"
8.36470035576386e-46,8.74046673139895,0.4,0.001,1.48958583935443e-41,"23","CA8"
8.36470035576386e-46,8.19887991674957,0.4,0.002,1.48958583935443e-41,"23","PHEX"
8.36470035576386e-46,6.25419098537837,0.4,0.004,1.48958583935443e-41,"23","DPPA4"
4.96506381218245e-45,7.36822671547564,0.667,0.009,8.8417856367345e-41,"23","LINC00996"
1.184172162243e-43,6.63278698391365,0.6,0.01,2.10877378652233e-39,"23","MYBL2"
2.37802407363912e-42,5.24473868047336,0.933,0.046,4.23478527033655e-38,"23","BLNK"
2.21064434828753e-40,6.70545420396578,1,0.065,3.93671545543044e-36,"23","PLD4"
6.82688939907324e-38,5.88265807935271,1,0.045,1.21573246418696e-33,"23","MZB1"
1.12386001287939e-36,4.31573649748261,1,0.075,2.00136991093562e-32,"23","GNG7"
1.47524460853441e-36,6.6672754425604,1,0.077,2.62711559887808e-32,"23","ITM2C"
3.28206891017549e-34,8.26491740351411,0.4,0.004,5.84470831524051e-30,"23","RASD1"
1.29426769523471e-33,6.95995640507963,0.467,0.005,2.30483191167397e-29,"23","MSRB3"
4.37020766107367e-32,10.6160794613145,0.333,0.001,7.78246580283998e-28,"23","KRT5"
5.52029732445553e-31,9.21006183500339,0.267,0,9.83054547539041e-27,"23","KCNK17"
6.92264426035248e-31,4.16486975052654,0.8,0.065,1.23278448988357e-26,"23","DAB2"
8.80838904806205e-29,6.66683396920401,1,0.096,1.56859792167889e-24,"23","JCHAIN"
4.18632839659466e-28,5.31529603383602,0.533,0.013,7.45501360865576e-24,"23","GUCY1A1"
1.39501237942875e-27,8.03692665747086,0.333,0.003,2.48423804528672e-23,"23","CYP46A1"
2.04962531241998e-27,6.34749646257481,0.333,0.006,3.64997275635751e-23,"23","PLXNA4"
8.4534729793689e-27,6.58779549947416,0.467,0.011,1.50539446816601e-22,"23","NRP1"
4.30781137362289e-26,4.25405967025449,0.667,0.052,7.67135049414764e-22,"23","COBLL1"
3.42778631056764e-25,4.59566823800232,0.533,0.025,6.10420186185886e-21,"23","PMEPA1"
2.13613108419394e-24,5.36136546093087,0.533,0.018,3.80402223473257e-20,"23","FLT3"
3.03072445674395e-23,5.98448910412694,1,0.152,5.39711411256962e-19,"23","TCF4"
4.77022548331886e-23,3.44878977305306,0.8,0.064,8.49481754069423e-19,"23","BCL7A"
4.10448109085469e-22,3.29622855928599,0.933,0.109,7.30925992659403e-18,"23","PTMS"
4.816205904685e-21,5.8053374249466,1,0.182,8.57669947506304e-17,"23","CCDC50"
1.11315039357234e-20,3.58830988152004,1,0.156,1.98229822087363e-16,"23","CLIC3"
1.30452678021019e-20,4.79466925630643,1,0.167,2.3231012901983e-16,"23","BCL11A"
1.4585934270279e-20,3.71357440433429,1,0.172,2.59746317485128e-16,"23","STMN1"
4.65780953971585e-20,3.34252663326721,0.8,0.095,8.29462722832598e-16,"23","AFF3"
2.88066009449632e-19,3.87150856674443,0.4,0.024,5.12987949627905e-15,"23","PPP1R14A"
1.12806276217134e-18,4.43032621666288,0.6,0.06,2.00885416687472e-14,"23","TCL1A"
1.5885770041052e-18,5.36060810936833,1,0.207,2.82893792891054e-14,"23","IRF7"
2.61209265954343e-18,4.88196932189636,1,0.213,4.65161460811494e-14,"23","APP"
4.04899702844411e-18,5.55913190684969,1,0.241,7.21045390825328e-14,"23","IRF8"
4.26775502595916e-18,3.97290013050773,0.533,0.044,7.60001815022808e-14,"23","SLC7A5"
3.40506230039073e-17,3.47486672013641,1,0.231,6.06373494453582e-13,"23","GZMB"
4.27762715836818e-17,3.9304413646463,1,0.208,7.61759844362206e-13,"23","GAPT"
1.08069055657844e-16,4.06972370261007,0.733,0.08,1.92449374315489e-12,"23","DUSP5"
3.19089578026972e-16,3.92271550314624,1,0.273,5.68234720550432e-12,"23","C12orf75"
1.03090857685168e-15,4.47049338129945,0.533,0.037,1.83584199365747e-11,"23","PNOC"
1.76356006955037e-15,3.21929319167437,0.933,0.193,3.1405477718553e-11,"23","SOX4"
3.01153836488841e-15,3.19108801921737,0.933,0.242,5.36294752019328e-11,"23","RNASE6"
6.45861997046935e-15,0.471734651354723,0.933,0.155,1.15015104434118e-10,"23","IGHM"
1.13140243989264e-13,3.34450265940599,0.667,0.097,2.01480146496081e-09,"23","GNA15"
2.6890177223778e-13,2.99387863371568,1,0.335,4.78860276001038e-09,"23","CCDC88A"
5.56726836195888e-13,2.94087554641992,0.933,0.231,9.91419149897637e-09,"23","CXXC5"
7.86806403736708e-13,2.88495785483746,0.867,0.204,1.40114484377433e-08,"23","SCARB2"
1.25666527156996e-12,4.90689281152088,0.4,0.024,2.23786951561179e-08,"23","TRIP10"
4.2936957086242e-12,2.99813998681467,1,0.471,7.64621331791798e-08,"23","HERPUD1"
6.80002663014209e-12,2.68140338835711,1,0.505,1.2109487422957e-07,"23","NPC2"
1.75451059694003e-11,3.09888032962919,0.733,0.153,3.12443247103081e-07,"23","PHACTR1"
4.36552962462288e-11,2.86913928795995,1,0.691,7.77413515552842e-07,"23","PLAC8"
4.402908268292e-11,1.56010989328897,1,0.375,7.84069904417439e-07,"23","IGKC"
5.56554796545133e-11,3.4570643106513,0.667,0.134,9.91112781687572e-07,"23","CSF2RB"
5.7537539022012e-11,2.15134960078202,1,0.254,1.02462849490399e-06,"23","HLA-DQA1"
1.66325000096379e-10,2.07757714804011,1,0.425,2.96191560171631e-06,"23","PTPRE"
1.84573573696985e-10,2.71130326548286,1,0.352,3.28688620039591e-06,"23","UBE2J1"
2.04220760471684e-10,3.24822627336089,0.533,0.076,3.63676330247975e-06,"23","HIP1"
2.13805829263043e-10,3.70008417431159,0.267,0.017,3.80745420751626e-06,"23","DENND5B"
4.32908797041285e-10,3.03825380334655,0.667,0.118,7.7092398577112e-06,"23","SEL1L3"
7.11023537040965e-10,2.78492333950694,0.733,0.137,1.26619071476255e-05,"23","GSN"
1.00109430214664e-09,2.75950239800451,0.8,0.186,1.78274873326273e-05,"23","CORO1C"
2.04019835566494e-09,1.971292303684,1,0.479,3.63318523176812e-05,"23","PLP2"
2.85978908659097e-09,2.25874546944894,0.933,0.3,5.0927124054012e-05,"23","CAPG"
6.06063304813106e-09,1.88994077067951,0.933,0.334,0.000107927753321118,"23","MEF2C"
6.77425530213442e-09,2.91124466459932,0.667,0.15,0.00012063593842041,"23","MGST2"
7.40146219249066e-09,2.41224572516256,0.867,0.274,0.000131805238723874,"23","TGFBI"
9.90850237404823e-09,2.02817524742038,0.667,0.133,0.000176450610277051,"23","STRBP"
1.13768625665082e-08,2.15057184575571,0.933,0.402,0.000202599168584378,"23","NUCB2"
1.39729647210769e-08,2.21103143761241,1,0.52,0.000248830555752937,"23","CTSC"
1.45390734302288e-08,2.29945112383445,0.533,0.102,0.000258911819645514,"23","IFIT2"
1.49777092144961e-08,2.53882498451677,0.733,0.14,0.000266723045691747,"23","DAAM1"
1.66429163401456e-08,2.81175013464091,0.8,0.239,0.000296377054185313,"23","UNC93B1"
1.66440562010338e-08,2.57991796931877,0.8,0.248,0.000296397352828009,"23","LAIR1"
2.03401354704415e-08,2.95114889901384,0.6,0.115,0.000362217132457623,"23","CRYBG3"
2.88089062827028e-08,1.83565407909031,1,0.347,0.000513029003082372,"23","MPEG1"
3.11603508475215e-08,1.88395262402065,1,0.751,0.000554903527892662,"23","CD74"
3.29407099555557e-08,1.9768611707613,1,0.372,0.000586608162888535,"23","HLA-DMA"
3.56544025487868e-08,2.93893900140061,0.4,0.059,0.000634933600588796,"23","TLR7"
5.43660594453155e-08,1.80534798550701,1,0.498,0.000968150786602179,"23","IRF2BP2"
5.56903981237182e-08,3.26733710672741,0.533,0.122,0.000991734609787173,"23","LILRB4"
6.06273612631075e-08,2.40565496517895,0.6,0.135,0.00107965204937342,"23","ARHGAP18"
7.8881743717679e-08,2.02169042745391,0.6,0.124,0.00140472609212443,"23","ADA"
1.39950738570749e-07,2.9491742106194,0.333,0.034,0.0024922427524679,"23","GNG11"
1.39974184258596e-07,2.12717140196562,0.867,0.261,0.00249266027327708,"23","SMIM14"
1.62896810488797e-07,1.82210941458907,1,0.361,0.0029008664011845,"23","CD4"
2.08753612476271e-07,3.50246371561909,0.333,0.049,0.00371748433097744,"23","CPED1"
2.23239985307738e-07,2.33755751163191,0.467,0.087,0.00397545765836019,"23","AC245060.5"
2.77807390584222e-07,1.56592890244577,1,0.412,0.00494719401152382,"23","GRN"
2.96086895397912e-07,2.63717531513236,0.4,0.071,0.00527271543324602,"23","DPP4"
3.01568362728808e-07,1.64349758088111,1,0.434,0.00537032940347462,"23","CTSZ"
3.4113334864994e-07,2.65381531542862,0.6,0.104,0.00607490267275813,"23","CCR2"
5.5217098799576e-07,2.51332613402001,0.933,0.324,0.00983306095422849,"23","GPR183"
6.5833400607409e-07,1.9071569232613,0.867,0.347,0.0117236119801674,"23","STX7"
8.37545294021581e-07,1.34455803009793,1,0.602,0.0149150065959363,"23","HLA-DPB1"
1.07034411305515e-06,1.53005599646364,1,0.566,0.0190606879652861,"23","PLEK"
1.24321744588035e-06,2.19215678093238,0.467,0.081,0.0221392162762372,"23","CDCA7L"
1.25743258013162e-06,3.28130085045222,0.333,0.047,0.0223923593869838,"23","RAB13"
1.40720813971242e-06,1.57648903621326,1,0.569,0.0250595625519987,"23","HLA-DPA1"
1.42448537104229e-06,3.12460287007587,0.4,0.057,0.0253672354875211,"23","IL18R1"
1.72812308060053e-06,2.08477658351534,0.867,0.404,0.0307744158193342,"23","SKAP2"
2.58157009304753e-06,2.42367937879261,0.533,0.127,0.0459726002169905,"23","FABP5"
3.42584359503412e-06,1.87952140652401,0.533,0.125,0.0610074227403677,"23","CHML"
3.56682521095805e-06,2.84355346222419,0.333,0.045,0.063518023356741,"23","FAM30A"
4.4501267609942e-06,3.80557416183368,0.267,0.031,0.0792478573597847,"23","SPDL1"
4.83645595601776e-06,1.17902693895225,1,0.868,0.0861276076647643,"23","CALM2"
4.98985647461818e-06,2.12589913088872,0.6,0.177,0.0888593641000006,"23","MSRB2"
9.11488114766534e-06,1.22276951743829,1,0.478,0.162317803477624,"23","FCER1G"
1.146903445185e-05,1.20759043532375,0.933,0.433,0.204240565518545,"23","HLA-DQB1"
1.36222842168609e-05,3.12131491900482,0.267,0.031,0.242585637333859,"23","AC005224.3"
1.49837471705999e-05,1.25743800204761,0.933,0.386,0.266830569614042,"23","RNF130"
1.7567255872794e-05,1.83872279180189,0.667,0.233,0.312837692582716,"23","SLC20A1"
1.83528125814493e-05,1.10665829747245,1,0.542,0.326826886450449,"23","HLA-DRB1"
2.03349994625221e-05,2.65052221956667,0.333,0.042,0.362125670428594,"23","CLECL1"
2.1198993420612e-05,1.85811783541622,0.667,0.211,0.377511674834258,"23","SH2B3"
2.12631958670776e-05,2.20108741142947,0.6,0.181,0.378654992000918,"23","HHEX"
3.13843204698465e-05,1.21626776233277,1,0.463,0.558891978927027,"23","NCF1"
3.19238066950571e-05,2.06363548182442,0.467,0.098,0.568499149625576,"23","ATF5"
3.54669599116308e-05,1.18208098755064,1,0.583,0.631595622106322,"23","HLA-DRA"
3.85059136705059e-05,2.90866916873967,0.333,0.076,0.685713310644368,"23","CDH23"
3.95151664816638e-05,1.73574832212925,0.533,0.138,0.703686084705468,"23","SLAMF7"
3.97817440715023e-05,1.34445592481575,0.867,0.309,0.708433298425313,"23","DPYSL2"
4.9419166740279e-05,2.76775439848006,0.333,0.051,0.880056521310889,"23","RGS1"
5.76582383019001e-05,1.75646419626676,0.867,0.386,1,"23","CTSB"
6.09051124856175e-05,1.27074375039264,0.867,0.348,1,"23","RABGAP1L"
6.59969393378752e-05,1.60878805670918,0.933,0.55,1,"23","TUBA1B"
7.02746800580593e-05,1.98284849852876,0.533,0.13,1,"23","RASGEF1B"
7.89772810801184e-05,2.51415981491942,0.267,0.05,1,"23","HLA-DOA"
8.50618839058546e-05,3.09819481639102,0.333,0.075,1,"23","RBBP8"
0.000110379269145158,1.39680250651711,0.8,0.346,1,"23","HLA-DMB"
0.000111983870872916,2.09905649218529,0.533,0.159,1,"23","EAF2"
0.000112115388961803,2.18470962660786,0.6,0.192,1,"23","ARID3A"
0.000112747006637189,1.63484348046161,0.733,0.283,1,"23","RFLNB"
0.000114329136141548,1.25705176083058,0.8,0.388,1,"23","RAB11FIP1"
0.000131120887696492,1.88039335512679,0.4,0.09,1,"23","TSC22D1"
0.000133295891387524,1.54240572700038,0.667,0.24,1,"23","NCF4"
0.000171705849082824,1.78213957911918,0.467,0.156,1,"23","SRGAP2B"
0.000173731057382342,1.92721750790592,0.4,0.1,1,"23","H1F0"
0.000206338421462159,2.29169827534005,0.467,0.143,1,"23","TFRC"
0.00023971759414833,1.265638002633,0.933,0.535,1,"23","DNAJA1"
0.000333298475454151,3.01714293555575,0.267,0.05,1,"23","MGLL"
0.000352592666943119,2.09080077726022,0.333,0.082,1,"23","ACP5"
0.000411084786795383,0.373905722121825,0.333,0.097,1,"23","IGLC3"
0.000507241091545857,2.26198232400538,0.267,0.062,1,"23","MS4A4A"
0.000530452806552882,1.57439361590582,0.6,0.217,1,"23","PRKCD"
0.000539942724429435,2.34735886797972,0.267,0.04,1,"23","MIR155HG"
0.000668059223129939,1.471413327954,0.667,0.302,1,"23","SULF2"
0.000704397633642155,1.9215299272623,0.4,0.137,1,"23","TBC1D9"
0.0007057278335295,2.04002180626455,0.467,0.162,1,"23","CSF2RA"
0.000768575496272386,1.48449984280636,0.467,0.158,1,"23","TRG-AS1"
0.000771523784372234,1.06664575886309,1,0.708,1,"23","SAMHD1"
0.000831531447542002,1.81167927071701,0.4,0.127,1,"23","HDAC9"
0.000857290467061647,0.702261627592718,1,0.485,1,"23","CST3"
0.000951922393439364,1.12148158644859,0.667,0.272,1,"23","PIK3AP1"
0.00106252475291448,2.87988583359207,0.333,0.076,1,"23","ALCAM"
0.00110505376261396,0.7584201302897,0.933,0.402,1,"23","CYBB"
0.0011485788860034,1.37253917678197,0.667,0.307,1,"23","CRTAP"
0.00116138962081563,1.96626218739235,0.333,0.078,1,"23","C9orf139"
0.00144258766985304,2.07738796629008,0.267,0.053,1,"23","HELLS"
0.00146146451197592,0.698156103894883,0.933,0.422,1,"23","FCGRT"
0.00148207563998836,1.19611912543778,0.6,0.23,1,"23","AC245014.3"
0.00163205049123028,1.39343048514054,0.267,0.063,1,"23","BLK"
0.00168421971883852,1.437061612722,0.6,0.26,1,"23","LILRB1"
0.00179057814722395,1.28963553553988,0.467,0.183,1,"23","ARMH1"
0.00194744320883176,1.02958131354543,0.867,0.437,1,"23","LYN"
0.00195360694653221,1.80880813214221,0.467,0.154,1,"23","HIST1H2AC"
0.00199381557188338,0.693537046997975,1,0.59,1,"23","BRI3"
0.00223656722726608,0.591285760358039,0.733,0.29,1,"23","CD36"
0.00255381677701331,2.63179778525112,0.267,0.063,1,"23","SETBP1"
0.00266774409256009,1.24766254691253,0.533,0.228,1,"23","NBPF14"
0.00273326959584455,0.924734660581017,0.933,0.515,1,"23","GLIPR1"
0.00307519605339601,1.63203758091332,0.467,0.16,1,"23","PEA15"
0.00308941744419567,1.35829199219883,0.4,0.119,1,"23","KIF20B"
0.00322609279652986,0.881862160548972,0.733,0.433,1,"23","GABPB1-AS1"
0.00324354451333093,0.878173973069426,0.933,0.525,1,"23","PYCARD"
0.00349471281743282,1.74014811345204,0.4,0.127,1,"23","CCDC71L"
0.00352354031985705,0.950323063596626,0.667,0.289,1,"23","MX1"
0.00420176514869084,1.20799384973519,0.667,0.324,1,"23","MS4A6A"
0.00422665592648306,1.43774717610519,0.6,0.306,1,"23","SYK"
0.00430237846406078,1.53591991840594,0.467,0.182,1,"23","CEP290"
0.00435553428777229,2.0615810886176,0.4,0.143,1,"23","CCDC112"
0.00445708259826136,1.11170026672335,0.8,0.414,1,"23","JAML"
0.00495302691016231,1.51778569464731,0.4,0.132,1,"23","ARHGAP24"
0.00552748110605403,1.17245596176258,0.533,0.192,1,"23","RNF144B"
0.00637863135684323,0.940111597831594,0.667,0.333,1,"23","BAZ2B"
0.00646427757662331,0.468623755218338,1,0.97,1,"23","OAZ1"
0.00982238331501875,1.81337114395538,0.267,0.055,1,"23","CCDC152"
