"p_val","avg_log2FC","pct.1","pct.2","p_val_adj","cluster","gene"
1.00382223051352e-145,1.67686806209928,1,0.982,2.28871468557084e-143,"0","CLEC12A"
1.16252199158024e-145,1.61867949632115,1,0.987,2.65055014080296e-143,"0","CD64"
1.76383600363659e-137,1.28408572917396,1,0.999,4.02154608829143e-135,"0","CD11b-2"
1.58805497403973e-136,1.99763389260329,0.999,0.657,3.62076534081058e-134,"0","CD36"
1.70857658923405e-132,0.497081079413993,1,1,3.89555462345363e-130,"0","CD93"
2.77042769597342e-132,0.518869454756044,1,1,6.31657514681941e-130,"0","CD62P"
5.16239641436697e-132,1.10638562657582,1,0.999,1.17702638247567e-129,"0","CD9"
6.46623570256578e-132,0.998578040047721,1,0.998,1.474301740185e-129,"0","CD11c"
1.54006137998824e-131,0.780179919035827,1,1,3.51133994637318e-129,"0","CD41"
1.15735394257461e-128,1.1697414012485,1,0.996,2.63876698907011e-126,"0","CD49b"
1.96219026654371e-126,0.384503408946792,1,1,4.47379380771966e-124,"0","CD18"
4.59429641307339e-126,1.84153754161839,0.999,0.709,1.04749958218073e-123,"0","CD155"
8.64508095074495e-126,0.634919629215968,1,1,1.97107845676985e-123,"0","CD11b-1"
1.66203945141186e-125,1.16039293141891,1,0.992,3.78944994921903e-123,"0","CD13"
5.8681817812423e-121,0.802344440273989,1,0.998,1.33794544612324e-118,"0","CD55"
1.67817307827245e-120,0.57779804028466,1,1,3.82623461846118e-118,"0","CD31"
2.04410435082469e-118,0.798676853980465,1,0.997,4.66055791988029e-116,"0","CD29"
2.67399009235282e-115,1.28817234077113,1,0.928,6.09669741056443e-113,"0","CD86"
6.3400407396128e-115,1.00477461504956,1,0.992,1.44552928863172e-112,"0","CD14"
1.79160881782152e-114,0.803405965801532,1,1,4.08486810463307e-112,"0","CD63"
3.08532621513893e-114,0.546356808359095,1,1,7.03454377051676e-112,"0","CLEC2"
2.46443680950948e-104,0.654701563195905,1,1,5.61891592568162e-102,"0","CD35"
4.88851218313358e-104,0.852585119300489,1,0.996,1.11458077775446e-101,"0","CD172a"
9.78027822876319e-104,0.957924094991394,1,0.996,2.22990343615801e-101,"0","CD42b"
1.57163861262771e-102,1.22358825070257,0.998,0.906,3.58333603679119e-100,"0","CD354"
8.05965299078748e-99,0.875991496745157,1,0.962,1.83760088189955e-96,"0","CD119"
6.87159483447436e-94,0.78878916051104,1,0.997,1.56672362226016e-91,"0","CD61"
5.77799228654884e-92,1.04869913002178,0.999,0.951,1.31738224133314e-89,"0","CD110"
6.89574970628997e-89,0.555630567207853,1,0.999,1.57223093303411e-86,"0","CD305"
9.7782621274646e-86,0.498791120470786,1,0.999,2.22944376506193e-83,"0","CD95"
4.92739172626605e-82,1.15556028176081,0.988,0.776,1.12344531358866e-79,"0","CD192"
2.92797702599924e-81,0.900659213555225,1,0.947,6.67578761927827e-79,"0","CD39"
2.83968446209004e-70,0.847206095507106,0.999,0.964,6.4744805735653e-68,"0","CD69"
7.94031164879935e-69,0.977247717168241,1,0.991,1.81039105592625e-66,"0","CD49a"
1.3092408984441e-68,0.693365987947302,0.999,0.977,2.98506924845254e-66,"0","CD54"
1.37030378901634e-64,1.16014273757245,0.992,0.924,3.12429263895726e-62,"0","Folate"
2.56553936320068e-64,0.815154734126542,0.997,0.945,5.84942974809754e-62,"0","CD235a"
1.19715980349606e-62,0.327518866555178,1,1,2.72952435197102e-60,"0","CD44-1"
2.5880041526196e-59,0.574557374532248,0.998,0.978,5.90064946797269e-57,"0","CD59"
3.01833816914355e-59,0.507510576321568,1,0.999,6.88181102564729e-57,"0","CD226"
1.29574610193074e-56,0.757519892267583,0.999,0.955,2.95430111240208e-54,"0","TIM-4"
2.14329119073225e-52,0.330493683981952,1,0.998,4.88670391486952e-50,"0","CD196"
3.37339616311621e-49,0.456495907339688,1,0.999,7.69134325190495e-47,"0","CD107a"
1.51635793388632e-48,0.499289397953733,1,1,3.4572960892608e-46,"0","CD244"
1.94142741830775e-46,0.594087652763108,0.997,0.942,4.42645451374166e-44,"0","CD141"
4.29530900496236e-43,0.394889825965918,1,0.997,9.79330453131418e-41,"0","CD205"
5.39676918744112e-42,0.401535250668486,1,0.994,1.23046337473658e-39,"0","CD366"
7.01799468007715e-42,0.460737277389518,0.999,0.983,1.60010278705759e-39,"0","HLA-DR"
7.66442759021058e-41,0.450973186689079,1,0.993,1.74748949056801e-38,"0","CD71"
3.138895465147e-39,0.273875019429742,1,1,7.15668166053516e-37,"0","CD307e"
2.47641095416195e-38,0.416126100282548,1,1,5.64621697548925e-36,"0","CD38-1"
1.14239609735286e-37,0.606662960597134,0.987,0.909,2.60466310196452e-35,"0","CD66a/c/e"
1.61937169927526e-33,0.638285625373221,0.981,0.861,3.6921674743476e-31,"0","CD164"
6.25254772739501e-30,0.526212411862472,0.992,0.936,1.42558088184606e-27,"0","CD163"
6.95722254505197e-29,0.443987806612711,0.994,0.964,1.58624674027185e-26,"0","CD112"
4.13902305437041e-25,0.312046619219411,1,0.998,9.43697256396453e-23,"0","CD38-2"
2.25159815728894e-23,1.77345456141716,0.367,0.11,5.13364379861879e-21,"0","TSLPR"
2.98556963614078e-20,1.1350685788717,0.913,0.784,6.80709877040097e-18,"0","CD169"
3.1306607746436e-20,0.495535554558755,0.986,0.93,7.13790656618741e-18,"0","CD15"
1.79812168988214e-19,0.686816744659046,0.975,0.896,4.09971745293128e-17,"0","CD304"
1.70706913092295e-16,0.380065703536651,0.981,0.808,3.89211761850434e-14,"0","CD1d"
1.57182637858686e-15,0.275434793375867,0.991,0.948,3.58376414317803e-13,"0","CD98"
5.01381298663334e-13,0.339805970937978,0.956,0.855,1.1431493609524e-10,"0","CD85g"
1.16134836811191e-12,0.355062333557303,0.994,0.95,2.64787427929517e-10,"0","GP130"
2.18588895621612e-08,0.255405513985499,0.908,0.791,4.98382682017274e-06,"0","CD11a/CD18"
1.6124719004086e-95,0.67176275267724,1,0.994,3.67643593293161e-93,"1","CD325"
1.53054354652337e-92,1.36401647049908,1,0.858,3.48963928607328e-90,"1","CD4-2"
2.2257828906803e-91,0.627509817091166,1,1,5.07478499075109e-89,"1","CD4-1"
3.26049223166655e-88,1.07161506895332,0.999,0.894,7.43392228819973e-86,"1","CD275-1"
9.88641003009095e-78,0.652684108821734,1,0.999,2.25410148686074e-75,"1","CD28"
6.15465943607911e-77,0.719841532535093,0.999,0.959,1.40326235142604e-74,"1","CD138-1"
8.11994124199856e-73,0.562981333607871,1,0.992,1.85134660317567e-70,"1","CD194"
2.44020601418812e-68,0.785702048757827,1,0.995,5.56366971234891e-66,"1","CD127"
4.28769008490577e-68,0.759376263195718,1,0.998,9.77593339358515e-66,"1","CD3-1"
7.59899887428206e-67,0.741680404250984,1,0.991,1.73257174333631e-64,"1","CD278"
9.4977815707248e-63,0.585813444431719,0.999,0.971,2.16549419812525e-60,"1","Siglec-8"
5.63364038737614e-60,0.567816077615201,1,0.999,1.28447000832176e-57,"1","TCR-2"
6.06784937605591e-59,0.475995081673029,1,0.991,1.38346965774075e-56,"1","CD324"
1.56926249275903e-55,0.40290334405843,1,1,3.57791848349058e-53,"1","CD109"
1.91025693641272e-55,0.587335708744736,1,0.995,4.35538581502099e-53,"1","CD26-2"
3.33381947175168e-52,0.686615626266943,1,1,7.60110839559383e-50,"1","CD27"
1.78127913662813e-51,0.716748178125015,1,0.999,4.06131643151214e-49,"1","CD3-2"
2.78037136904779e-46,0.522888864255034,0.999,0.956,6.33924672142897e-44,"1","CD338"
4.7192862559676e-45,0.396667816990941,1,0.988,1.07599726636061e-42,"1","CD202b"
1.71139974209306e-44,0.391514794128116,0.999,0.984,3.90199141197218e-42,"1","Rat-IgG1-2"
1.22418450891722e-43,0.373408246882115,0.999,0.989,2.79114068033125e-41,"1","Rat-IgG1-1"
4.07406488843697e-43,0.505766117914183,0.988,0.926,9.2888679456363e-41,"1","CD83"
1.54040531666618e-42,0.343796946380396,0.999,0.988,3.51212412199889e-40,"1","CD138-2"
1.08931414263541e-39,0.617050020365702,0.983,0.846,2.48363624520873e-37,"1","CD68"
7.20965969315967e-39,0.459332653144127,0.999,0.971,1.6438024100404e-36,"1","CD370"
1.21322369718806e-37,1.19236359248864,0.9,0.622,2.76615002958878e-35,"1","CD185"
3.58823612581088e-37,0.42078561272091,1,0.986,8.18117836684881e-35,"1","CD144"
1.94333715558116e-34,0.449935310588959,0.996,0.958,4.43080871472504e-32,"1","LOX-1"
6.6703591547941e-34,0.477173755089491,0.997,0.967,1.52084188729306e-31,"1","CD357"
1.91081523631208e-33,0.472253204372912,1,0.974,4.35665873879155e-31,"1","CD56-1"
1.19094720035112e-29,0.431587190970898,0.988,0.937,2.71535961680055e-27,"1","CD223"
1.80698701396378e-29,0.347111496198882,0.999,0.991,4.11993039183743e-27,"1","Galectin-9"
3.41889431300829e-27,0.563527724754831,1,0.998,7.79507903365891e-25,"1","CD2"
9.04305910733114e-25,0.350828620842146,0.998,0.974,2.0618174764715e-22,"1","CD243"
6.73328296525844e-23,0.351383466886338,0.983,0.914,1.53518851607892e-20,"1","CD24"
1.07813924951507e-22,0.487967282966556,0.941,0.806,2.45815748889436e-20,"1","CD30"
6.05439055051348e-22,0.302029522367914,0.949,0.88,1.38040104551707e-19,"1","Rag-IgG2c"
1.27840643381691e-21,0.598046996892017,0.951,0.808,2.91476666910256e-19,"1","CD126"
9.6562192278058e-19,0.394683573131966,0.937,0.81,2.20161798393972e-16,"1","CD319"
1.23938459853732e-17,0.59489228213439,0.925,0.765,2.82579688466508e-15,"1","CD294"
1.2957795561553e-16,0.310002872280813,0.973,0.926,2.95437738803407e-14,"1","CD90"
3.96632475454642e-15,0.383331758897604,0.955,0.863,9.04322044036583e-13,"1","VEGFR-3"
9.86092103836651e-15,0.349081798570474,0.999,0.993,2.24828999674756e-12,"1","CD45RO"
1.4726131457673e-13,0.34585976289916,0.994,0.953,3.35755797234945e-11,"1","GP130"
3.29036176694733e-13,0.378211910256153,0.995,0.981,7.50202482863992e-11,"1","CD45RB"
5.3251910084943e-13,0.497701056326431,0.885,0.744,1.2141435499367e-10,"1","CD140b"
1.29642388938986e-12,0.657586079346955,0.772,0.568,2.95584646780887e-10,"1","Podoplanin"
1.30441938912495e-12,0.392282200907872,0.989,0.946,2.97407620720488e-10,"1","CD96"
1.05340404613691e-11,0.43208348596549,0.987,0.982,2.40176122519215e-09,"1","CD25"
1.06427270032413e-11,0.367271585649407,0.907,0.806,2.42654175673903e-09,"1","CD1a"
6.51607136597843e-11,0.263718131148032,0.951,0.888,1.48566427144308e-08,"1","CD186"
1.91894635955171e-10,0.619738032337542,0.81,0.611,4.3751976997779e-08,"1","CD115"
4.05937229185738e-10,0.452536215969911,0.833,0.701,9.25536882543484e-08,"1","CD158f"
6.20827502411151e-10,0.325319351814417,0.98,0.92,1.41548670549742e-07,"1","CD154"
9.78119470089765e-10,0.315797463711575,0.857,0.756,2.23011239180466e-07,"1","CD307d"
1.28956961291774e-08,0.294601864494895,0.966,0.895,2.94021871745246e-06,"1","C5L2"
2.63903146621072e-08,0.257592101222461,0.956,0.88,6.01699174296043e-06,"1","CD274"
1.34448532481552e-07,0.425084318795237,0.792,0.666,3.06542654057938e-05,"1","Rat-IgG2b"
6.42722136780308e-07,0.388982975674543,0.827,0.727,0.00014654064718591,"1","CD273"
1.33956544002097e-05,0.279016530581423,0.865,0.773,0.00305420920324781,"1","CD204"
6.24265485100221e-05,0.253189585669535,0.875,0.816,0.014233253060285,"1","CD117"
0.000205878421961164,0.326410710994752,0.721,0.625,0.0469402802071455,"1","CD284"
0.000458493561145215,0.28562896317075,0.937,0.859,0.104536531941109,"1","CD235ab"
0.00269990825042419,0.284772096039815,0.929,0.89,0.615579081096715,"1","CD146"
3.91755384128198e-144,1.76680963399321,1,0.966,8.93202275812292e-142,"2","CD56-2"
2.01897391407964e-143,2.40817260877237,0.992,0.81,4.60326052410157e-141,"2","CD335"
2.25090634036037e-143,1.45855636299802,1,1,5.13206645602165e-141,"2","CD16"
8.63237779671784e-133,1.17085254623711,1,0.993,1.96818213765167e-130,"2","CD122"
1.89094780399222e-127,0.439587357666682,1,1,4.31136099310226e-125,"2","CD43"
1.39972706425195e-121,0.731367857167192,1,1,3.19137770649444e-119,"2","CD244"
1.7405072800014e-105,1.04318168671733,0.998,0.975,3.96835659840319e-103,"2","CD56-1"
3.11551555238553e-94,1.40600457901361,0.971,0.908,7.103375459439e-92,"2","CD337"
5.16096230938678e-82,0.708462495013851,1,1,1.17669940654019e-79,"2","CD38-1"
5.34326894583415e-78,0.910425724621899,1,0.99,1.21826531965019e-75,"2","CD45RA"
8.75182771007186e-75,0.739699505577531,1,0.998,1.99541671789638e-72,"2","CD38-2"
4.58572734452458e-67,0.730030979147253,1,0.997,1.04554583455161e-64,"2","CD314"
5.73567874228707e-60,0.427009661485381,1,1,1.30773475324145e-57,"2","CD57"
3.3271836850371e-58,1.73577719684257,0.978,0.968,7.58597880188459e-56,"2","CD158b"
2.86997451747181e-56,1.16090896732842,0.911,0.808,6.54354189983573e-54,"2","CD161"
4.30834090170302e-43,0.468964532475059,0.995,0.991,9.82301725588289e-41,"2","CX3CR1"
5.1976888820801e-43,0.571187754896485,0.992,0.99,1.18507306511426e-40,"2","CD271"
7.56327841729589e-32,0.25545603856127,1,1,1.72442747914346e-29,"2","CD99"
7.44077994459068e-23,0.7006561420754,0.868,0.825,1.69649782736667e-20,"2","TIGIT"
1.21233571044539e-19,0.465794244203732,0.919,0.913,2.76412541981549e-17,"2","CD307c/FcRL3"
5.76523698405897e-14,0.36027772314399,0.988,0.96,1.31447403236545e-11,"2","TIM-4"
6.83784438409534e-13,0.705665075474604,0.999,0.999,1.55902851957374e-10,"2","CD158e1"
4.91802367080914e-08,0.253349103208004,0.97,0.952,1.12130939694448e-05,"2","CD235a"
8.85661929915658e-05,0.254105688635325,0.998,0.998,0.020193092002077,"2","CD2"
0.00573762046878763,1.12070758034145,0.691,0.796,1,"2","CD158"
1.57633903188967e-103,1.12554519982561,1,0.823,3.59405299270844e-101,"3","CD1d"
1.93120839032142e-88,0.898303145155173,1,0.993,4.40315512993285e-86,"3","CD14"
3.33225766036541e-80,1.04140991708231,1,0.897,7.59754746563314e-78,"3","CD275-1"
1.37770113293385e-72,1.31782811422336,0.998,0.737,3.14115858308918e-70,"3","CD155"
4.73450999562558e-71,0.570762594365407,1,0.994,1.07946827900263e-68,"3","CD325"
6.97424199333726e-71,0.671647812131307,1,0.998,1.5901271744809e-68,"3","CD61"
1.37408002439698e-66,0.651037487813702,1,0.96,3.13290245562511e-64,"3","CD138-1"
1.40260365068312e-65,0.404942190500738,1,1,3.19793632355752e-63,"3","CD11b-1"
1.65439061365368e-62,0.525332198385871,1,0.958,3.77201059913039e-60,"3","CD338"
5.53845079173467e-61,0.978266627631386,1,0.935,1.26276678051551e-58,"3","CD86"
9.50598524181979e-61,0.697237633706427,1,0.947,2.16736463513491e-58,"3","CD141"
1.30160546648636e-60,0.674555798185836,1,0.996,2.9676604635889e-58,"3","CD172a"
6.81142128071981e-59,0.962670527664294,0.999,0.93,1.55300405200412e-56,"3","Folate"
1.36418753160493e-58,0.464785788432652,1,1,3.11034757205923e-56,"3","CD63"
2.09334613214024e-58,1.02246821709811,0.998,0.69,4.77282918127975e-56,"3","CD36"
3.05298551477604e-58,0.831289906186327,0.999,0.914,6.96080697368936e-56,"3","CD354"
2.81272161777584e-57,0.805360432131115,1,0.999,6.41300528852892e-55,"3","CD11b-2"
4.29702955118132e-57,1.13223530793927,1,0.984,9.79722737669342e-55,"3","CLEC12A"
6.19039454546106e-56,0.935622273889405,1,0.989,1.41140995636512e-53,"3","CD64"
1.01197594321821e-55,0.400142486253777,1,1,2.30730515053752e-53,"3","CD31"
2.01673837471414e-53,0.442258219306198,1,0.992,4.59816349434823e-51,"3","CD194"
2.90661816775062e-52,0.571469306435236,1,0.998,6.62708942247141e-50,"3","CD11c"
4.00470978011924e-50,0.754791760208255,0.999,0.849,9.13073829867186e-48,"3","CD68"
1.06338667093434e-49,0.506028345720833,1,0.972,2.4245216097303e-47,"3","Siglec-8"
3.22829429477267e-48,0.284363852535931,1,1,7.3605109920817e-46,"3","CD93"
6.14831399157214e-48,0.435562776345856,1,1,1.40181559007845e-45,"3","CD35"
7.99195527403869e-48,0.439892087098929,1,0.995,1.82216580248082e-45,"3","CD366"
6.66098241172252e-47,0.576202350534572,1,0.966,1.51870398987273e-44,"3","CD119"
6.63449035804024e-45,0.36263103066092,1,0.988,1.51266380163317e-42,"3","CD138-2"
1.30514224246415e-44,0.386481398549046,1,0.991,2.97572431281827e-42,"3","CD324"
2.66583044366251e-44,0.374521821389309,1,0.998,6.07809341155052e-42,"3","CD205"
2.93044108354922e-41,0.662965149803261,1,0.952,6.68140567049222e-39,"3","CD39"
4.53205204771977e-41,0.459446349554829,1,0.972,1.03330786688011e-38,"3","CD370"
6.42184350317505e-41,0.444475172988155,1,0.999,1.46418031872391e-38,"3","CD9"
1.80597454250517e-34,0.267897324327724,1,1,4.11762195691179e-32,"3","CD41"
2.11171489670246e-34,0.385167487666729,1,0.974,4.81470996448161e-32,"3","CD243"
2.68376361430595e-34,0.382157161787455,1,0.982,6.11898104061756e-32,"3","CD34"
1.78834790470773e-33,0.309692594233161,1,0.999,4.07743322273362e-31,"3","CD107a"
1.97309726490871e-33,0.321180813875993,1,0.984,4.49866176399186e-31,"3","HLA-DR"
2.43717412592287e-33,0.974049450019573,0.958,0.626,5.55675700710413e-31,"3","CD185"
1.23294151889954e-31,0.390397698838772,1,0.999,2.81110666309095e-29,"3","CD55"
3.18498565995672e-31,0.533157465989924,1,0.967,7.26176730470133e-29,"3","CD69"
4.53318317829565e-30,0.313082457038879,1,0.989,1.03356576465141e-27,"3","CD202b"
8.38034542003441e-30,0.316132739157868,1,0.999,1.91071875576784e-27,"3","CD305"
2.41471235432229e-28,0.357575585578683,1,0.968,5.50554416785483e-26,"3","CD357"
4.74219298098396e-28,0.676181398992378,0.904,0.563,1.08121999966434e-25,"3","Podoplanin"
8.24185676865032e-28,0.580659232145987,0.991,0.81,1.87914334325227e-25,"3","CD319"
1.87135768355821e-26,0.338280751375134,0.999,0.959,4.26669551851273e-24,"3","LOX-1"
9.68211222537118e-25,0.290081558360478,1,0.987,2.20752158738463e-22,"3","CD144"
1.98385077744867e-23,0.497692184765756,0.999,0.941,4.52317977258296e-21,"3","CD163"
3.38912238946086e-23,0.2921740794114,1,0.994,7.72719904797076e-21,"3","MERTK"
1.8764792353441e-22,0.411381305145923,0.985,0.807,4.27837265658455e-20,"3","CD30"
2.72989955377581e-22,0.597219155675596,0.927,0.607,6.22417098260885e-20,"3","CD115"
1.63900991795538e-21,0.32451461551947,1,0.993,3.73694261293826e-19,"3","CD13"
2.31284927410541e-21,0.485561037767698,0.977,0.766,5.27329634496033e-19,"3","CD294"
2.58951312729082e-21,0.449725161125525,0.996,0.895,5.90408993022307e-19,"3","C5L2"
2.44411796823923e-20,0.40259052029656,0.999,0.951,5.57258896758545e-18,"3","CD66b"
2.86893952029428e-20,0.314814689509182,1,0.994,6.54118210627097e-18,"3","CD71"
8.36461690169472e-20,0.281037806323488,1,0.989,1.9071326535864e-17,"3","Rat-IgG1-1"
7.34955371732281e-19,0.381110210618034,0.999,0.956,1.6756982475496e-16,"3","CD110"
1.28105517028564e-18,0.289104769126743,0.998,0.927,2.92080578825126e-16,"3","CD83"
1.7014506308755e-18,0.261693130552183,1,0.985,3.87930743839615e-16,"3","Rat-IgG1-2"
1.33337906664623e-17,0.385343711541033,0.994,0.86,3.0401042719534e-15,"3","CD123"
4.41547081872306e-16,0.30494222407598,0.998,0.938,1.00672734666886e-13,"3","CD223"
1.5412562479761e-15,0.254497416764725,1,0.992,3.51406424538552e-13,"3","CCR10"
5.47164944377078e-15,0.398311037268812,0.981,0.81,1.24753607317974e-12,"3","CD126"
1.70808029055849e-14,0.379344819051754,0.958,0.742,3.89442306247337e-12,"3","CD140b"
3.04252473448069e-14,0.348660933291578,0.933,0.696,6.93695639461597e-12,"3","CD158f"
1.5603452988232e-13,0.379422895061253,0.989,0.863,3.5575872813169e-11,"3","VEGFR-3"
1.77079279985658e-13,0.261067367583839,1,0.979,4.03740758367301e-11,"3","CD54"
1.94648611570488e-11,0.687701212138231,0.953,0.792,4.43798834380712e-09,"3","CD169"
6.10117757695864e-11,0.285912027301926,0.996,0.92,1.39106848754657e-08,"3","CD154"
1.16604315385387e-10,0.752938371342978,0.328,0.138,2.65857839078683e-08,"3","TSLPR"
2.38264956670085e-10,0.320872372956018,0.993,0.879,5.43244101207793e-08,"3","CD274"
5.19586802344464e-09,0.279415008763732,0.989,0.879,1.18465790934538e-06,"3","Rag-IgG2c"
1.48551202455647e-08,0.284114152344003,0.972,0.797,3.38696741598874e-06,"3","CD192"
1.23926893138189e-07,0.25930691206129,0.899,0.661,2.82553316355071e-05,"3","Rat-IgG2b"
5.62683638512723e-07,0.279022057505828,0.947,0.751,0.000128291869580901,"3","CD307d"
1.47735212004405e-05,0.268909686623822,0.985,0.857,0.00336836283370043,"3","CD235ab"
3.67139579263488e-137,1.143295763246,1,1,8.37078240720754e-135,"4","CD307e"
6.26286500685909e-136,0.949691695686594,1,1,1.42793322156387e-133,"4","CD109"
1.54499281288834e-122,1.14768026335442,0.999,0.978,3.52258361338542e-120,"4","CD106"
1.23390299075028e-120,0.976490674720401,1,0.99,2.81329881891065e-118,"4","CD209"
2.17343738972674e-106,1.3511815911642,1,0.864,4.95543724857698e-104,"4","CD4-2"
2.03885701458357e-102,0.837673449694246,1,0.999,4.64859399325053e-100,"4","CD3-2"
5.8409435295771e-98,0.909894458503831,1,1,1.33173512474358e-95,"4","CD27"
2.62555096179944e-94,0.590165190230807,1,1,5.98625619290273e-92,"4","CD4-1"
7.22678169728084e-88,0.965033577006775,0.999,0.982,1.64770622698003e-85,"4","CD45RB"
6.370399333891e-82,0.677231058037991,1,0.999,1.45245104812715e-79,"4","TCR-2"
1.69000678984314e-73,0.778609560391888,1,0.998,3.85321548084236e-71,"4","CD3-1"
4.21904624380071e-70,0.767074220280419,0.992,0.955,9.61942543586561e-68,"4","GP130"
4.02260551516632e-63,0.678729358014864,1,0.992,9.17154057457922e-61,"4","CD278"
1.68139249146736e-55,0.559390722790044,1,0.999,3.83357488054558e-53,"4","CD28"
3.71266068060873e-41,0.534326624088606,0.999,0.995,8.46486635178791e-39,"4","CD26-2"
1.11875634746447e-38,0.27420462780933,1,1,2.550764472219e-36,"4","CD52"
4.28725581390707e-31,0.541245145698571,1,0.996,9.77494325570813e-29,"4","CD127"
8.75654529659564e-21,0.451846134718917,0.993,0.991,1.99649232762381e-18,"4","CD45RA"
4.88185945638393e-20,0.295736083687428,0.99,0.987,1.11306395605554e-17,"4","CD200"
2.9687659229577e-15,0.428610861980514,0.88,0.819,6.76878630434355e-13,"4","CD126"
1.93372378332589e-12,0.331854554319062,0.972,0.949,4.40889022598304e-10,"4","CD96"
5.29337632825505e-10,0.438623802656725,1,0.998,1.20688980284215e-07,"4","CD2"
0.00105517032223616,0.251547329312666,0.856,0.887,0.240578833469844,"4","CD303"
6.27683462328456e-112,1.0507408226852,1,1,1.43111829410888e-109,"5","CD8a"
2.61711072160888e-100,1.53306764927036,0.998,0.989,5.96701244526824e-98,"5","CD8"
1.32069691596256e-82,0.48968196156851,1,1,3.01118896839464e-80,"5","CD57"
1.01095457166579e-70,0.31662047685664,1,1,2.30497642339801e-68,"5","CD43"
7.32322672260915e-69,0.771681548740536,1,0.997,1.66969569275489e-66,"5","CD314"
1.02247069708852e-56,0.630321190622671,1,0.998,2.33123318936183e-54,"5","CD2"
1.10969126486536e-54,0.678102260449708,1,0.999,2.53009608389302e-52,"5","CD3-2"
5.35762608300454e-48,0.659919183945525,1,0.998,1.22153874692504e-45,"5","CD3-1"
8.47902164354364e-47,0.335961327750107,1,1,1.93321693472795e-44,"5","CD99"
1.86406474570813e-45,0.624330955339882,0.993,0.99,4.25006762021454e-43,"5","CD271"
4.56431903425248e-37,1.06555201476209,0.904,0.824,1.04066473980957e-34,"5","TIGIT"
1.54000275866409e-34,0.292945062525594,1,1,3.51120628975412e-32,"5","CD49d"
1.87099964730475e-33,0.312127772086034,1,1,4.26587919585484e-31,"5","CD81"
2.62436675844045e-30,0.386881800623178,0.999,0.999,5.98355620924422e-28,"5","TCR-2"
2.480607923221e-21,0.43407305586714,0.992,0.995,5.65578606494389e-19,"5","CD279"
2.50482706904325e-19,0.30701534479297,1,1,5.71100571741861e-17,"5","CD244"
7.57851303630398e-15,0.447299129970304,0.916,0.913,1.72790097227731e-12,"5","CD307c/FcRL3"
2.24960450593619e-14,0.35158749060089,0.992,0.982,5.1290982735345e-12,"5","CD45RB"
1.48942238493769e-13,0.303663130767503,0.986,0.961,3.39588303765793e-11,"5","TIM-4"
1.44192884113881e-10,0.328604515973274,0.989,0.991,3.28759775779649e-08,"5","CD45RA"
5.59695826325637e-09,0.301352315563275,0.958,0.95,1.27610648402245e-06,"5","CD96"
3.92248372687626e-08,0.454102829424351,0.998,0.999,8.94326289727786e-06,"5","CD158e1"
3.34274578663693e-07,0.352424004224755,0.954,0.97,7.6214603935322e-05,"5","CD158b"
4.77652243625787e-147,1.20250830405251,1,1,1.08904711546679e-144,"6","CD307e"
1.29375561060046e-143,1.00875034330715,1,1,2.94976279216904e-141,"6","CD109"
3.01868281638921e-138,1.30277401946759,1,0.978,6.8825968213674e-136,"6","CD106"
4.68308390089635e-138,1.13540841325955,1,0.99,1.06774312940437e-135,"6","CD209"
3.31160581367311e-119,0.973754253253049,1,0.994,7.55046125517468e-117,"6","CD45RO"
4.05416209640218e-118,0.618928780995068,1,1,9.24348957979698e-116,"6","CD4-1"
6.18463151967418e-112,0.77986098240685,1,0.999,1.41009598648571e-109,"6","CD28"
1.17870166579515e-108,1.36397465998737,1,0.865,2.68743979801293e-106,"6","CD4-2"
1.18713207329393e-98,0.753431297076386,1,0.998,2.70666112711016e-96,"6","CD2"
8.40273204515474e-91,0.920821668427358,1,0.996,1.91582290629528e-88,"6","CD127"
2.66152287727038e-72,0.973980441363054,0.999,0.995,6.06827216017646e-70,"6","CD26-2"
2.82865091616895e-70,0.9203162977558,0.996,0.981,6.4493240888652e-68,"6","CD25"
4.41381234455684e-67,0.860449205545836,0.992,0.948,1.00634921455896e-64,"6","CD96"
6.06920735724431e-64,0.326288237785076,1,1,1.3837792774517e-61,"6","CD52"
2.66856380348417e-55,0.342427475413068,1,1,6.08432547194391e-53,"6","CD99"
2.12063461098968e-47,0.662487366388801,1,0.999,4.83504691305646e-45,"6","CD3-2"
2.25635426772793e-47,0.591957077826015,0.998,0.994,5.14448773041969e-45,"6","CD279"
1.33609036603347e-38,0.594751640703517,1,0.998,3.04628603455631e-36,"6","CD3-1"
1.39508440161398e-35,0.391693383335306,1,0.999,3.18079243567987e-33,"6","TCR-2"
1.37404616496448e-31,0.481633043295023,0.999,0.992,3.13282525611901e-29,"6","CD278"
8.32387083500538e-31,0.347708854537431,0.999,0.994,1.89784255038123e-28,"6","CD122"
4.19333730024542e-30,0.514351383240576,1,1,9.56080904455955e-28,"6","CD27"
1.3180195857302e-26,0.286088150967746,1,0.999,3.00508465546486e-24,"6","CD95"
8.90933216082323e-17,0.355850989910997,0.998,0.992,2.0313277326677e-14,"6","CD49a"
2.56962777421347e-16,0.844162737563265,0.856,0.814,5.85875132520672e-14,"6","CD161"
3.58963660875596e-10,0.260210832986353,0.977,0.973,8.1843714679636e-08,"6","CD134"
6.2794434121433e-10,0.532788632387023,0.77,0.736,1.43171309796867e-07,"6","CD273"
1.52855127129084e-05,0.278401222965015,0.859,0.821,0.00348509689854312,"6","CD126"
7.11393614162603e-120,1.39942687582732,1,0.968,1.62197744029074e-117,"7","CD56-2"
1.22702022314308e-115,1.12066079324939,1,1,2.79760610876623e-113,"7","CD16"
1.1174862758361e-111,0.938179063060477,1,0.994,2.5478687089063e-109,"7","CD122"
3.16946589664909e-109,1.67255761442659,0.985,0.818,7.22638224435992e-107,"7","CD335"
2.71895944718693e-107,0.94072581835872,0.999,0.976,6.1992275395862e-105,"7","CD56-1"
5.70989168811775e-90,0.588810052823179,1,1,1.30185530489085e-87,"7","CD244"
1.69399318585663e-86,0.713323476345616,1,0.998,3.86230446375312e-84,"7","CD38-2"
1.72656227493903e-85,1.24938318320184,0.989,0.91,3.93656198686099e-83,"7","CD337"
4.44173232062845e-78,0.634197022109388,1,1,1.01271496910329e-75,"7","CD38-1"
2.29127114149148e-69,1.10744467459361,0.963,0.81,5.22409820260057e-67,"7","CD161"
5.39978317550166e-67,0.69559445552356,1,0.997,1.23115056401438e-64,"7","CD314"
2.32483237477249e-62,0.563410041405757,1,0.994,5.30061781448127e-60,"7","CD325"
8.43366450804246e-51,0.687992699282869,1,0.991,1.92287550783368e-48,"7","CD45RA"
5.75444377373241e-49,0.471559533688593,1,0.973,1.31201318041099e-46,"7","CD370"
2.33414539442679e-43,0.400755651859071,1,0.992,5.32185149929308e-41,"7","CD324"
1.01958397910197e-42,0.461964550838701,0.999,0.991,2.32465147235249e-40,"7","CX3CR1"
1.97152470932938e-41,0.803756940699924,0.998,0.901,4.49507633727098e-39,"7","CD275-1"
1.12475750757212e-39,0.542544789320054,0.997,0.962,2.56444711726444e-37,"7","CD138-1"
3.08386346042345e-38,0.383852441039864,0.999,0.985,7.03120868976548e-36,"7","Rat-IgG1-2"
3.75424064702513e-35,0.486773128921968,0.998,0.973,8.5596686752173e-33,"7","Siglec-8"
2.15380781963314e-33,0.34032761204516,1,0.992,4.91068182876355e-31,"7","CD194"
2.6559282553076e-33,0.38668908755734,1,0.989,6.05551642210133e-31,"7","Rat-IgG1-1"
9.18110527963721e-32,0.453576289817361,0.995,0.96,2.09329200375728e-29,"7","CD338"
1.29202985628519e-30,0.375616339549352,0.999,0.989,2.94582807233024e-28,"7","CD202b"
4.59964442364052e-30,1.43304000399026,0.893,0.783,1.04871892859004e-27,"7","CD158"
2.08937777109119e-29,0.404612849970401,0.995,0.969,4.76378131808791e-27,"7","CD357"
1.1447226417553e-27,0.581598901611152,0.979,0.856,2.60996762320209e-25,"7","CD68"
1.13864186564971e-26,0.319839980046819,0.998,0.987,2.59610345368133e-24,"7","CD144"
3.95627118085878e-26,0.664555646289867,0.952,0.819,9.02029829235802e-24,"7","CD319"
3.108533500084e-25,0.302171957946969,0.999,0.989,7.08745638019152e-23,"7","CD138-2"
3.8291522340565e-24,0.53035870957557,0.922,0.825,8.73046709364883e-22,"7","TIGIT"
4.53056787538414e-24,0.392748672856445,0.994,0.961,1.03296947558758e-21,"7","LOX-1"
8.76260752450643e-23,0.275974508163831,1,0.994,1.99787451558747e-20,"7","MERTK"
8.60254356832022e-19,0.307719889474383,0.997,0.984,1.96137993357701e-16,"7","Notch-1"
2.07622589466785e-18,0.352395220434053,0.981,0.941,4.7337950398427e-16,"7","CD223"
3.109411518526e-18,0.268550321713445,1,0.992,7.08945826223929e-16,"7","CCR10"
6.790066933124e-17,0.837706163562092,0.829,0.645,1.54813526075227e-14,"7","CD185"
8.87620714210291e-16,0.635127330355067,1,0.999,2.02377522839946e-13,"7","CD158e1"
5.60374606483976e-15,0.32439582019871,0.979,0.919,1.27765410278346e-12,"7","CD24"
1.19059230724006e-14,0.489179797119595,0.937,0.816,2.71455046050733e-12,"7","CD30"
6.93950839750452e-13,0.923605369822475,0.979,0.969,1.58220791463103e-10,"7","CD158b"
7.85128370454134e-13,0.483042301773466,0.902,0.778,1.79009268463543e-10,"7","CD294"
7.83144729128676e-12,0.316725550248321,0.944,0.886,1.78556998241338e-09,"7","Rag-IgG2c"
2.11446745024082e-11,0.314030289320526,0.977,0.931,4.82098578654906e-09,"7","CD83"
4.17585791906123e-10,0.270844882601674,0.955,0.9,9.5209560554596e-08,"7","C5L2"
4.52645574533068e-09,0.518252788717103,0.782,0.626,1.03203190993539e-06,"7","CD115"
8.23810850101418e-09,0.256672275044775,0.973,0.924,1.87828873823123e-06,"7","CD154"
1.38539562807808e-08,0.303625827043489,0.995,0.99,3.15870203201802e-06,"7","CD271"
4.51004656732594e-08,0.501870873368099,0.717,0.584,1.02829061735031e-05,"7","Podoplanin"
8.32397319158945e-08,0.320202449688361,0.938,0.864,1.8978658876824e-05,"7","CD235ab"
1.12365243190105e-06,0.316825298135001,0.937,0.871,0.00025619275447344,"7","VEGFR-3"
9.80544507438875e-06,0.328089822886746,0.832,0.756,0.00223564147696064,"7","CD140b"
6.45916196776992e-05,0.396217102122242,0.751,0.662,0.0147268892865154,"7","CD137"
0.000285588028442243,0.27026789042104,0.827,0.771,0.0651140704848315,"7","CD140a"
0.000688499733799967,0.341519444235877,0.772,0.676,0.156977939306392,"7","Rat-IgG2b"
0.00109226662293683,0.284629237224759,0.833,0.764,0.249036790029597,"7","CD307d"
0.00113556253257366,0.343168328380663,0.796,0.712,0.258908257426794,"7","CD158f"
1.31240083263902e-120,0.956684685490648,1,1,2.99227389841698e-118,"8","CD27"
2.49401052703784e-108,1.03152604717737,1,1,5.68634400164628e-106,"8","CD8a"
4.73354276614061e-105,1.04623757290982,1,0.982,1.07924775068006e-102,"8","CD45RB"
5.77324220031607e-104,1.54268762008608,0.996,0.99,1.31629922167206e-101,"8","CD8"
8.30495642514364e-94,0.892148654653343,1,0.997,1.89353006493275e-91,"8","CD314"
1.28236549701629e-88,0.925369073854629,0.999,0.991,2.92379333319713e-86,"8","CD45RA"
2.17571430459979e-87,0.730738308566104,1,1,4.96062861448753e-85,"8","CD73"
3.91634455973896e-61,0.309175888708963,1,1,8.92926559620483e-59,"8","CD52"
5.72585266368451e-57,0.617397952091396,1,0.999,1.30549440732007e-54,"8","Integrin-7"
1.89116653239892e-47,0.680656775030791,0.986,0.949,4.31185969386953e-45,"8","CD96"
4.37732793517791e-42,0.627306925363321,1,0.999,9.98030769220563e-40,"8","CD3-2"
2.1749109017627e-41,0.533586002350655,1,0.996,4.95879685601895e-39,"8","CD127"
1.23989262205831e-39,0.603488760415482,1,0.998,2.82695517829295e-37,"8","CD3-1"
7.1308461900915e-39,0.551219960208031,1,0.998,1.62583293134086e-36,"8","CD2"
7.23008157268456e-27,0.35456262024945,1,0.999,1.64845859857208e-24,"8","CD28"
1.54342264815167e-26,0.387976678591253,0.999,0.992,3.51900363778581e-24,"8","CD278"
1.22639797757734e-23,0.334006250848891,0.999,0.999,2.79618738887632e-21,"8","TCR-2"
2.40240115550769e-08,0.259986688309783,0.978,0.957,5.47747463455753e-06,"8","GP130"
6.79647105834104e-08,0.262530522364135,0.985,0.961,1.54959540130176e-05,"8","TIM-4"
2.02059196909757e-157,2.41887796479975,1,0.988,4.60694968954247e-155,"9","CD72"
2.01993103019375e-155,3.23014219388848,0.999,0.872,4.60544274884176e-153,"9","IgD"
1.64426028536896e-154,2.39077624539884,1,0.926,3.74891345064123e-152,"9","CD268"
2.73040350209751e-152,2.92365023874228,1,0.83,6.22531998478231e-150,"9","CD21"
1.4622329604467e-148,1.72914677505046,1,1,3.33389114981847e-146,"9","CD19"
6.12893831902807e-148,2.01904225033726,1,0.989,1.3973979367384e-145,"9","CD22"
4.1217615781006e-147,1.54023849793367,1,0.986,9.39761639806937e-145,"9","CD275-2"
5.73461749957538e-143,2.74576439663577,0.999,0.614,1.30749278990319e-140,"9","CD20"
1.62369766626686e-140,1.03285446317155,1,0.998,3.70203067908844e-138,"9","CD196"
1.60721622563032e-126,1.23257018544376,0.999,0.986,3.66445299443712e-124,"9","CD200"
2.51225446882563e-126,1.93652771377878,0.988,0.747,5.72794018892243e-124,"9","CD272"
5.6683773990719e-125,1.18635223942723,1,0.985,1.29239004698839e-122,"9","HLA-DR"
1.73948110186174e-94,0.842798620643474,1,0.995,3.96601691224477e-92,"9","CD79b"
4.03486837406208e-85,1.73978416550649,0.977,0.857,9.19949989286155e-83,"9","IgM"
9.5686343846593e-85,0.553568201604087,1,0.999,2.18164863970232e-82,"9","CD305"
4.50949295922041e-84,1.33469651481298,0.989,0.918,1.02816439470225e-81,"9","CD1c"
1.40209562468442e-81,1.55356192679313,0.948,0.682,3.19677802428049e-79,"9","CD40"
7.74938733787937e-79,0.993455358747085,1,1,1.7668603130365e-76,"9","CD73"
9.84376019977955e-66,0.820826622152356,0.994,0.954,2.24437732554974e-63,"9","CD39"
4.14516171282378e-57,0.925829487546512,0.976,0.877,9.45096870523821e-55,"9","CD164"
5.35975090699506e-56,0.506556526909484,0.993,0.982,1.22202320679487e-53,"9","CD270"
1.01863517936799e-54,0.383617302060377,1,1,2.32248820895901e-52,"9","CD35"
1.13829083745391e-50,0.546553164430257,1,0.999,2.59530310939491e-48,"9","Integrin-7"
2.79391686874863e-47,0.834631742551378,0.919,0.642,6.37013046074688e-45,"9","CD185"
1.40435592141525e-45,0.872559882888854,0.966,0.912,3.20193150082677e-43,"9","CD307c/FcRL3"
1.95975055415555e-38,0.356100645751588,1,0.999,4.46823126347465e-36,"9","CD55"
4.99692384473885e-36,0.260663471997534,1,1,1.13929863660046e-33,"9","CD52"
4.96592817795108e-29,0.396447772226088,0.999,0.994,1.13223162457285e-26,"9","CD71"
6.0916776866785e-27,0.677587866275773,0.972,0.919,1.3889025125627e-24,"9","CD24"
2.43357723275818e-25,0.604529202647324,0.945,0.898,5.54855609068865e-23,"9","CD124"
1.7759908922749e-24,0.487669747558411,1,0.991,4.04925923438678e-22,"9","CD45RA"
8.06596049617952e-22,0.341612522917856,0.992,0.984,1.83903899312893e-19,"9","CD79a"
5.21379501017207e-18,0.403312208250009,0.96,0.92,1.18874526231923e-15,"9","CD66a/c/e"
8.98280608184327e-06,0.686769269586613,0.725,0.729,0.00204807978666026,"9","CD171"
2.96495652893021e-109,1.56288450529734,1,0.989,6.76010088596087e-107,"10","CD8"
6.46492006069361e-100,0.990033320730425,1,1,1.47400177383814e-97,"10","CD8a"
3.46072956656446e-93,0.755460618148642,1,1,7.89046341176698e-91,"10","CD73"
3.2367141825105e-84,0.615283598540176,1,0.994,7.37970833612395e-82,"10","CD325"
1.0533793602401e-80,0.843796122497548,1,0.997,2.40170494134742e-78,"10","CD314"
1.06852061977539e-75,1.02064880086998,0.999,0.902,2.43622701308789e-73,"10","CD275-1"
3.13334633568491e-69,0.799336489089412,1,0.982,7.1440296453616e-67,"10","CD45RB"
2.54543277358804e-68,0.744180542951605,1,1,5.80358672378074e-66,"10","CD27"
6.31258904630652e-66,0.689181391616572,0.999,0.962,1.43927030255789e-63,"10","CD138-1"
9.97325604338753e-64,0.436896135098215,1,0.992,2.27390237789236e-61,"10","CD194"
5.08108234212113e-56,0.457796678400017,1,0.992,1.15848677400362e-53,"10","CD324"
2.01512874382238e-54,0.537735320839396,0.998,0.96,4.59449353591503e-52,"10","CD338"
5.20165250112618e-50,0.632076880654467,1,0.996,1.18597677025677e-47,"10","CD127"
1.2472392988764e-49,0.548720257197683,0.999,0.973,2.8437056014382e-47,"10","Siglec-8"
2.76487991837685e-46,0.539522698046703,1,0.999,6.30392621389921e-44,"10","Integrin-7"
4.89512429869974e-46,0.698416321028266,1,0.991,1.11608834010354e-43,"10","CD45RA"
6.54158674134972e-40,0.578848289362112,1,0.998,1.49148177702774e-37,"10","CD3-1"
1.44578331664276e-37,0.378911491620957,0.999,0.987,3.2963859619455e-35,"10","CD144"
3.25256268109345e-37,0.346522515837828,0.999,0.989,7.41584291289307e-35,"10","CD138-2"
4.10554674155355e-37,0.365572765635518,0.999,0.989,9.36064657074208e-35,"10","Rat-IgG1-1"
6.31616087566975e-36,0.452368803685168,0.999,0.973,1.4400846796527e-33,"10","CD370"
3.15801070921123e-35,0.631863842079876,0.985,0.856,7.20026441700159e-33,"10","CD68"
7.07823849144939e-35,0.327799672615594,1,0.999,1.61383837605046e-32,"10","TCR-2"
1.11664422181208e-34,1.0541948862866,0.896,0.643,2.54594882573155e-32,"10","CD185"
1.26077289396694e-34,0.401800733751388,1,0.989,2.87456219824461e-32,"10","CD202b"
5.65785827950373e-33,0.380189004103195,0.999,0.985,1.28999168772685e-30,"10","Rat-IgG1-2"
7.67597991977509e-33,0.45056142300354,0.995,0.969,1.75012342170872e-30,"10","CD357"
3.25116538390854e-31,0.388007949037749,0.999,0.976,7.41265707531148e-29,"10","CD243"
3.61085759695e-31,0.549618802916331,0.996,0.949,8.23275532104599e-29,"10","CD96"
1.80991550098935e-30,0.314135070262185,1,0.995,4.12660734225571e-28,"10","CD26-2"
9.05591149916357e-30,0.420699135912634,1,0.992,2.06474782180929e-27,"10","CD278"
1.56293004515961e-29,0.432038093144474,0.994,0.961,3.56348050296391e-27,"10","LOX-1"
2.75624676579381e-29,0.513635657350543,1,0.998,6.2842426260099e-27,"10","CD2"
2.93190799026469e-29,0.636843345636664,0.955,0.816,6.6847502178035e-27,"10","CD30"
1.42226685350879e-28,0.409827136595954,0.988,0.941,3.24276842600005e-26,"10","CD223"
2.51540144392961e-27,0.287086099562068,1,0.992,5.73511529215952e-25,"10","Galectin-9"
2.19299577925432e-25,0.468856817449887,0.987,0.931,5.00003037669986e-23,"10","CD83"
4.25773412111481e-24,0.321325404377811,1,0.999,9.70763379614178e-22,"10","CD28"
1.15423483398402e-21,0.51372552982945,1,0.999,2.63165542148356e-19,"10","CD3-2"
2.20268952260309e-20,0.562341845155987,0.926,0.777,5.02213211153506e-18,"10","CD294"
3.38449051225208e-17,0.499011939194103,0.887,0.754,7.71663836793473e-15,"10","CD140b"
4.11262842689776e-17,0.646491290649057,0.773,0.583,9.37679281332689e-15,"10","Podoplanin"
8.50443218656066e-17,0.296712709506679,0.992,0.954,1.93901053853583e-14,"10","CD66b"
7.77550023848893e-16,0.265354269654699,1,0.992,1.77281405437548e-13,"10","CCR10"
4.89266001311742e-15,0.561669693197751,0.801,0.626,1.11552648299077e-12,"10","CD115"
8.42994210383026e-15,0.421936337505027,0.958,0.87,1.9220267996733e-12,"10","VEGFR-3"
3.34660826826076e-14,0.369229043984717,0.983,0.919,7.63026685163452e-12,"10","CD24"
4.94133724853821e-11,0.439368923436291,0.941,0.819,1.12662489266671e-08,"10","CD319"
4.80862412638996e-10,0.295892987737595,0.978,0.924,1.09636630081691e-07,"10","CD154"
1.9819672494851e-09,0.283988432962699,0.95,0.885,4.51888532882602e-07,"10","Rag-IgG2c"
2.02160430985682e-09,0.273011828537763,0.972,0.929,4.60925782647354e-07,"10","CD90"
1.05333874309306e-08,0.297671825313853,0.97,0.9,2.40161233425217e-06,"10","C5L2"
2.21924211492443e-08,0.467750310837705,0.834,0.71,5.0598720220277e-06,"10","CD158f"
5.79893017120996e-08,0.368084862055381,0.901,0.814,1.32215607903587e-05,"10","CD1a"
1.37192950732588e-07,0.272338301691758,0.866,0.785,3.127999276703e-05,"10","CD252"
3.2150884828506e-06,0.291551506432644,0.942,0.864,0.000733040174089936,"10","CD235ab"
5.40289654724407e-06,0.252138720709695,0.742,0.662,0.00123186041277165,"10","CD137"
5.49420147189651e-06,0.418492354802839,0.794,0.675,0.0012526779355924,"10","Rat-IgG2b"
5.03147031215709e-05,0.274523599355296,0.871,0.78,0.0114717523117182,"10","CD204"
0.000103813880979233,0.27730109388292,0.716,0.632,0.023669564863265,"10","CD284"
0.000138258324996545,0.335867173524218,0.854,0.77,0.0315228980992123,"10","CD140a"
0.000317937859404406,0.303533172773848,0.851,0.763,0.0724898319442045,"10","CD307d"
3.44357721241618e-115,1.56897775679572,1,0.99,7.85135604430888e-113,"11","CD8"
9.13441569526344e-113,0.997025589961771,1,0.997,2.08264677852006e-110,"11","CD314"
2.4398083746779e-109,1.00829054384954,1,1,5.56276309426562e-107,"11","CD8a"
1.36002788565517e-71,0.669860082942666,1,0.998,3.10086357929379e-69,"11","CD2"
1.95692950928201e-55,0.527952007032857,1,0.994,4.46179928116299e-53,"11","CD325"
3.06132456426612e-48,0.807385177605026,0.997,0.902,6.97982000652675e-46,"11","CD275-1"
1.1888129853143e-46,0.368220049617848,1,1,2.71049360651661e-44,"11","CD81"
8.46565648186642e-46,0.468270421204723,1,0.992,1.93016967786554e-43,"11","CD278"
1.7958931082402e-42,0.390273833244794,1,0.992,4.09463628678765e-40,"11","CD194"
1.14989242507098e-40,0.451709182852851,0.998,0.973,2.62175472916184e-38,"11","Siglec-8"
1.48556538977822e-40,0.579290913445948,1,0.998,3.38708908869435e-38,"11","CD3-1"
1.93920693707172e-40,0.494616447460571,0.995,0.962,4.42139181652353e-38,"11","CD138-1"
5.46766390977892e-35,0.563311322245068,1,0.999,1.24662737142959e-32,"11","CD3-2"
6.52435802662427e-35,0.312926079781239,1,0.999,1.48755363007033e-32,"11","TCR-2"
3.19684573591433e-34,0.343123934261464,1,0.989,7.28880827788468e-32,"11","CD202b"
6.55757099931932e-33,0.416495229200346,1,0.973,1.4951261878448e-30,"11","CD370"
1.63351494338537e-32,0.522864474259148,0.999,0.988,3.72441407091865e-30,"11","CD195"
9.82068373402328e-31,0.270574683307398,1,0.992,2.23911589135731e-28,"11","CCR10"
4.77896709526208e-30,0.373030926953722,1,0.992,1.08960449771975e-27,"11","CD324"
3.03596316870358e-29,0.256371827715216,1,1,6.92199602464416e-27,"11","CD99"
5.71546793905134e-29,0.345651289327442,1,0.99,1.30312669010371e-26,"11","Rat-IgG1-1"
6.69282728043799e-29,0.632297038775164,0.96,0.817,1.52596461993986e-26,"11","CD30"
1.05392359706668e-27,0.403711775405132,1,0.996,2.40294580131202e-25,"11","CD127"
4.80593602932769e-27,0.337347372782325,0.999,0.986,1.09575341468671e-24,"11","Rat-IgG1-2"
1.15727505687021e-26,0.684371073846153,0.936,0.826,2.63858712966408e-24,"11","TIGIT"
6.72527590134717e-25,0.529751450174457,0.984,0.857,1.53336290550716e-22,"11","CD68"
5.72778721305918e-23,0.381599526590966,0.997,0.96,1.30593548457749e-20,"11","CD338"
1.31312737445535e-22,0.321566783252552,0.998,0.988,2.9939304137582e-20,"11","CD144"
2.04461397382936e-21,0.746719504097197,0.849,0.646,4.66171986033094e-19,"11","CD185"
1.19770969090065e-20,0.419772689787624,0.986,0.949,2.73077809525348e-18,"11","CD96"
1.7745376712868e-20,0.251896097493241,1,0.989,4.04594589053391e-18,"11","CD138-2"
3.61112998551769e-19,0.547214369416466,0.954,0.82,8.23337636698032e-17,"11","CD319"
5.98785190753908e-19,0.350386337374724,0.994,0.961,1.36523023491891e-16,"11","LOX-1"
5.92971621253338e-16,0.254187488076563,0.997,0.976,1.35197529645761e-13,"11","CD243"
6.70153676119937e-15,0.451049213923254,0.906,0.779,1.52795038155346e-12,"11","CD294"
1.17649898013774e-14,0.473917208258746,0.788,0.628,2.68241767471406e-12,"11","CD115"
1.73702687383026e-14,0.368864696809579,0.986,0.931,3.96042127233299e-12,"11","CD83"
5.11854204292731e-14,0.32396241223986,0.984,0.941,1.16702758578743e-11,"11","CD223"
2.51990277454555e-13,0.272595121755272,0.982,0.919,5.74537832596385e-11,"11","CD24"
5.3821254861281e-13,0.311396709494346,0.994,0.969,1.22712461083721e-10,"11","CD357"
9.27790310950128e-13,0.350680241927556,0.997,0.994,2.11536190896629e-10,"11","CD279"
1.71255527678132e-09,0.302431805293874,0.945,0.871,3.9046260310614e-07,"11","VEGFR-3"
9.49813077614247e-09,0.259781324906535,0.996,0.976,2.16557381696048e-06,"11","CD56-1"
1.31791342599567e-08,0.306712110362609,0.995,0.99,3.00484261127012e-06,"11","CD271"
1.32173012902177e-08,0.268307592275612,0.942,0.865,3.01354469416964e-06,"11","CD235ab"
4.22859969217389e-08,0.250932968337001,0.847,0.771,9.64120729815648e-06,"11","CD105"
7.43857252333759e-08,0.377815029288403,0.822,0.712,1.69599453532097e-05,"11","CD158f"
1.18060120866218e-07,0.273206373102,0.99,0.968,2.69177075574977e-05,"11","CD56-2"
2.84939332548833e-07,0.318603173184972,0.827,0.735,6.4966167821134e-05,"11","CD273"
3.39480595982333e-07,0.398861384448264,0.763,0.662,7.74015758839718e-05,"11","CD137"
5.65304718025562e-06,0.486039350734552,0.737,0.585,0.00128889475709828,"11","Podoplanin"
5.90222737737515e-05,0.268834496531922,0.951,0.886,0.0134570784204153,"11","Rag-IgG2c"
0.000116795117548713,0.290025598004374,0.897,0.815,0.0266292868011065,"11","CD1a"
0.000560155336856341,0.339162378736658,0.853,0.756,0.127715416803246,"11","CD140b"
0.00184480798947208,0.319412531626306,0.774,0.677,0.420616221599634,"11","Rat-IgG2b"
1.29236117446677e-106,0.96332219250669,1,0.992,2.94658347778424e-104,"12","CD278"
1.94129518728598e-106,1.30989526606031,1,0.869,4.42615302701203e-104,"12","CD4-2"
2.68453554036223e-106,0.591479495933205,1,1,6.12074103202588e-104,"12","CD4-1"
2.05257784628505e-97,0.708290573578982,1,0.999,4.67987748952992e-95,"12","CD28"
5.30291456616093e-93,0.634721989833711,1,1,1.20906452108469e-90,"12","CD109"
1.10463292898499e-83,0.808689021610088,1,0.996,2.51856307808578e-81,"12","CD127"
4.66141478913373e-72,0.715900797794805,1,0.999,1.06280257192249e-69,"12","CD3-2"
3.51929945140648e-70,0.52388629871109,1,0.992,8.02400274920678e-68,"12","CCR10"
2.43466956513298e-61,0.670395744262746,1,0.998,5.55104660850319e-59,"12","CD3-1"
6.28004628031634e-54,0.514904935530702,1,0.999,1.43185055191213e-51,"12","TCR-2"
1.41884961003843e-50,0.465828191684677,0.999,0.973,3.23497711088761e-48,"12","CD370"
1.79845321218097e-48,0.427358613678177,1,0.99,4.10047332377261e-46,"12","Rat-IgG1-1"
1.52518501482733e-46,0.636434072865404,1,1,3.4774218338063e-44,"12","CD27"
3.64266300389429e-45,0.495670330451928,0.999,0.995,8.30527164887898e-43,"12","CD26-2"
2.82604989422264e-44,0.415149516862769,1,0.994,6.44339375882763e-42,"12","MERTK"
2.51072225882145e-43,0.278845381183744,1,1,5.72444675011291e-41,"12","CD46"
7.40418789208593e-43,0.555770176175596,1,0.998,1.68815483939559e-40,"12","CD2"
3.61779805383085e-42,0.820353827387378,0.97,0.819,8.24857956273433e-40,"12","CD126"
1.30845507624182e-41,0.756261719472598,0.997,0.982,2.98327757383135e-39,"12","CD25"
7.54016664179669e-33,0.342629174520927,1,0.989,1.71915799432965e-30,"12","CD202b"
4.38833104488297e-28,0.471127436555367,0.993,0.949,1.00053947823332e-25,"12","CD96"
7.01005875009209e-28,0.381128912207081,0.999,0.984,1.598293395021e-25,"12","Notch-1"
5.15422927271288e-25,0.304364154643294,1,0.986,1.17516427417854e-22,"12","Rat-IgG1-2"
4.18227170565528e-24,0.560967179484935,0.909,0.769,9.53557948889404e-22,"12","CD105"
5.59452670378733e-23,0.619162581722102,0.956,0.817,1.27555208846351e-20,"12","CD30"
1.24808250534578e-21,0.380394366423747,0.995,0.977,2.84562811218838e-19,"12","TCR-1"
6.10335829469784e-21,0.299675245751774,1,0.994,1.39156569119111e-18,"12","CD325"
2.56403459185395e-17,0.462887069099291,0.979,0.857,5.845998869427e-15,"12","CD68"
4.0461238795627e-14,0.367736590803838,0.999,0.994,9.22516244540295e-12,"12","CD45RO"
5.56609243851063e-14,0.350051984885616,0.995,0.982,1.26906907598042e-11,"12","CD45RB"
1.60492976782872e-13,0.295856334287672,0.99,0.953,3.65923987064949e-11,"12","CD45-1"
8.73634536497464e-13,0.584320373409146,0.817,0.661,1.99188674321422e-10,"12","CD137"
2.38928399966196e-12,0.356844022572449,0.907,0.814,5.44756751922928e-10,"12","CD1a"
8.88851525559353e-11,0.31727079111163,0.977,0.941,2.02658147827532e-08,"12","CD184"
1.83817093899748e-09,0.308843106508911,0.848,0.778,4.19102974091425e-07,"12","CD207"
3.76315627594863e-09,0.414292133030387,0.858,0.744,8.57999630916288e-07,"12","Cadherin"
4.54149333790492e-09,0.336007595083299,0.944,0.865,1.03546048104232e-06,"12","CD235ab"
1.81113968307499e-08,0.44011463751382,0.736,0.622,4.12939847741098e-06,"12","TCR-V-24-J-18"
4.82367138265144e-07,0.287747064251883,0.739,0.629,0.000109979707524453,"12","CD115"
1.02365629314095e-05,0.308200053501561,0.888,0.82,0.00233393634836136,"12","CD117"
0.000120135339002316,0.353362395612149,0.696,0.599,0.0273908572925281,"12","CD309"
0.00054135852909571,0.265305282260192,0.776,0.736,0.123429744633822,"12","CD273"
1.00569048062643e-143,1.74021849188557,1,1,2.29297429582827e-141,"13","CD19"
3.01953605020435e-142,2.21187663375066,1,0.926,6.88454219446593e-140,"13","CD268"
3.48787082417887e-134,1.88524577702395,1,0.989,7.95234547912781e-132,"13","CD22"
3.92750435874752e-133,2.68979744764535,0.997,0.618,8.95470993794434e-131,"13","CD20"
5.04011866261148e-133,1.07201393570986,1,0.998,1.14914705507542e-130,"13","CD196"
8.98004787221072e-123,2.63038525899024,0.991,0.832,2.04745091486404e-120,"13","CD21"
1.40676291720508e-116,1.05449905087212,1,0.991,3.20741945122759e-114,"13","CD45RA"
2.09081486447995e-106,1.72558171089859,0.998,0.988,4.76705789101428e-104,"13","CD72"
9.76475545186713e-103,0.443213809100186,1,1,2.22636424302571e-100,"13","CD52"
8.12902257495603e-91,1.31727101367226,0.986,0.878,1.85341714708998e-88,"13","CD164"
1.67867591705881e-88,0.886813950520649,1,0.985,3.8273810908941e-86,"13","HLA-DR"
1.02765729282294e-84,1.5588518713541,0.984,0.919,2.34305862763629e-82,"13","CD1c"
1.55078727713925e-82,0.882286358276356,0.999,0.995,3.53579499187748e-80,"13","CD79b"
1.0706842684778e-80,1.04596242782487,1,0.955,2.44116013212939e-78,"13","CD39"
1.8398491859273e-74,1.18323821353183,0.98,0.92,4.19485614391424e-72,"13","CD24"
8.8932598639608e-70,1.45094478153522,0.935,0.686,2.02766324898306e-67,"13","CD40"
1.71711805717121e-69,0.847286467006222,0.996,0.986,3.91502917035036e-67,"13","CD275-2"
1.79252586624642e-64,1.16581742099024,0.93,0.751,4.08695897504183e-62,"13","CD272"
3.38329604574186e-59,0.398331763764377,1,1,7.71391498429144e-57,"13","CD49d"
2.97921807212913e-54,0.491729555517624,1,1,6.79261720445442e-52,"13","CD35"
1.78685122981088e-51,0.881219717461301,0.995,0.982,4.07402080396881e-49,"13","CD25"
1.36348301578548e-50,1.28130232862637,0.9,0.662,3.1087412759909e-48,"13","CD267"
5.83879872671916e-50,1.13955728181001,0.957,0.912,1.33124610969197e-47,"13","CD307c/FcRL3"
1.96132879082638e-49,0.841103089600076,1,1,4.47182964308414e-47,"13","CD73"
9.80324177742057e-46,0.519490396984787,0.995,0.982,2.23513912525189e-43,"13","CD270"
2.8679399260462e-45,0.778762463407183,0.999,0.994,6.53890303138533e-43,"13","CD71"
4.39220533987616e-31,0.59976961211025,0.992,0.983,1.00142281749176e-28,"13","CD45RB"
6.81677142702831e-28,0.55181198095451,0.978,0.92,1.55422388536246e-25,"13","CD66a/c/e"
1.37046086540071e-27,0.536470957160335,0.863,0.646,3.12465077311363e-25,"13","CD185"
1.75640977946191e-27,1.29728856509768,0.923,0.875,4.00461429717316e-25,"13","IgD"
4.02814065745972e-23,0.435327230670037,0.993,0.961,9.18416069900816e-21,"13","TIM-4"
2.74261135017363e-20,0.350862321090054,0.995,0.981,6.25315387839588e-18,"13","CD54"
5.04465281517855e-20,1.28989943249797,0.778,0.727,1.15018084186071e-17,"13","CD171"
1.375922704e-18,0.410392267014247,1,1,3.13710376512e-16,"13","CD27"
1.02915133314706e-17,0.386631106789278,0.98,0.954,2.34646503957529e-15,"13","CD98"
1.79549350340871e-13,0.345646959552686,0.984,0.987,4.09372518777185e-11,"13","CD200"
2.66341151788027e-09,0.394290885076471,0.914,0.871,6.07257826076701e-07,"13","CD85g"
4.96470442635403e-08,1.2041145733484,0.845,0.862,1.13195260920872e-05,"13","IgM"
3.29118594057839e-05,0.278974299107798,0.778,0.765,0.00750390394451872,"13","CD80"
1.51340642566081e-148,2.96738014834234,0.999,0.619,3.45056665050664e-146,"14","CD20"
6.58178752093908e-145,2.03729820390053,1,0.99,1.50064755477411e-142,"14","CD22"
6.1844816415514e-134,2.56772763229162,0.999,0.832,1.41006181427372e-131,"14","CD21"
1.59330843895443e-132,1.63716614502009,1,1,3.63274324081611e-130,"14","CD19"
3.00588235780657e-131,2.10698149662744,1,0.988,6.85341177579899e-129,"14","CD72"
9.91710340313229e-127,1.9702120070367,1,0.927,2.26109957591416e-124,"14","CD268"
1.33909022058748e-109,0.86918253173192,1,0.998,3.05312570293945e-107,"14","CD196"
3.08319094448385e-102,1.94583921436642,0.991,0.859,7.02967535342317e-100,"14","IgM"
2.43047350742931e-98,0.815364954037185,1,0.995,5.54147959693883e-96,"14","CD79b"
5.33328767989205e-97,0.931251058754465,1,0.985,1.21598959101539e-94,"14","HLA-DR"
9.73489863810234e-97,2.42060272559637,0.984,0.874,2.21955688948733e-94,"14","IgD"
1.32330056721646e-90,1.02643816086532,1,0.955,3.01712529325352e-88,"14","CD39"
5.87940735596116e-86,1.0145992313476,1,0.986,1.34050487715914e-83,"14","CD275-2"
2.18665879007776e-85,1.06495528509764,1,1,4.98558204137729e-83,"14","CD73"
1.98292262536189e-83,1.43635297744309,0.984,0.644,4.52106358582511e-81,"14","CD185"
1.99289820945306e-78,1.50111952896594,0.975,0.685,4.54380791755298e-76,"14","CD40"
3.5163783916827e-76,0.947566162207754,0.997,0.919,8.01734273303657e-74,"14","CD24"
7.26041153671463e-75,1.29589862304867,0.995,0.919,1.65537383037094e-72,"14","CD1c"
1.34408638643669e-71,0.520175078015727,1,1,3.06451696107565e-69,"14","CD35"
2.82501294285006e-61,1.12984803876126,0.966,0.751,6.44102950969813e-59,"14","CD272"
2.18392416429642e-54,0.462763635420794,1,0.994,4.97934709459584e-52,"14","CD325"
8.54424099664781e-53,0.704056918018586,0.999,0.987,1.9480869472357e-50,"14","CD200"
5.18874855553641e-48,0.656939789493021,1,0.994,1.1830346706623e-45,"14","CD71"
7.58245119902704e-42,0.742152114578957,0.997,0.903,1.72879887337817e-39,"14","CD275-1"
3.97232132190813e-39,0.739839538704095,0.993,0.833,9.05689261395053e-37,"14","CD1d"
5.58549559434708e-34,0.382895143394386,0.999,0.96,1.27349299551113e-31,"14","CD338"
1.96612590598743e-33,0.441267174472947,0.998,0.962,4.48276706565134e-31,"14","CD138-1"
1.79168615070009e-31,0.352893488760861,1,0.986,4.08504442359621e-29,"14","Rat-IgG1-2"
5.31398000331694e-31,0.581104128134735,1,0.991,1.21158744075626e-28,"14","CD45RA"
9.40521159662924e-31,0.520996175335452,1,0.999,2.14438824403147e-28,"14","Integrin-7"
4.28342555978795e-30,0.703987214508708,0.978,0.878,9.76621027631653e-28,"14","CD164"
5.84374946839905e-29,0.28775050597054,1,0.992,1.33237487879498e-26,"14","CD194"
2.20455204759485e-28,0.554540303023018,0.987,0.857,5.02637866851626e-26,"14","CD68"
1.07901551929764e-27,0.364492909925487,1,0.973,2.46015538399862e-25,"14","Siglec-8"
5.68952445010689e-27,0.28670312294707,0.999,0.989,1.29721157462437e-24,"14","CD202b"
9.87455027103532e-23,0.289071300563476,1,0.992,2.25139746179605e-20,"14","CD324"
2.853374744011e-22,0.828005190518016,0.887,0.725,6.50569441634509e-20,"14","CD171"
5.44356116593107e-21,0.27542737081309,1,0.99,1.24113194583228e-18,"14","Rat-IgG1-1"
4.05728942886137e-20,0.35546815925739,1,0.973,9.25061989780393e-18,"14","CD370"
2.99611718231245e-19,0.292739456717691,1,0.999,6.83114717567239e-17,"14","CD305"
1.16274488242654e-17,0.475335254554325,0.985,0.912,2.65105833193252e-15,"14","CD307c/FcRL3"
1.48389163284128e-16,0.404143759641842,0.955,0.82,3.38327292287813e-14,"14","CD319"
3.34094515191192e-15,0.252566922453507,0.996,0.984,7.61735494635917e-13,"14","CD79a"
4.07341268225263e-15,0.263556665398903,0.999,0.961,9.287380915536e-13,"14","LOX-1"
1.28311269736582e-14,0.377981874083543,0.99,0.925,2.92549694999407e-12,"14","CD154"
1.55923152300974e-11,0.407296114233871,0.976,0.867,3.55504787246221e-09,"14","CD123"
2.62496089476922e-11,0.35945713899708,0.955,0.818,5.98491084007381e-09,"14","CD30"
1.09834537626539e-10,0.348511177594596,0.918,0.779,2.50422745788508e-08,"14","CD294"
2.01551393880464e-10,0.273401924376859,0.997,0.982,4.59537178047457e-08,"14","CD270"
1.11510487752599e-09,0.513082568952655,0.781,0.585,2.54243912075926e-07,"14","Podoplanin"
1.55485197859454e-09,0.434467835494046,0.826,0.628,3.54506251119556e-07,"14","CD115"
4.03580101545985e-09,0.521398924449118,0.797,0.666,9.20162631524846e-07,"14","CD267"
8.01177684987243e-08,0.268375829425517,0.995,0.984,1.82668512177091e-05,"14","CD133-1"
1.00019055250213e-07,0.252309851130614,0.96,0.871,2.28043445970485e-05,"14","VEGFR-3"
0.000199779179848858,0.2776193358204,0.955,0.899,0.0455496530055397,"14","CD124"
0.00161584039233158,0.252080165581792,0.874,0.764,0.368411609451601,"14","CD307d"
1.13363777292999e-104,0.902015271112198,1,0.996,2.58469412228038e-102,"15","CD172a"
7.04013833126266e-103,1.14720474251118,1,0.833,1.60515153952789e-100,"15","CD1d"
2.14889636403454e-101,1.23790324208257,1,0.938,4.89948370999874e-99,"15","CD86"
1.35017880017644e-95,0.921092551179695,1,0.993,3.07840766440229e-93,"15","CD14"
2.87902978499994e-95,1.44870896077373,1,0.753,6.56418790979986e-93,"15","CD155"
7.9029925052185e-94,0.417983627423216,1,1,1.80188229118982e-91,"15","CD93"
6.28493258019135e-88,0.5705220094462,1,0.992,1.43296462828363e-85,"15","CCR10"
1.95998594195028e-87,0.554312746431774,1,0.998,4.46876794764664e-85,"15","CD205"
1.22328353412186e-85,0.512780802663403,1,1,2.78908645779785e-83,"15","CD31"
3.9221020999601e-84,0.757117613711762,1,0.994,8.94239278790902e-82,"15","CD71"
9.16885783702153e-81,0.934151763482339,1,0.969,2.09049958684091e-78,"15","CD69"
6.50252522061519e-80,1.37779189384299,1,0.708,1.48257575030026e-77,"15","CD36"
2.88851304680387e-77,0.550492305914752,1,1,6.58580974671282e-75,"15","CD35"
2.28147878919686e-72,0.446169942557124,1,1,5.20177163936884e-70,"15","CD11b-1"
1.13212321493237e-69,0.715325803977411,1,0.968,2.58124093004581e-67,"15","CD119"
1.62416699761497e-68,0.69985312724094,1,0.998,3.70310075456212e-66,"15","CD11c"
3.51301823985939e-68,0.343482976682877,1,1,8.00968158687941e-66,"15","CD44-1"
2.4013820471596e-67,0.648530329655213,1,0.998,5.47515106752389e-65,"15","CD61"
7.58389222525529e-67,0.799407436011018,1,0.955,1.72912742735821e-64,"15","CD39"
1.76174062951036e-65,0.995488218009954,1,0.934,4.01676863528363e-63,"15","Folate"
4.63570333731073e-63,0.819650579702666,1,0.999,1.05694036090685e-60,"15","CD11b-2"
9.56834598018716e-63,1.13701937420555,1,0.985,2.18158288348267e-60,"15","CLEC12A"
1.42036391590486e-61,0.908722029461591,0.999,0.919,3.23842972826308e-59,"15","CD354"
3.15854376649045e-60,0.441355537098522,1,0.995,7.20147978759823e-58,"15","MERTK"
2.60693409460338e-55,0.686109600756998,1,0.944,5.9438097356957e-53,"15","CD163"
7.09720743723211e-54,0.959325969666372,1,0.989,1.61816329568892e-51,"15","CD64"
2.6466521276298e-52,0.45934461204306,1,1,6.03436685099594e-50,"15","CD63"
1.1091994947991e-48,0.447416406267611,1,0.995,2.52897484814196e-46,"15","CD366"
9.17774637212347e-46,0.477246692011641,1,0.974,2.09252617284415e-43,"15","CD370"
1.89593957941803e-45,0.666167344771545,0.999,0.858,4.3227422410731e-43,"15","CD68"
2.30445973234677e-44,0.622550118023093,1,0.95,5.25416818975064e-42,"15","CD141"
7.02280591847093e-44,0.461762592648976,1,0.999,1.60119974941137e-41,"15","CD55"
5.50451282687159e-43,0.421136181383554,1,0.983,1.25502892452672e-40,"15","CD34"
1.04440459188628e-38,0.313243231093365,1,1,2.38124246950072e-36,"15","CD41"
1.17115251550921e-38,0.386494904962941,1,0.984,2.67022773536099e-36,"15","Notch-1"
4.57963791080279e-38,0.366093364662567,1,0.99,1.04415744366304e-35,"15","Rat-IgG1-1"
3.666498572679e-36,0.426860279250133,1,0.999,8.35961674570812e-34,"15","CD9"
7.66364637269221e-35,0.607017919796013,0.989,0.82,1.74731137297382e-32,"15","CD126"
3.27426684256003e-33,0.542880897326403,1,0.993,7.46532840103687e-31,"15","CD13"
7.29391304227975e-29,0.399467616323455,1,0.996,1.66301217363978e-26,"15","CD49b"
1.45822991240522e-27,0.336164313567306,1,0.999,3.32476420028391e-25,"15","CD305"
5.85388591427385e-27,0.278224537688254,1,0.985,1.33468598845444e-24,"15","HLA-DR"
9.8242738920823e-26,0.472422088878599,0.991,0.817,2.23993444739476e-23,"15","CD30"
2.59900514382971e-25,0.299880002381527,1,0.998,5.92573172793173e-23,"15","CD29"
3.11068413617497e-23,0.510666442779181,0.97,0.769,7.09235983047893e-21,"15","CD105"
3.34281286767201e-23,0.377210138068054,0.999,0.953,7.62161333829217e-21,"15","CD45-1"
1.13955508076933e-21,0.414426997505858,0.999,0.959,2.59818558415408e-19,"15","CD110"
8.67617447623158e-19,0.255401120534302,1,0.977,1.9781677805808e-16,"15","TCR-1"
2.0826049759248e-18,0.323091303329302,1,0.981,4.74833934510854e-16,"15","CD54"
1.35292330202021e-16,1.03935758005684,0.98,0.802,3.08466512860609e-14,"15","CD169"
5.67026916824841e-16,0.364760790140276,0.992,0.864,1.29282137036064e-13,"15","CD235ab"
2.61919759334113e-14,0.3405316720265,0.911,0.66,5.97177051281777e-12,"15","CD137"
1.68449480101021e-12,0.354809210488549,0.995,0.868,3.84064814630327e-10,"15","CD123"
8.39120983752184e-11,0.839045770322489,0.357,0.149,1.91319584295498e-08,"15","TSLPR"
1.74972696359684e-08,0.295078815983113,0.985,0.82,3.9893774770008e-06,"15","CD319"
2.92263607751834e-08,0.261928165085661,0.994,0.901,6.66361025674182e-06,"15","C5L2"
1.00670974113338e-06,0.270222374243605,0.979,0.808,0.000229529820978411,"15","CD192"
8.47349270035945e-06,0.284842039501191,0.889,0.627,0.00193195633568195,"15","CD115"
1.44695684239972e-143,0.671169362589548,1,1,3.29906160067136e-141,"16","CD49d"
8.86783706991599e-133,0.650471490607042,1,1,2.02186685194085e-130,"16","CD31"
4.37931649331157e-121,0.99023419490857,1,0.981,9.98484160475037e-119,"16","CD54"
5.89099740031992e-109,0.896222975681333,1,0.996,1.34314740727294e-106,"16","CD172a"
4.16992700288077e-108,1.20118384447498,1,1,9.50743356656816e-106,"16","CD16"
1.108661459765e-104,1.27367790323835,1,0.939,2.5277481282642e-102,"16","CD86"
1.38414961663685e-102,1.42527781717489,0.993,0.868,3.15586112593202e-100,"16","CD123"
4.88674471372285e-101,0.77927972335948,1,0.998,1.11417779472881e-98,"16","CD29"
5.27946011500311e-96,0.835060734347746,1,0.998,1.20371690622071e-93,"16","CD11c"
1.33186225976878e-95,0.898014246654792,1,0.994,3.03664595227283e-93,"16","CD71"
8.88407176824299e-93,0.942887106548369,1,0.993,2.0255683631594e-90,"16","CD13"
3.16901533900587e-92,0.334369995962154,1,1,7.22535497293339e-90,"16","CD102"
9.39955896858506e-87,0.735052673492937,1,0.991,2.14309944483739e-84,"16","CX3CR1"
5.90586850093415e-84,0.911120594285401,1,0.985,1.34653801821299e-81,"16","HLA-DR"
1.23883773955534e-79,0.439388454570109,1,1,2.82455004618617e-77,"16","CD62P"
3.48545850004772e-78,0.648641746380537,1,1,7.9468453801088e-76,"16","CD41"
3.57248921601608e-78,0.564245551469406,1,1,8.14527541251666e-76,"16","CD244"
2.23441634164973e-76,0.852977868647009,0.998,0.95,5.09446925896138e-74,"16","CD141"
2.97597524916632e-75,0.995987011738489,1,0.996,6.78522356809921e-73,"16","CD49b"
2.49400998149682e-74,0.501776273620857,1,1,5.68634275781275e-72,"16","CLEC2"
5.41813043701985e-73,0.890846489401806,1,0.999,1.23533373964053e-70,"16","CD9"
9.75694446216458e-73,0.803279556334027,0.999,0.968,2.22458333737352e-70,"16","CD119"
9.5090883961667e-72,0.854317627671201,1,0.996,2.16807215432601e-69,"16","CD42b"
6.47361308531125e-69,0.553691758340734,1,0.999,1.47598378345097e-66,"16","CD305"
1.60317610215161e-67,0.271687589242722,1,1,3.65524151290567e-65,"16","CD18"
5.61749698313917e-64,0.812513852462237,0.999,0.955,1.28078931215573e-61,"16","CD39"
2.30035400489542e-63,1.07311251869236,1,0.985,5.24480713116156e-61,"16","CLEC12A"
2.94753401779731e-60,0.785588463685312,0.998,0.962,6.72037756057787e-58,"16","TIM-4"
5.46634281586743e-60,0.703243819223843,0.995,0.954,1.24632616201777e-57,"16","CD98"
2.06732399386125e-59,0.26999947003652,1,1,4.71349870600365e-57,"16","CD43"
9.8024423380976e-58,0.612002026823936,1,1,2.23495685308625e-55,"16","CD63"
5.00240290380536e-56,0.69015205465853,1,0.998,1.14054786206762e-53,"16","CD61"
5.49998932784942e-54,0.428804595836127,1,0.999,1.25399756674967e-51,"16","CD95"
1.34429632173855e-52,0.70438100177312,0.997,0.953,3.0649956135639e-50,"16","CD235a"
2.65899480133027e-52,0.853301434400784,0.992,0.959,6.06250814703302e-50,"16","CD110"
3.4273849368343e-48,0.771814600269703,0.994,0.969,7.81443765598219e-46,"16","CD69"
3.67964636375602e-46,0.467803592588259,0.999,0.995,8.38959370936372e-44,"16","MERTK"
5.56054768410708e-42,0.499380770092308,1,0.999,1.26780487197641e-39,"16","CD226"
4.86459937362236e-39,0.295804163197032,1,1,1.1091286571859e-36,"16","CD307e"
6.78417206458908e-37,0.572846553237468,0.986,0.921,1.54679123072631e-34,"16","CD66a/c/e"
2.08295567268765e-36,0.550608386135892,0.997,0.987,4.74913893372784e-34,"16","CD275-2"
6.24014329055275e-36,0.937490885315968,0.93,0.71,1.42275267024603e-33,"16","CD36"
3.75132157531254e-33,0.703500060874677,0.965,0.879,8.5530131917126e-31,"16","CD164"
8.1167235003114e-33,0.397294619631826,1,0.999,1.850612958071e-30,"16","CD55"
1.09813330813017e-31,0.704601726401098,0.983,0.935,2.50374394253678e-29,"16","Folate"
4.94720941487313e-31,0.375163295046537,1,0.999,1.12796374659107e-28,"16","CD107a"
1.58856226309177e-30,0.649877062832812,0.991,0.753,3.62192195984923e-28,"16","CD155"
6.92806024477829e-27,0.379709728262092,1,0.995,1.57959773580945e-24,"16","CD366"
6.11497291540967e-24,0.383664573963661,1,0.989,1.3942138247134e-21,"16","CD64"
4.67282968402653e-20,0.820145439771788,0.87,0.781,1.06540516795805e-17,"16","CD204"
1.9869915792668e-17,0.621944059351848,0.9,0.803,4.53034080072829e-15,"16","CD169"
9.98718128478391e-17,0.318775715429411,0.99,0.969,2.27707733293073e-14,"16","CD112"
3.18658069701687e-15,0.427926071003691,0.996,0.99,7.26540398919846e-13,"16","CD271"
5.99366989453186e-09,0.333894774386973,0.895,0.809,1.36655673595326e-06,"16","CD11a/CD18"
8.50135113411759e-05,0.878700648729205,0.281,0.151,0.0193830805857881,"16","TSLPR"
2.57054784977533e-133,0.992498610243786,1,0.996,5.86084909748775e-131,"17","CD172a"
4.56391033992168e-119,0.581145191891046,1,1,1.04057155750214e-116,"17","CD31"
7.63664128050755e-114,0.408368551563187,1,1,1.74115421195572e-111,"17","CD102"
4.0405868945134e-108,1.2403875467556,1,0.939,9.21253811949056e-106,"17","CD86"
1.33020486356521e-104,1.00511419108899,1,0.95,3.03286708892868e-102,"17","CD141"
6.19948165067823e-104,0.837164642866148,1,0.991,1.41348181635464e-101,"17","CX3CR1"
2.41022260674123e-99,0.643465156170582,1,0.995,5.49530754337e-97,"17","MERTK"
9.9429163142641e-95,1.30665194006043,0.998,0.868,2.26698491965221e-92,"17","CD123"
8.30252529319359e-84,0.767946270695714,1,0.981,1.89297576684814e-81,"17","CD54"
2.13512678380626e-83,0.786326592217652,1,0.994,4.86808906707827e-81,"17","CD71"
1.72345339763704e-82,0.787005616434071,1,0.985,3.92947374661246e-80,"17","HLA-DR"
1.93994031706771e-82,1.01173251084219,1,1,4.42306392291439e-80,"17","CD16"
6.84293758541443e-82,0.832211816447887,1,0.998,1.56018976947449e-79,"17","CD61"
8.21322250312561e-80,0.689961529365574,1,0.998,1.87261473071264e-77,"17","CD11c"
3.45692066855013e-78,0.44330755023277,1,1,7.8817791242943e-76,"17","CD49d"
1.10225665121928e-74,0.87105685834903,1,0.955,2.51314516477996e-72,"17","CD39"
2.02299316273289e-67,0.48351319788452,1,0.999,4.61242441103098e-65,"17","CD305"
5.7800557683459e-64,0.916346310223064,0.999,0.969,1.31785271518286e-61,"17","CD69"
5.8762089376122e-61,0.503550258506981,1,0.995,1.33977563777558e-58,"17","CD366"
1.57592410029981e-60,0.545690499350694,1,1,3.59310694868356e-58,"17","CD63"
9.00480819254519e-59,0.49081120259494,1,0.998,2.0530962679003e-56,"17","CD29"
7.81148265150941e-57,0.61060847532299,1,0.968,1.78101804454415e-54,"17","CD119"
1.27675146975039e-53,0.649582193366127,1,0.999,2.91099335103088e-51,"17","CD9"
1.34492122148187e-50,0.912236562042516,0.997,0.934,3.06642038497866e-48,"17","Folate"
2.75541263394629e-50,0.43159090814695,1,1,6.28234080539754e-48,"17","CD41"
7.8770601190166e-50,0.594286420424552,1,0.993,1.79596970713578e-47,"17","CD13"
5.5313716787355e-47,0.359382161736987,1,1,1.26115274275169e-44,"17","CLEC2"
6.02665878790407e-44,0.868971447513439,1,0.985,1.37407820364213e-41,"17","CLEC12A"
1.68488308445348e-43,0.689618944173377,0.999,0.903,3.84153343255393e-41,"17","CD275-1"
5.60004672409051e-43,0.616590404867272,0.997,0.959,1.27681065309264e-40,"17","CD110"
3.63952030462222e-40,0.793947732551737,0.967,0.709,8.29810629453867e-38,"17","CD36"
1.28938977139908e-39,0.469526152069765,0.999,0.983,2.93980867878991e-37,"17","CD34"
1.34761080677105e-38,0.408856241083566,1,0.994,3.07255263943799e-36,"17","CD325"
3.17484404244837e-36,0.381902437428201,1,0.992,7.23864441678229e-34,"17","CD194"
4.56888521596587e-33,0.506466070062378,0.999,0.996,1.04170582924022e-30,"17","CD49b"
2.58871850420638e-31,0.559019000944257,0.997,0.858,5.90227818959055e-29,"17","CD68"
5.04937802315675e-31,0.376477951572765,1,0.999,1.15125818927974e-28,"17","CD107a"
6.3860905379162e-31,0.459480765402894,0.999,0.996,1.45602864264489e-28,"17","CD42b"
5.84038044108743e-30,0.980708942517998,0.942,0.627,1.33160674056794e-27,"17","CD115"
1.43355440769038e-29,0.523279971374596,0.993,0.753,3.26850404953406e-27,"17","CD155"
5.11929865225274e-29,0.567186251549037,0.995,0.834,1.16720009271362e-26,"17","CD1d"
1.09631541626189e-28,0.383328932375563,0.998,0.962,2.4995991490771e-26,"17","CD138-1"
2.67577447395713e-28,0.553693193465154,0.985,0.821,6.10076580062226e-26,"17","CD319"
5.06373204348955e-27,0.38404655378223,0.999,0.987,1.15453090591562e-24,"17","CD275-2"
2.74880084669699e-26,0.379834809405285,0.997,0.953,6.26726593046914e-24,"17","CD45-1"
3.54239659613555e-25,0.315919400007078,1,1,8.07666423918904e-23,"17","CD244"
5.53071134647811e-24,0.289688915907223,1,0.999,1.26100218699701e-21,"17","CD55"
5.61230781202044e-23,0.333891329758126,1,0.973,1.27960618114066e-20,"17","Siglec-8"
8.01762694017173e-20,0.287545014623597,1,0.999,1.82801894235915e-17,"17","CD226"
5.63809245295992e-16,0.274737806024924,0.999,0.974,1.28548507927486e-13,"17","CD370"
2.96599413918552e-15,0.660333710935483,0.917,0.647,6.762466637343e-13,"17","CD185"
6.71927140572045e-14,0.510122270475561,0.962,0.802,1.53199388050426e-11,"17","CD169"
8.67593700502559e-14,0.283119217558355,0.98,0.818,1.97811363714583e-11,"17","CD30"
1.00709935426757e-12,0.301418499711525,0.996,0.954,2.29618652773006e-10,"17","CD98"
1.30231082077066e-10,0.2718680046004,0.998,0.96,2.9692686713571e-08,"17","CD338"
4.04891242108374e-08,0.48179339798014,0.285,0.151,9.23152032007094e-06,"17","TSLPR"
7.37740521772992e-08,0.363052921097372,0.847,0.585,1.68204838964242e-05,"17","Podoplanin"
9.80152732759317e-07,0.251576121927781,0.955,0.808,0.000223474823069124,"17","CD11a/CD18"
3.04318241816742e-06,0.351821213878076,0.942,0.78,0.000693845591342172,"17","CD204"
1.24499793379686e-05,0.289208258100629,0.952,0.779,0.00283859528905684,"17","CD294"
5.42614819459611e-05,0.258946564009166,0.848,0.631,0.0123716178836791,"17","CD284"
9.49775357681773e-138,1.43673595127589,1,0.989,2.16548781551444e-135,"18","CD64"
2.70114658753635e-122,1.93391881092671,0.999,0.802,6.15861421958287e-120,"18","CD169"
2.75886905068905e-122,1.08675928417376,1,0.954,6.29022143557104e-120,"18","CD98"
4.77194402054569e-122,0.484178976710309,1,1,1.08800323668442e-119,"18","CD93"
1.12878366223471e-109,0.694647905751321,1,0.995,2.57362674989514e-107,"18","CD366"
1.10352497361869e-107,0.697167279174308,1,1,2.51603693985062e-105,"18","CD38-1"
5.8562074451265e-104,0.685722502542203,1,0.999,1.33521529748884e-101,"18","CD55"
8.3225604569683e-104,1.00141666076091,1,0.999,1.89754378418877e-101,"18","CD11b-2"
8.7977572919143e-103,1.19534062813964,1,0.939,2.00588866255646e-100,"18","CD86"
3.07512268435016e-97,1.22964426768305,1,0.985,7.01127972031836e-95,"18","CLEC12A"
1.58733471818902e-96,0.602063217398469,1,0.999,3.61912315747096e-94,"18","CD305"
1.55481288424343e-95,0.840414503911245,1,0.993,3.54497337607503e-93,"18","CD14"
1.6253136896429e-93,0.543511511566469,1,0.999,3.70571521238581e-91,"18","CD95"
2.90418024756614e-93,0.565377279660275,1,0.998,6.62153096445079e-91,"18","CD205"
4.19777473926631e-93,0.760959994821855,1,0.981,9.57092640552719e-91,"18","CD59"
5.16195308873318e-93,0.802071991110219,1,0.998,1.17692530423116e-90,"18","CD11c"
9.98891421327532e-91,0.853467644783154,1,0.994,2.27747244062677e-88,"18","CD13"
8.38239444116011e-90,0.323021328601527,1,1,1.91118593258451e-87,"18","CD18"
2.3916882090421e-89,0.647525075605684,1,0.998,5.45304911661599e-87,"18","CD38-2"
1.00485468915433e-88,1.06830421000919,0.999,0.92,2.29106869127188e-86,"18","CD354"
1.71128679163195e-88,0.832582717172766,1,0.968,3.90173388492084e-86,"18","CD119"
4.83683209014483e-88,0.489457467812305,1,1,1.10279771655302e-85,"18","CD11b-1"
1.9729595899061e-86,1.00156164084909,0.999,0.938,4.49834786498592e-84,"18","CD15"
2.98852685055071e-85,0.831339245229372,1,0.962,6.81384121925562e-83,"18","TIM-4"
3.67891182540598e-84,0.610147319283893,1,1,8.38791896192563e-82,"18","CD63"
2.4503167389983e-83,1.34339222373146,1,0.754,5.58672216491612e-81,"18","CD155"
1.83011286599519e-72,1.20538963123819,1,0.71,4.17265733446904e-70,"18","CD36"
1.92485504722168e-72,0.684764727652726,1,0.996,4.38866950766542e-70,"18","CD172a"
3.7724716296051e-71,0.464794758629954,1,0.998,8.60123531549963e-69,"18","CD196"
1.86543474323322e-70,0.811195330014607,1,0.994,4.25319121457174e-68,"18","CD71"
6.38819697236453e-66,0.645762242671166,1,0.996,1.45650890969911e-63,"18","CD49b"
1.16075754748467e-63,0.649398099169105,1,0.985,2.64652720826505e-61,"18","HLA-DR"
4.22585740854258e-62,0.72263998224567,1,0.955,9.63495489147708e-60,"18","CD39"
5.12425992830972e-58,0.46132834929543,1,0.998,1.16833126365462e-55,"18","CD29"
3.67116942802728e-57,0.33635591347574,1,1,8.37026629590221e-55,"18","CD49d"
4.00754416545944e-54,0.379573937111837,1,1,9.13720069724751e-52,"18","CD31"
4.39350748009615e-54,0.527909719442251,1,0.999,1.00171970546192e-51,"18","CD9"
1.2118755795254e-52,0.285529220746542,1,1,2.76307632131791e-50,"18","CD44-1"
9.32863703120408e-51,0.625756511183116,1,0.953,2.12692924311453e-48,"18","CD235a"
3.77879991379405e-49,0.333561644278291,1,1,8.61566380345044e-47,"18","CD41"
1.8039832791592e-48,0.521433076584138,1,0.981,4.11308187648298e-46,"18","CD54"
9.73422085865127e-47,0.665600899406091,0.997,0.879,2.21940235577249e-44,"18","CD164"
6.2561011299961e-45,0.558336963080252,1,0.993,1.42639105763911e-42,"18","CD49a"
1.15178789612323e-43,0.373127202469456,1,0.999,2.62607640316096e-41,"18","CD107a"
6.50441432993457e-40,0.690851604328796,0.985,0.808,1.48300646722508e-37,"18","CD192"
1.20407981981478e-37,0.494641558178013,1,0.959,2.74530198917771e-35,"18","CD110"
1.27937671751585e-36,0.748158001866927,0.996,0.935,2.91697891593615e-34,"18","Folate"
1.72443534834429e-36,0.3139939767836,1,1,3.93171259422499e-34,"18","CD35"
4.15977195327864e-34,0.363827698821452,1,0.994,9.48428005347531e-32,"18","CD45RO"
8.08999197948468e-32,0.342352092208961,1,0.996,1.84451817132251e-29,"18","CD42b"
1.04193814013534e-31,0.497190300831724,0.994,0.834,2.37561895950857e-29,"18","CD1d"
1.95169121630682e-31,0.597110613868903,0.995,0.921,4.44985597317956e-29,"18","CD66a/c/e"
1.66663985252695e-30,0.448390255470718,0.998,0.955,3.79993886376145e-28,"18","CD206"
1.04669317174897e-29,0.539220501355598,0.998,0.945,2.38646043158765e-27,"18","CD163"
1.15146155722662e-29,0.499533297007977,0.987,0.87,2.62533235047669e-27,"18","CD85g"
4.61131408235604e-29,0.635032461281648,0.976,0.808,1.05137961077718e-26,"18","CD11a/CD18"
1.11262514898046e-20,0.454348962462752,0.999,0.951,2.53678533967545e-18,"18","CD141"
1.72372236522727e-19,0.354426986690601,0.999,0.957,3.93008699271818e-17,"18","GP130"
5.67478486200834e-16,0.383202034585103,0.981,0.868,1.2938509485379e-13,"18","CD123"
2.230525284821e-14,0.260397214712423,1,0.969,5.08559764939187e-12,"18","CD69"
8.73426728940144e-14,1.18834207998084,0.358,0.15,1.99141294198353e-11,"18","TSLPR"
4.54031005365554e-13,0.447377758870723,0.97,0.821,1.03519069223346e-10,"18","CD126"
0.00022502095817347,0.404692945477849,0.974,0.908,0.0513047784635513,"18","CD304"
1.24539709141365e-156,3.273068358203,0.988,0.629,2.83950536842311e-154,"19","TCR-V-7.2"
5.15991388285681e-156,1.47041577244901,1,0.988,1.17646036529135e-153,"19","CD195"
9.90560048459899e-152,1.37748199910478,1,0.995,2.25847691048857e-149,"19","CD26-2"
2.54307905976244e-148,2.1651285845384,0.999,0.814,5.79822025625837e-146,"19","CD161"
1.09365512671379e-102,0.913151110394058,1,0.996,2.49353368890744e-100,"19","CD127"
1.87688514361014e-71,0.642603327725169,1,0.994,4.27929812743111e-69,"19","CD45RO"
2.14487625060364e-71,0.588738885187817,1,0.999,4.8903178513763e-69,"19","CD28"
3.83205388831612e-71,0.625856268338074,1,0.998,8.73708286536076e-69,"19","CD2"
1.80118309471981e-68,0.807170732361634,0.998,0.95,4.10669745596118e-66,"19","CD96"
1.15119753430911e-67,1.63916602451297,0.966,0.821,2.62473037822477e-65,"19","CD117"
1.35657543574587e-51,0.496875429805114,1,0.994,3.09299199350058e-49,"19","CD325"
9.96076400442897e-41,0.354592777125627,1,1,2.2710541930098e-38,"19","CD81"
4.85805055392042e-40,0.7000006908944,0.996,0.969,1.10763552629386e-37,"19","CD56-2"
1.33147675866284e-38,0.722236305184021,0.994,0.904,3.03576700975128e-36,"19","CD275-1"
3.24522433155843e-36,0.535382908830964,0.996,0.976,7.39911147595323e-34,"19","CD56-1"
2.79628880127659e-35,0.349340875465022,0.999,0.992,6.37553846691063e-33,"19","Galectin-9"
3.54634424901272e-30,0.613198316512625,0.985,0.894,8.085664887749e-28,"19","CD186"
6.87610904093393e-30,0.333128347873796,1,0.992,1.56775286133293e-27,"19","CD324"
1.35902521682024e-28,0.553382968783174,0.974,0.872,3.09857749435014e-26,"19","VEGFR-3"
2.2839312815718e-28,0.382290165042488,0.999,0.974,5.20736332198371e-26,"19","CD370"
4.26752550344255e-28,0.393447389793756,1,1,9.72995814784902e-26,"19","CD8a"
2.29853668176279e-27,0.47826919453687,0.985,0.859,5.24066363441915e-25,"19","CD68"
2.51404336436541e-25,0.455576118745582,0.997,0.963,5.73201887075313e-23,"19","CD138-1"
3.41489324108678e-25,0.529192979285706,1,0.999,7.78595658967785e-23,"19","CD3-1"
2.34866741153668e-24,0.297442123644194,0.999,0.989,5.35496169830362e-22,"19","CD202b"
2.89990738521347e-23,0.275983162841474,1,0.993,6.6117888382867e-21,"19","CD194"
1.81806349648724e-21,0.334338234983672,0.997,0.961,4.1451847719909e-19,"19","CD338"
4.61618606358641e-21,0.31639829899008,0.996,0.962,1.0524904224977e-18,"19","LOX-1"
1.67186019908534e-20,0.400038570478351,0.998,0.974,3.81184125391457e-18,"19","Siglec-8"
4.01635405213696e-20,0.578558954877042,1,0.99,9.15728723887226e-18,"19","CD8"
4.57455591350153e-20,0.309002915365181,0.999,0.99,1.04299874827835e-17,"19","Rat-IgG1-1"
2.60863995840949e-16,0.275949922234531,0.998,0.988,5.94769910517363e-14,"19","CD144"
3.4441569597598e-16,0.251861826975157,1,0.999,7.85267786825235e-14,"19","TCR-2"
5.13461358940316e-16,0.300630947019753,0.999,0.986,1.17069189838392e-13,"19","Rat-IgG1-2"
9.99926588940143e-16,0.313121623424994,0.99,0.954,2.27983262278353e-13,"19","CD45-1"
1.29969874643945e-15,0.43267569240891,1,0.983,2.96331314188194e-13,"19","CD45RB"
9.27844406400154e-14,0.445368291382545,0.946,0.819,2.11548524659235e-11,"19","CD30"
2.2058063179195e-12,0.45904650534744,1,0.999,5.02923840485646e-10,"19","CD3-2"
5.88844530645729e-12,0.284694967348227,0.992,0.97,1.34256552987226e-09,"19","CD357"
2.47341477742708e-11,0.449713344603776,0.946,0.822,5.63938569253373e-09,"19","CD319"
4.54911318551125e-11,0.269248786039182,0.982,0.942,1.03719780629656e-08,"19","CD223"
9.31584280249781e-11,0.406499449653494,0.792,0.631,2.1240121589695e-08,"19","CD115"
7.15558629296099e-09,0.692351147219728,0.826,0.65,1.63147367479511e-06,"19","CD185"
3.44801829877268e-07,0.41101665908607,0.91,0.781,7.8614817212017e-05,"19","CD294"
6.1517967949948e-07,0.458275400753741,0.73,0.588,0.000140260966925882,"19","Podoplanin"
9.17174149814554e-07,0.269179882825851,0.986,0.932,0.000209115706157718,"19","CD83"
2.00427220205121e-06,0.412008520003929,0.992,0.97,0.000456974062067676,"19","CD69"
0.000515464302637175,0.269676629844807,0.771,0.664,0.117525861001276,"19","CD137"
0.00125018106390697,0.316078984851071,0.776,0.678,0.285041282570788,"19","Rat-IgG2b"
0.00146094376433013,0.263356758819083,0.802,0.714,0.333095178267269,"19","CD158f"
0.00328080423604999,0.485995943055983,0.926,0.893,0.748023365819398,"19","CD146"
2.28412507682282e-135,1.68265651556483,1,0.99,5.20780517515603e-133,"20","CD8"
1.66634035226673e-127,1.16596589586266,1,0.997,3.79925600316813e-125,"20","CD314"
1.70415188889575e-120,0.881742269350568,1,1,3.88546630668231e-118,"20","CD73"
2.07722733233779e-109,1.02504242475918,1,1,4.73607831773017e-107,"20","CD8a"
9.83716170926463e-89,0.528768254078278,1,0.992,2.24287286971234e-86,"20","CCR10"
6.4046183426514e-84,0.710077950772329,1,0.999,1.46025298212452e-81,"20","Integrin-7"
1.29797006724467e-80,0.687423510120977,1,0.992,2.95937175331785e-78,"20","CD278"
1.8119480053162e-78,0.754816887188876,1,1,4.13124145212093e-76,"20","CD27"
1.5176552034119e-76,0.808950035621946,1,0.991,3.46025386377912e-74,"20","CD45RA"
4.65358107525521e-76,0.827620947550758,1,0.983,1.06101648515819e-73,"20","CD45RB"
5.70845990484596e-61,0.717258225555618,1,0.996,1.30152885830488e-58,"20","CD127"
7.21149010900792e-57,0.461262145600592,1,0.99,1.6442197448538e-54,"20","Rat-IgG1-1"
2.6304492868126e-52,0.819534483297233,0.98,0.819,5.99742437393272e-50,"20","CD30"
1.53913902530909e-51,0.419776821757321,1,0.995,3.50923697770472e-49,"20","MERTK"
2.25282101726885e-46,0.469196778048615,0.999,0.974,5.13643191937297e-44,"20","CD370"
2.78419780390044e-42,0.422347452237199,1,0.984,6.347970992893e-40,"20","Notch-1"
2.41693880341315e-40,0.433883918362748,1,0.999,5.51062047178199e-38,"20","CD28"
4.57206590330443e-40,0.633541669054936,0.996,0.95,1.04243102595341e-37,"20","CD96"
5.02369031886948e-37,0.563468343184416,1,0.999,1.14540139270224e-34,"20","CD3-1"
2.86566925505104e-36,0.575603410957849,1,0.999,6.53372590151638e-34,"20","CD3-2"
2.92122309872628e-35,0.354603989645382,0.999,0.99,6.66038866509591e-33,"20","CD202b"
1.12729930349276e-32,0.325823850748652,1,0.999,2.57024241196349e-30,"20","TCR-2"
8.43283644009438e-29,0.533682969350226,1,0.998,1.92268670834152e-26,"20","CD2"
7.32781148114043e-26,0.498326868892811,0.987,0.859,1.67074101770002e-23,"20","CD68"
5.04665578491235e-24,0.318484135971247,1,0.994,1.15063751896001e-21,"20","CD325"
4.06542126066874e-23,0.343455674287898,0.999,0.986,9.26916047432473e-21,"20","Rat-IgG1-2"
1.82566478701956e-22,0.411907961526398,0.999,0.977,4.1625157144046e-20,"20","TCR-1"
6.59834841348208e-21,0.36550681373678,0.984,0.941,1.50442343827391e-18,"20","CD184"
7.26909792132639e-17,0.567251754566998,0.9,0.772,1.65735432606242e-14,"20","CD105"
2.16555704329915e-13,0.386738224480052,0.937,0.822,4.93747005872206e-11,"20","CD126"
2.70635925687497e-13,0.36085351816335,0.924,0.816,6.17049910567493e-11,"20","CD1a"
1.8780708584967e-12,0.370493602614146,0.949,0.866,4.28200155737249e-10,"20","CD235ab"
7.99237418490197e-11,0.483210369425908,0.801,0.664,1.82226131415765e-08,"20","CD137"
8.6448371576811e-10,0.294879692618132,0.853,0.779,1.97102287195129e-07,"20","CD207"
4.79533842613904e-09,0.427826563677682,0.855,0.747,1.0933371611597e-06,"20","Cadherin"
2.7106305189895e-07,0.333706452755232,0.856,0.772,6.18023758329607e-05,"20","CD140a"
3.88799644249342e-06,0.259227675886065,0.938,0.887,0.000886463188888499,"20","Rag-IgG2c"
6.08035320620261e-06,0.430591059832263,0.738,0.625,0.0013863205310142,"20","TCR-V-24-J-18"
0.0019350809423386,0.251916313712012,0.817,0.757,0.441198454853202,"20","B7-H4"
0.00382128273108288,0.285585682767233,0.744,0.631,0.871252462686898,"20","CD115"
2.83949439481946e-156,2.55331484241771,0.999,0.815,6.47404722018836e-154,"21","CD161"
1.22517701936525e-147,1.55743052565819,1,0.995,2.79340360415278e-145,"21","CD26-2"
6.01658697565107e-142,3.39757141415826,0.96,0.631,1.37178183044844e-139,"21","TCR-V-7.2"
2.16533209061405e-137,1.41108185810215,0.999,0.988,4.93695716660003e-135,"21","CD195"
1.70392177229225e-85,0.85363487541885,1,0.996,3.88494164082633e-83,"21","CD127"
2.77553039273707e-84,0.647233305114127,1,0.999,6.32820929544052e-82,"21","CD28"
7.72544573569019e-79,0.997094392201358,0.997,0.95,1.76140162773736e-76,"21","CD96"
2.20461306547321e-71,0.677664342023976,0.999,0.994,5.02651778927891e-69,"21","CD45RO"
2.78158073162536e-64,0.816375770821323,1,0.983,6.34200406810581e-62,"21","CD45RB"
9.75409228904252e-64,0.823434441983031,1,1,2.2239330419017e-61,"21","CD8a"
1.43866907756858e-63,0.680614846335214,0.997,0.994,3.28016549685637e-61,"21","CD279"
3.99307988837531e-57,1.12347767560614,0.997,0.99,9.10422214549572e-55,"21","CD8"
6.28169949233418e-57,0.622520326078568,0.998,0.998,1.43222748425219e-54,"21","CD2"
1.08987580336582e-33,0.288811015505425,1,0.998,2.48491683167406e-31,"21","CD196"
1.27190949746106e-32,0.262810063565399,1,1,2.89995365421122e-30,"21","CD99"
2.45762936381252e-30,0.327022907969484,1,1,5.60339494949254e-28,"21","CD81"
1.00579279895633e-21,0.507698996561979,1,0.999,2.29320758162044e-19,"21","CD3-1"
3.06895300931912e-20,0.514798937017167,1,0.999,6.99721286124759e-18,"21","CD3-2"
5.34863848975079e-20,0.90689319739042,0.86,0.822,1.21948957566318e-17,"21","CD117"
7.7051135878542e-20,0.528663245908995,0.927,0.895,1.75676589803076e-17,"21","CD186"
1.67212714006728e-15,0.316318304587511,0.999,1,3.8124498793534e-13,"21","CD27"
7.57749089305058e-156,3.48439407823108,0.996,0.892,1.72766792361553e-153,"22","TCR-V-2"
1.14315474678333e-145,0.976024499489441,1,0.999,2.60639282266599e-143,"22","CD3-1"
1.92269829771056e-137,1.71975469367981,0.994,0.866,4.38375211878009e-135,"22","TCR-V-9"
4.10462231834154e-110,0.809335426663222,1,0.999,9.35853888581871e-108,"22","CD3-2"
2.28434428212152e-99,1.82910408374594,0.975,0.815,5.20830496323705e-97,"22","CD161"
4.81940417227998e-87,0.875323247509215,1,0.997,1.09882415127984e-84,"22","CD314"
4.96114596346898e-66,0.807902907648646,0.997,0.983,1.13114127967093e-63,"22","CD45RB"
7.40579897267204e-62,0.453638935679777,1,1,1.68852216576923e-59,"22","CD81"
6.77580372329843e-59,0.279026316990914,1,1,1.54488324891204e-56,"22","CD43"
2.84593866100416e-56,0.342951275796684,1,1,6.48874014708947e-54,"22","CD99"
1.04547917920389e-52,0.905098564754428,0.954,0.913,2.38369252858488e-50,"22","CD307c/FcRL3"
8.46406102876336e-48,0.810301289498915,0.993,0.988,1.92980591455805e-45,"22","CD195"
1.01679306029128e-40,0.569246198026376,0.993,0.994,2.31828817746413e-38,"22","CD279"
3.86436232728521e-36,0.436620889232028,0.999,0.994,8.81074610621028e-34,"22","CD45RO"
1.51714108829876e-32,0.593908765956536,0.969,0.95,3.45908168132117e-30,"22","CD96"
1.69233437598069e-32,0.487843778884122,0.999,0.998,3.85852237723597e-30,"22","CD2"
2.08462751718127e-27,0.357475556547953,1,0.994,4.75295073917329e-25,"22","CD122"
3.34994983843839e-24,0.334903579833361,1,1,7.63788563163953e-22,"22","CD244"
3.99933110059848e-22,0.428886231772563,0.993,0.99,9.11847490936454e-20,"22","CD271"
4.23025996441797e-21,0.39785073002632,1,0.999,9.64499271887298e-19,"22","Integrin-7"
2.54504089884301e-15,0.32336585433279,1,1,5.80269324936206e-13,"22","CD27"
8.58929003848185e-14,0.306259439323641,0.999,0.996,1.95835812877386e-11,"22","CD127"
1.38866540260156e-09,0.305466248505172,0.985,0.962,3.16615711793156e-07,"22","TIM-4"
0.0013096128614769,0.335653915389131,0.547,0.547,0.298591732416733,"22","CD177"
2.47567528961781e-109,1.19090466824172,1,0.99,5.6445396603286e-107,"23","CD271"
3.43493154328707e-108,0.934949971676219,1,1,7.83164391869452e-106,"23","CD307e"
1.27803499626376e-102,0.749593260502924,1,1,2.91391979148137e-100,"23","CD109"
2.18651254022088e-91,0.735639228373951,1,0.999,4.98524859170361e-89,"23","TCR-2"
1.54003312102869e-89,0.352324649729568,1,1,3.5112755159454e-87,"23","CD43"
9.77102990518113e-87,0.853690654323741,0.999,0.979,2.2277948183813e-84,"23","CD106"
1.34670024078048e-86,0.497618561022291,1,1,3.0704765489795e-84,"23","CD57"
1.95370092216814e-80,0.724831730794816,1,0.99,4.45443810254335e-78,"23","CD209"
2.20491355337342e-80,0.737587324992091,1,0.999,5.02720290169139e-78,"23","CD3-2"
7.97782695724434e-80,0.674903530156815,1,0.998,1.81894454625171e-77,"23","CD2"
1.69472097588332e-71,0.709293272313863,1,0.999,3.86396382501397e-69,"23","CD3-1"
2.20576709226786e-70,0.515014461214675,1,1,5.02914897037072e-68,"23","CD4-1"
1.64222578710531e-60,0.974530686039566,1,0.872,3.7442747946001e-58,"23","CD4-2"
5.2629575091443e-59,0.523984153015555,1,0.994,1.1999543120849e-56,"23","CD122"
9.5884391865673e-48,0.340851463258846,1,1,2.18616413453735e-45,"23","CD81"
1.05166366761328e-34,1.13936463447127,1,0.999,2.39779316215827e-32,"23","CD158e1"
2.18278314113134e-29,0.377911166518671,1,0.992,4.97674556177945e-27,"23","CD278"
1.09353109471471e-19,0.347605359899061,0.996,0.994,2.49325089594955e-17,"23","CD279"
2.72908085686044e-89,0.546980511031132,1,1,6.22230435364179e-87,"24","CD4-1"
2.28528843645344e-83,0.707271528690726,1,0.998,5.21045763511384e-81,"24","CD2"
1.19831652534847e-79,1.08063060518076,0.998,0.988,2.73216167779452e-77,"24","CD195"
1.59833650500008e-73,0.551207494564351,1,0.999,3.64420723140017e-71,"24","TCR-2"
5.23201041300368e-64,0.540091157787844,1,0.995,1.19289837416484e-61,"24","CD325"
1.29984594406882e-60,1.00708497783393,1,0.872,2.9636487524769e-58,"24","CD4-2"
5.98492682810661e-58,0.370777191259559,1,1,1.36456331680831e-55,"24","CD81"
9.57484893764289e-56,0.541419834476432,1,0.992,2.18306555778258e-53,"24","CD278"
8.49467534031733e-55,0.635537750839887,1,0.999,1.93678597759235e-52,"24","CD3-1"
2.44838133738489e-54,0.730744052780474,0.997,0.99,5.58230944923754e-52,"24","CD271"
1.12178566687677e-52,0.636042138849754,1,0.999,2.55767132047903e-50,"24","CD3-2"
2.17661122550235e-52,0.827959073160325,0.997,0.905,4.96267359414535e-50,"24","CD275-1"
2.43016228756314e-49,0.550814087652001,1,0.976,5.54077001564395e-47,"24","CD56-1"
4.47520736377596e-42,0.500223382266067,0.998,0.963,1.02034727894092e-39,"24","CD138-1"
1.44339437006267e-38,0.379743544482447,1,0.992,3.29093916374289e-36,"24","CD324"
4.12880686129596e-37,0.262215467740424,1,1,9.4136796437548e-35,"24","CD109"
1.20064919360022e-34,0.430255740928378,1,0.974,2.73748016140851e-32,"24","Siglec-8"
5.43185589564149e-30,0.392334160557312,1,0.974,1.23846314420626e-27,"24","CD370"
3.92713244502875e-29,0.343540356680157,0.998,0.99,8.95386197466556e-27,"24","CD202b"
6.26131559667709e-29,0.457383300621857,1,0.996,1.42757995604238e-26,"24","CD127"
7.85254091698418e-29,0.281892750320006,1,1,1.79037932907239e-26,"24","CD49d"
3.7199421618544e-26,0.314598667847058,1,0.99,8.48146812902804e-24,"24","Rat-IgG1-1"
2.35899386021324e-25,0.376482684652292,0.998,0.961,5.37850600128619e-23,"24","CD338"
6.74508741611043e-25,0.293647025715482,0.998,0.993,1.53787993087318e-22,"24","CD194"
2.60723091740451e-24,0.496047183812744,0.98,0.86,5.94448649168227e-22,"24","CD68"
6.23925254149905e-23,0.321426772325615,1,0.986,1.42254957946178e-20,"24","Rat-IgG1-2"
3.84896829145257e-22,0.396174051834999,0.983,0.933,8.77564770451186e-20,"24","CD83"
1.07519133731638e-21,0.766892893039589,0.854,0.651,2.45143624908135e-19,"24","CD185"
1.80203366055817e-21,0.323763001817584,1,0.988,4.10863674607262e-19,"24","CD144"
3.48262041873322e-20,0.431914543792948,0.998,0.983,7.94037455471174e-18,"24","CD45RB"
7.6220818536418e-19,0.352776389694714,0.994,0.962,1.73783466263033e-16,"24","LOX-1"
1.03837058953724e-18,0.270187920997278,0.998,0.989,2.36748494414491e-16,"24","CD138-2"
4.733830837048e-18,0.553879539414463,0.965,0.823,1.07931343084694e-15,"24","CD319"
2.14857325876796e-17,0.321366795586733,0.995,0.97,4.89874702999094e-15,"24","CD357"
5.30669106561804e-17,0.352027265132863,0.971,0.895,1.20992556296091e-14,"24","CD186"
4.8117610929019e-15,0.448412202891353,0.917,0.782,1.09708152918163e-12,"24","CD294"
1.17768883197587e-14,0.281781696844305,0.982,0.921,2.68513053690498e-12,"24","CD24"
1.22791675508174e-14,0.435622561656895,0.937,0.82,2.79965020158636e-12,"24","CD30"
8.03571961062081e-14,0.273014414392554,0.997,0.976,1.83214407122155e-11,"24","CD243"
1.08678761763792e-13,0.349573170527022,0.962,0.887,2.47787576821447e-11,"24","Rag-IgG2c"
2.69161912370566e-13,0.319294772460461,0.98,0.942,6.1368916020489e-11,"24","CD223"
1.34198362551284e-12,0.261431375205142,0.991,0.969,3.05972266616927e-10,"24","CD56-2"
6.9783313420716e-11,0.266018845268477,0.97,0.926,1.59105954599232e-08,"24","CD154"
1.83623704902674e-10,0.518298238346024,0.8,0.632,4.18662047178097e-08,"24","CD115"
2.61249275014071e-09,0.26408245692268,0.983,0.95,5.95648347032082e-07,"24","CD96"
3.57153664254758e-08,0.309494121293801,0.95,0.873,8.14310354500849e-06,"24","VEGFR-3"
9.23243771423359e-08,0.39674809544502,0.825,0.714,2.10499579884526e-05,"24","CD158f"
1.30564524870883e-07,0.470979672569846,0.739,0.589,2.97687116705614e-05,"24","Podoplanin"
1.33402595027498e-07,0.36271911580103,0.861,0.758,3.04157916662695e-05,"24","CD140b"
1.425155180817e-07,0.344164085889543,0.726,0.634,3.24935381226277e-05,"24","CD284"
2.04419823802754e-06,0.296577562647615,0.941,0.867,0.00046607719827028,"24","CD235ab"
9.89498344831921e-05,0.293717222838642,0.768,0.679,0.0225605622621678,"24","Rat-IgG2b"
0.000191193225374666,0.261350533186884,0.83,0.773,0.0435920553854238,"24","CD105"
0.000663092648507926,0.285585213892973,0.839,0.766,0.151185123859807,"24","CD307d"
0.00365193573223517,0.25836291998902,0.747,0.665,0.832641346949619,"24","CD137"
0.00578646481476127,0.2558049461199,0.884,0.817,1,"24","CD1a"
2.82019961387237e-146,3.32428845851576,0.995,0.892,6.43005511962899e-144,"25","TCR-V-2"
3.56077908861853e-139,1.68867331472766,0.997,0.866,8.11857632205024e-137,"25","TCR-V-9"
1.38264622694244e-134,0.975526585727698,1,0.999,3.15243339742876e-132,"25","CD3-1"
2.72811179360828e-93,1.56231417348767,0.976,0.815,6.22009488942687e-91,"25","CD161"
1.10610448412149e-91,0.83243342867307,1,0.997,2.521918223797e-89,"25","CD314"
1.72530863146407e-81,0.748610292516739,1,0.999,3.93370367973808e-79,"25","CD3-2"
1.2461991987917e-67,0.910918033822562,1,0.988,2.84133417324507e-65,"25","CD195"
8.10463323414462e-58,0.400926001279467,1,1,1.84785637738497e-55,"25","CD81"
1.61870106968524e-55,0.493483949954464,1,0.995,3.69063843888234e-53,"25","CD325"
4.01920421995994e-43,0.733334991908766,0.994,0.905,9.16378562150867e-41,"25","CD275-1"
1.80981057088972e-35,0.424097842914433,1,0.974,4.12636810162856e-33,"25","CD370"
7.04938604466247e-34,0.455800854797669,0.994,0.963,1.60726001818304e-31,"25","CD138-1"
3.43123085173844e-31,0.434913424298224,1,0.996,7.82320634196364e-29,"25","CD127"
4.17781890777837e-31,0.417343735591229,1,0.974,9.52542710973468e-29,"25","Siglec-8"
3.92773398219647e-30,0.355379491989794,0.998,0.992,8.95523347940796e-28,"25","CD324"
5.41839398251752e-30,0.335068733640194,1,0.99,1.23539382801399e-27,"25","Rat-IgG1-1"
7.83270037418475e-30,0.541537544085671,0.995,0.99,1.78585568531412e-27,"25","CD271"
4.35659244779223e-29,0.313085231015019,1,0.993,9.93303078096629e-27,"25","CD194"
9.01127226512319e-29,0.415975276622282,1,0.999,2.05457007644809e-26,"25","Integrin-7"
2.72859577184316e-28,0.33751691657585,1,0.99,6.2211983598024e-26,"25","CD202b"
1.13055414869533e-26,0.486831047877582,0.945,0.823,2.57766345902535e-24,"25","CD319"
9.88970209793053e-24,0.304872563032465,1,0.988,2.25485207832816e-21,"25","CD144"
1.67882863677103e-23,0.511170737881847,1,0.983,3.82772929183795e-21,"25","CD45RB"
4.32375311470654e-21,0.328052107783209,0.989,0.969,9.8581571015309e-19,"25","CD56-2"
1.15229830693296e-20,0.340861041423374,0.988,0.962,2.62724013980714e-18,"25","LOX-1"
3.10676919038278e-20,0.319603740343158,1,0.992,7.08343375407274e-18,"25","CD278"
1.55059150327172e-19,0.340206883625412,0.997,0.961,3.53534862745951e-17,"25","CD338"
1.3165086205322e-18,0.301220207313912,0.986,0.97,3.00163965481342e-16,"25","CD357"
3.91301570088909e-18,0.462540230073713,0.985,0.86,8.92167579802712e-16,"25","CD68"
4.55346637031767e-18,0.303387919848028,0.997,0.986,1.03819033243243e-15,"25","Rat-IgG1-2"
5.86381167209838e-17,0.759360063638834,0.842,0.651,1.33694906123843e-14,"25","CD185"
2.08967049205333e-16,0.407774983457467,0.994,0.95,4.76444872188159e-14,"25","CD96"
3.79111914944824e-16,0.393710778407204,1,0.998,8.643751660742e-14,"25","CD2"
1.51449593451175e-13,0.41230939219415,0.967,0.895,3.4530507306868e-11,"25","CD186"
8.91555891049742e-13,0.321371359011719,1,0.995,2.03274743159341e-10,"25","CD26-2"
9.58363580260369e-13,0.420291788392115,0.928,0.82,2.18506896299364e-10,"25","CD30"
2.31510827908447e-11,0.308719349865842,0.982,0.954,5.27844687631259e-09,"25","CD45-1"
3.2358267561186e-11,0.302993805343029,0.982,0.942,7.3776850039504e-09,"25","CD223"
5.67770624921988e-11,0.374682207644246,0.945,0.867,1.29451702482213e-08,"25","CD235ab"
9.82310262952444e-11,0.253321272041816,0.994,0.977,2.23966739953157e-08,"25","TCR-1"
3.61856800211815e-09,0.251206507498478,0.982,0.921,8.25033504482938e-07,"25","CD24"
1.05570350612225e-08,0.390797974049697,0.868,0.782,2.40700399395873e-06,"25","CD294"
2.29693657123694e-08,0.475222418816773,0.788,0.632,5.23701538242023e-06,"25","CD115"
4.17695899487366e-08,0.261141954980627,0.936,0.873,9.52346650831195e-06,"25","VEGFR-3"
8.7298196802558e-08,0.259014942993401,0.962,0.902,1.99039888709832e-05,"25","C5L2"
9.2660973908324e-07,0.267401269947105,0.753,0.679,0.000211267020510979,"25","Rat-IgG2b"
6.42144844315649e-06,0.492547211684064,0.715,0.589,0.00146409024503968,"25","Podoplanin"
1.77481517095654e-05,0.29111779888995,0.795,0.714,0.00404657858978091,"25","CD158f"
2.50623436060198e-117,2.97611795704655,1,0.954,5.71421434217252e-115,"26","CD103"
3.63993162465444e-106,1.11469413173843,1,1,8.29904410421212e-104,"26","CD8a"
7.33214523165772e-102,1.25944921822694,1,0.999,1.67172911281796e-99,"26","Integrin-7"
3.74103845002021e-99,1.6310125413681,1,0.99,8.52956766604609e-97,"26","CD8"
1.34967659774722e-95,1.31416650638148,1,0.95,3.07726264286366e-93,"26","CD96"
8.87536238148693e-90,0.787794942442689,1,0.998,2.02358262297902e-87,"26","CD2"
3.97381100790166e-72,0.920212431112269,1,0.997,9.06028909801579e-70,"26","CD314"
1.1055684267916e-71,0.92198636769916,1,0.996,2.52069601308485e-69,"26","CD127"
9.76859122318358e-63,0.901860828454272,1,1,2.22723879888586e-60,"26","CD73"
1.43584601201566e-46,0.334748862474021,1,1,3.2737289073957e-44,"26","CD49d"
8.99160834910961e-46,0.79930385899313,1,0.983,2.05008670359699e-43,"26","CD45RB"
1.31656189785553e-44,0.348743041697063,1,1,3.00176112711062e-42,"26","CD99"
1.15370523995122e-31,0.608940504574093,1,0.999,2.63044794708877e-29,"26","CD3-2"
2.58406155081639e-31,0.669316152418758,1,0.993,5.89166033586137e-29,"26","CD49a"
8.14112134763074e-31,0.452199383775476,1,0.994,1.85617566725981e-28,"26","CD45RO"
6.85849742039011e-28,0.25458124557932,1,1,1.56373741184895e-25,"26","CD52"
5.81809743232859e-26,0.560696717765381,1,0.999,1.32652621457092e-23,"26","CD3-1"
9.49549758540622e-20,0.330684492879722,0.993,0.982,2.16497344947262e-17,"26","CD25"
4.80661166119557e-19,0.312229327175503,1,0.999,1.09590745875259e-16,"26","TCR-2"
6.55568309521774e-19,0.497835727463681,1,1,1.49469574570964e-16,"26","CD27"
1.59732886335608e-15,0.32920745469917,1,0.999,3.64190980845186e-13,"26","CD28"
2.24575633342299e-10,0.282818220445051,1,0.994,5.12032444020441e-08,"26","CD279"
1.65034015656704e-09,0.285989371066812,0.983,0.977,3.76277555697285e-07,"26","TCR-1"
3.09948398494392e-05,0.26514977800732,0.867,0.886,0.00706682348567213,"26","CD340"
0.000410546183152249,0.302570992448805,0.92,0.885,0.0936045297587128,"26","CD303"
2.49684750731553e-108,3.0245965721048,1,0.954,5.69281231667942e-106,"27","CD103"
1.1954325573502e-100,1.33725849069152,1,0.999,2.72558623075847e-98,"27","Integrin-7"
5.76390684111916e-87,1.23583685158873,1,0.95,1.31417075977517e-84,"27","CD96"
9.64928070369627e-85,1.61423089810673,1,0.99,2.20003600044275e-82,"27","CD8"
1.3832787113378e-83,1.05064267879707,1,1,3.15387546185019e-81,"27","CD8a"
8.44623620524571e-83,1.1404265560015,1,1,1.92574185479602e-80,"27","CD73"
3.00460231737848e-82,1.03884563449015,1,0.996,6.85049328362293e-80,"27","CD127"
7.10926552796584e-76,0.753757384067533,1,0.998,1.62091254037621e-73,"27","CD2"
1.21169245609101e-72,0.996093684262726,1,0.997,2.76265879988751e-70,"27","CD314"
3.75467529218342e-34,0.496797787801541,1,0.995,8.56065966617819e-32,"27","CD325"
1.63396906213296e-30,0.405865734836506,0.996,0.992,3.72544946166316e-28,"27","Galectin-9"
3.63833102363148e-28,0.573683177611449,1,0.999,8.29539473387977e-26,"27","CD3-1"
5.86011207053087e-25,0.465230328776466,1,0.983,1.33610555208104e-22,"27","CD45RB"
4.47007851163419e-24,0.345337568320733,1,0.992,1.0191779006526e-21,"27","CD324"
4.84284439520159e-24,0.686254406221248,0.971,0.821,1.10416852210596e-21,"27","CD30"
3.00193649828315e-23,0.70894750309217,0.996,0.905,6.84441521608559e-21,"27","CD275-1"
3.8251105056829e-23,0.470641973002023,0.996,0.963,8.72125195295702e-21,"27","CD138-1"
1.42197433954043e-21,0.546048476462833,1,0.999,3.24210149415218e-19,"27","CD3-2"
8.1752697319485e-21,0.365699670241205,1,0.974,1.86396149888426e-18,"27","CD370"
1.12152527578177e-19,0.433949427098005,1,0.974,2.55707762878244e-17,"27","Siglec-8"
1.79009759090796e-18,0.447672877839852,1,0.993,4.08142250727014e-16,"27","CD49a"
8.67534637980635e-18,0.411507710061562,1,1,1.97797897459585e-15,"27","CD27"
9.03859666722768e-17,0.36481949740845,0.988,0.943,2.06080004012791e-14,"27","CD223"
1.16966366668771e-16,0.317677261526018,1,0.99,2.66683316004799e-14,"27","Rat-IgG1-1"
1.02509405209236e-15,0.288113486083045,1,0.99,2.33721443877058e-13,"27","CD202b"
8.24900829830492e-15,0.483317293247352,0.996,0.86,1.88077389201352e-12,"27","CD68"
1.08588348254191e-14,0.283786436056385,1,0.986,2.47581434019556e-12,"27","Rat-IgG1-2"
2.17037797717774e-14,0.264973415580598,1,0.999,4.94846178796524e-12,"27","CD28"
3.3376293180194e-13,0.251018083232869,1,0.994,7.60979484508422e-11,"27","CD45RO"
3.52869665940702e-12,0.355578902636096,0.996,0.961,8.04542838344801e-10,"27","CD338"
4.79275927608815e-12,0.274877277154378,0.992,0.988,1.0927491149481e-09,"27","CD144"
1.83345999632301e-09,0.260457988558607,1,0.982,4.18028879161646e-07,"27","CD25"
5.25500212616425e-09,0.760585149483801,0.852,0.652,1.19814048476545e-06,"27","CD185"
5.46818350758949e-09,0.449078624851685,0.877,0.737,1.2467458397304e-06,"27","CD273"
6.93730017205627e-09,0.317570676259032,0.988,0.933,1.58170443922883e-06,"27","CD83"
9.53144579185924e-09,0.371751010668685,0.943,0.817,2.17316964054391e-06,"27","CD1a"
5.71352809199577e-08,0.320153851388991,0.996,0.962,1.30268440497503e-05,"27","LOX-1"
6.69186134261242e-08,0.468686980793886,0.869,0.715,1.52574438611563e-05,"27","CD158f"
1.79480908094965e-06,0.262292307606603,0.996,0.921,0.00040921647045652,"27","CD24"
2.77818546476952e-06,0.368283786587698,0.922,0.824,0.00063342628596745,"27","CD319"
1.05639229913622e-05,0.306315344930892,0.914,0.816,0.00240857444203058,"27","CD161"
2.18476995136815e-05,0.369956135426722,0.906,0.758,0.00498127548911937,"27","CD140b"
2.24516261253533e-05,0.482031493753403,0.803,0.632,0.00511897075658055,"27","CD115"
2.66096869735755e-05,0.486592334548149,0.758,0.589,0.00606700862997521,"27","Podoplanin"
3.75358988344688e-05,0.271742158888629,0.963,0.888,0.00855818493425888,"27","Rag-IgG2c"
0.000105163358277051,0.346498328402997,0.783,0.665,0.0239772456871677,"27","CD137"
0.000145114333868708,0.259564647865424,0.832,0.729,0.0330860681220655,"27","CD171"
0.00015145136722847,0.417004850731938,0.881,0.822,0.0345309117280911,"27","CD117"
0.000187735796063642,0.297703551118457,0.914,0.782,0.0428037615025104,"27","CD294"
0.000217609039206534,0.273444760927755,0.951,0.867,0.0496148609390897,"27","CD235ab"
0.000969023127869405,0.269148660707515,0.861,0.765,0.220937273154224,"27","CD80"
0.00129098727316093,0.333353658100999,0.811,0.679,0.294345098280693,"27","Rat-IgG2b"
0.00445793220235159,0.28487272892025,0.811,0.748,1,"27","Cadherin"
0.0072926012450542,0.251146751122444,0.885,0.766,1,"27","CD307d"
4.87460976842147e-83,3.19047009080547,0.989,0.822,1.1114110272001e-80,"28","CD117"
6.06369539182533e-71,1.48724705320741,1,0.994,1.38252254933618e-68,"28","CD71"
1.10717883557187e-46,2.08439687273291,0.984,0.957,2.52436774510387e-44,"28","CD133-2"
2.15236603861917e-46,1.94976896598181,0.989,0.984,4.90739456805171e-44,"28","CD34"
1.7966315945385e-42,0.612027998263985,1,0.995,4.09632003554778e-40,"28","MERTK"
3.10670195844599e-35,1.10146914165932,0.989,0.985,7.08328046525686e-33,"28","CD133-1"
8.42186115729386e-22,0.631273837363227,0.963,0.959,1.920184343863e-19,"28","CD110"
3.44037609719092e-20,0.36905415298159,1,0.998,7.84405750159531e-18,"28","CD205"
5.35357862395911e-20,0.39640003169269,1,0.99,1.22061592626268e-17,"28","Rat-IgG1-1"
4.21957803668433e-19,0.476010212181697,0.989,0.969,9.62063792364028e-17,"28","CD112"
3.46875737525317e-16,0.394017064103411,1,0.995,7.90876681557723e-14,"28","CD325"
7.63568531366477e-16,0.521470496157766,0.963,0.931,1.74093625151557e-13,"28","CD90"
1.62800168354109e-14,0.31501947783243,1,0.987,3.71184383847368e-12,"28","CD275-2"
2.19145464848324e-14,0.324507674538967,0.995,0.992,4.99651659854179e-12,"28","CD324"
2.70115714294551e-14,0.581410472428035,0.958,0.87,6.15863828591576e-12,"28","CD123"
1.6377368676215e-13,0.419909382160737,1,0.974,3.73404005817702e-11,"28","Siglec-8"
2.17057361273091e-12,0.372777525715715,0.984,0.974,4.94890783702647e-10,"28","CD370"
6.9665686640401e-12,0.340522185716377,0.984,0.97,1.58837765540114e-09,"28","CD357"
3.85075180714204e-11,0.289114517291651,1,0.993,8.77971412028386e-09,"28","CD194"
1.49028283065863e-10,0.347641107178339,0.974,0.943,3.39784485390167e-08,"28","CD223"
2.62410470856404e-10,0.285696798197408,0.995,0.986,5.98295873552602e-08,"28","Rat-IgG1-2"
2.85576102460063e-10,0.316659298848083,1,0.984,6.51113513608943e-08,"28","Notch-1"
3.04277287290466e-10,0.347334653031147,0.979,0.962,6.93752215022261e-08,"28","LOX-1"
3.60026872813728e-09,0.412119852682971,0.894,0.861,8.208612700153e-07,"28","CD68"
1.03356572165979e-08,0.280105550849518,0.989,0.99,2.35652984538431e-06,"28","CD202b"
2.45083587528364e-08,0.571732501852681,0.958,0.905,5.5879057956467e-06,"28","CD275-1"
5.43624689781187e-08,0.266493244946263,0.989,0.988,1.23946429270111e-05,"28","CD144"
7.45471220898413e-08,0.305063001151556,0.979,0.961,1.69967438364838e-05,"28","CD338"
1.42976646947789e-06,0.402174834576174,0.952,0.881,0.000325986755040959,"28","CD164"
2.38811462740243e-06,0.347087948241122,0.979,0.963,0.000544490135047755,"28","CD138-1"
1.26664928652459e-05,0.30289642225606,0.899,0.888,0.00288796037327607,"28","Rag-IgG2c"
1.51338500772864e-05,0.422450013644089,0.709,0.632,0.0034505178176213,"28","CD115"
4.12268318267197e-05,0.373961733820663,0.878,0.782,0.0093997176564921,"28","CD294"
8.77069311676916e-05,0.258857679663723,0.937,0.926,0.0199971803062337,"28","CD154"
0.000700321965706768,0.27995787566851,0.868,0.821,0.159673408181143,"28","CD30"
0.000706094659223818,0.308556021686871,0.81,0.773,0.16098958230303,"28","CD140a"
0.00121303944932842,0.288496568829172,0.804,0.796,0.276572994446879,"28","CD135"
0.00128425904937757,0.454721451165511,0.735,0.652,0.292811063258085,"28","CD185"
0.00194563294424351,0.330871620731835,0.857,0.764,0.44360431128752,"28","CD269"
0.00336259574784989,0.261045976736091,0.788,0.748,0.766671830509775,"28","Cadherin"
0.00640338314549932,0.416181601521104,0.704,0.589,1,"28","Podoplanin"
0.00694871344987195,0.268215015366305,0.81,0.783,1,"28","CD204"
0.00701308084139525,0.297417511216044,0.788,0.759,1,"28","CD140b"
0.00738199379216307,0.298042034268588,0.825,0.773,1,"28","CD105"
0.00825923464237424,0.366202570679153,0.73,0.679,1,"28","Rat-IgG2b"
