"p_val","avg_log2FC","pct.1","pct.2","p_val_adj","cluster","gene"
1.59530606811371e-110,0.975656390036171,1,0.993,3.63729783529925e-108,"0","CD14"
1.70762366209575e-110,1.13253782359096,1,0.823,3.89338194957831e-108,"0","CD1d"
1.59532649603138e-87,1.43762922709944,0.999,0.737,3.63734441095155e-85,"0","CD155"
7.43080603376185e-86,1.08932332359236,1,0.934,1.6942237756977e-83,"0","CD86"
2.91630624985467e-85,0.467660712255892,1,1,6.64917824966866e-83,"0","CD11b-1"
1.25012626128941e-80,0.891853075238837,1,0.999,2.85028787573985e-78,"0","CD11b-2"
6.22614505297455e-79,0.742626198733619,1,0.996,1.4195610720782e-76,"0","CD172a"
1.69000678984314e-73,0.656441593158852,1,0.998,3.85321548084236e-71,"0","CD61"
7.01215956873879e-73,0.342936921877713,1,1,1.59877238167244e-70,"0","CD93"
1.39714573162693e-72,0.440702957453347,1,1,3.1854922681094e-70,"0","CD31"
2.39893065120761e-71,0.927127052632381,1,0.914,5.46956188475335e-69,"0","CD354"
1.88002430451984e-70,0.999292816070444,1,0.989,4.28645541430524e-68,"0","CD64"
5.23251207427811e-68,0.495619837070359,1,1,1.19301275293541e-65,"0","CD35"
2.28522586329915e-65,0.627403793669543,1,0.998,5.21031496832206e-63,"0","CD11c"
9.4158749126168e-63,1.14340040925367,0.999,0.689,2.14681948007663e-60,"0","CD36"
5.15131273513926e-62,1.03850857890038,1,0.93,1.17449930361175e-59,"0","Folate"
5.4934472621696e-60,1.16030791470415,1,0.984,1.25250597577467e-57,"0","CLEC12A"
3.09852704211991e-59,0.717489229527704,1,0.952,7.06464165603339e-57,"0","CD39"
2.57307616418792e-56,0.449866399827161,1,1,5.86661365434845e-54,"0","CD63"
9.67595163063381e-56,0.857294774864799,1,0.897,2.20611697178451e-53,"0","CD275-1"
2.55284380077137e-55,0.65697394067915,1,0.947,5.82048386575872e-53,"0","CD141"
1.38495083169194e-53,0.412011334755809,1,0.998,3.15768789625762e-51,"0","CD205"
1.57978863521112e-52,0.50263382790783,1,0.994,3.60191808828134e-50,"0","CD325"
5.04850180522993e-50,0.584817831119041,1,0.965,1.15105841159242e-47,"0","CD119"
5.37095647257919e-50,0.750756422237371,0.999,0.849,1.22457807574806e-47,"0","CD68"
3.30916514842996e-47,0.424078274910878,1,0.995,7.54489653842031e-45,"0","CD366"
4.87777601218826e-46,0.63048583788385,1,0.967,1.11213293077892e-43,"0","CD69"
3.15298805505468e-45,0.450245882393931,1,0.999,7.18881276552467e-43,"0","CD55"
1.42557825716725e-42,0.508197831951701,0.999,0.96,3.25031842634133e-40,"0","CD138-1"
4.19982762215904e-40,0.356875666031077,1,0.999,9.57560697852261e-38,"0","CD305"
2.18429338637778e-38,0.433582687601268,1,0.999,4.98018892094134e-36,"0","CD9"
3.12686971294923e-37,0.471534799060732,1,0.972,7.12926294552425e-35,"0","CD370"
3.89656779145956e-36,0.267174330436265,1,1,8.8841745645278e-34,"0","CD41"
8.41381410795284e-36,0.341028861039496,1,0.991,1.91834961661325e-33,"0","CD324"
2.89668290638859e-35,0.437138607067967,1,0.972,6.60443702656599e-33,"0","Siglec-8"
5.35245365871979e-34,0.401439545150576,1,0.994,1.22035943418811e-31,"0","CD71"
1.05321884950952e-31,0.390010757417855,1,0.982,2.40133897688171e-29,"0","CD34"
2.64246690341081e-29,0.348080060563472,1,0.992,6.02482453977665e-27,"0","CD194"
5.00286948447546e-29,0.284979427514251,1,0.999,1.14065424246041e-26,"0","CD107a"
9.11234719868031e-28,0.525064737990637,0.999,0.941,2.07761516129911e-25,"0","CD163"
7.09379670486461e-26,0.260939199842183,1,0.984,1.61738564870913e-23,"0","HLA-DR"
4.21542894405301e-25,0.337494399571061,1,0.992,9.61117799244086e-23,"0","CCR10"
4.72412741665211e-25,0.431470018114488,1,0.958,1.07710105099668e-22,"0","CD338"
2.12712495581508e-24,0.320185032734084,1,0.994,4.84984489925839e-22,"0","MERTK"
3.83904051815493e-24,0.93406963052093,0.965,0.791,8.75301238139325e-22,"0","CD169"
4.27967513220373e-24,0.528353756357065,0.99,0.809,9.7576593014245e-22,"0","CD319"
2.47429199623211e-21,0.403167323061925,0.999,0.951,5.64138575140922e-19,"0","CD66b"
1.02472603099704e-20,0.307492398611787,1,0.974,2.33637535067325e-18,"0","CD243"
1.67703515857849e-20,0.293446707003999,1,0.989,3.82364016155896e-18,"0","CD202b"
3.05021357400152e-20,0.412682783921221,1,0.993,6.95448694872346e-18,"0","CD13"
3.11659150491414e-19,0.357329820447909,0.999,0.956,7.10582863120423e-17,"0","CD110"
2.75989879620931e-18,0.417684289874821,0.996,0.894,6.29256925535722e-16,"0","C5L2"
4.98644120290021e-18,0.715649636874908,0.929,0.628,1.13690859426125e-15,"0","CD185"
5.5808605252231e-18,0.263898085589681,1,0.996,1.27243619975087e-15,"0","CD49b"
6.34876583936344e-17,0.307996366033763,1,0.988,1.44751861137486e-14,"0","CD138-2"
8.41777873802948e-16,0.588468547810179,0.89,0.563,1.91925355227072e-13,"0","Podoplanin"
3.05038278340068e-15,0.33291521884826,0.994,0.859,6.95487274615355e-13,"0","CD123"
7.14437471930923e-15,0.281833952102205,0.999,0.959,1.62891743600251e-12,"0","LOX-1"
1.37370899069953e-14,0.258612722852738,1,0.979,3.13205649879493e-12,"0","CD54"
1.21619294902696e-13,0.52458391736719,0.918,0.608,2.77291992378146e-11,"0","CD115"
5.72207531366213e-13,0.297403776762418,1,0.989,1.30463317151497e-10,"0","Rat-IgG1-1"
2.20842128987366e-12,0.401388901222943,0.972,0.766,5.03520054091195e-10,"0","CD294"
2.85591834133574e-12,0.328459564410521,0.988,0.863,6.5114938182455e-10,"0","VEGFR-3"
2.60944083512529e-11,0.432887377456101,0.987,0.807,5.94952510408565e-09,"0","CD30"
3.74103105418377e-11,0.77981040917291,0.335,0.138,8.52955080353899e-09,"0","TSLPR"
6.20812854600208e-11,0.296485165403951,0.988,0.857,1.41545330848847e-08,"0","CD235ab"
1.32090749065689e-10,0.259735341769166,0.922,0.697,3.0116690786977e-08,"0","CD158f"
2.47304481413669e-10,0.253588848621972,0.939,0.743,5.63854217623166e-08,"0","CD140b"
6.09734568493807e-10,0.362212218594204,0.98,0.81,1.39019481616588e-07,"0","CD126"
1.73757648215879e-09,0.266117900979853,0.997,0.92,3.96167437932205e-07,"0","CD154"
1.78170847006257e-09,0.310291019757466,0.975,0.797,4.06229531174266e-07,"0","CD192"
5.39415449620506e-09,0.253740459389184,0.99,0.879,1.22986722513475e-06,"0","Rag-IgG2c"
2.47795539339845e-08,0.272388490660296,0.998,0.95,5.64973829694847e-06,"0","CD45-1"
1.06055116792579e-07,0.255646485610681,0.945,0.758,2.4180566628708e-05,"0","CD105"
0.000146395344283374,0.263097398256412,0.947,0.751,0.0333781384966092,"0","CD307d"
4.43285647972402e-100,0.74687825263667,1,0.999,1.01069127737708e-97,"1","CD28"
1.42597659307722e-91,0.598323107803291,1,1,3.25122663221605e-89,"1","CD4-1"
4.16700140386729e-91,1.28191728609106,0.996,0.864,9.50076320081743e-89,"1","CD4-2"
4.30480961285493e-87,0.792158744528022,1,0.994,9.81496591730925e-85,"1","CD45RO"
6.21828530208569e-83,0.807746346740354,1,0.992,1.41776904887554e-80,"1","CD278"
6.79308986525329e-73,0.867496107691587,1,0.996,1.54882448927775e-70,"1","CD127"
1.62737289579686e-64,0.656978602004099,1,0.998,3.71041020241684e-62,"1","CD2"
5.1549217476655e-64,0.462906787209167,1,1,1.17532215846773e-61,"1","CD109"
1.46051215024512e-60,0.891076818775074,0.996,0.981,3.32996770255888e-58,"1","CD25"
2.55425059053523e-60,0.542561510746956,1,0.992,5.82369134642032e-58,"1","CD194"
3.11375259298875e-58,0.556293594149242,1,0.994,7.09935591201434e-56,"1","CD325"
3.83027171919714e-50,0.827675357798301,0.998,0.898,8.73301951976947e-48,"1","CD275-1"
1.40513595874942e-46,0.61112277966004,0.999,0.995,3.20370998594867e-44,"1","CD26-2"
1.72203934629941e-43,0.638125449050111,1,0.998,3.92624970956266e-41,"1","CD3-1"
9.5666130860623e-40,0.522699728653,0.997,0.961,2.1811877836222e-37,"1","CD138-1"
1.72040919737207e-39,0.54804116268467,1,1,3.92253297000833e-37,"1","CD27"
3.38786547713625e-38,0.396837308086965,1,0.999,7.72433328787064e-36,"1","TCR-2"
1.88469314657628e-37,0.631832397366498,1,0.999,4.29710037419392e-35,"1","CD3-2"
4.46933694845897e-35,0.431224157761664,0.999,0.972,1.01900882424865e-32,"1","CD370"
1.83046266394247e-34,0.471823675141387,0.999,0.972,4.17345487378883e-32,"1","Siglec-8"
3.26816251433614e-31,0.355546613384574,0.999,0.992,7.45141053268641e-29,"1","Galectin-9"
1.03066900434074e-30,0.384686374075974,1,0.991,2.34992532989689e-28,"1","CD324"
1.50873603378465e-30,0.559478330499515,0.993,0.947,3.439918157029e-28,"1","CD96"
4.47664119310374e-30,0.3590008758573,1,0.989,1.02067419202765e-27,"1","CD202b"
2.83235408565209e-29,0.341411521727729,0.999,0.985,6.45776731528677e-27,"1","Rat-IgG1-2"
5.02683320015603e-27,0.552570534713134,0.98,0.852,1.14611796963558e-24,"1","CD68"
3.65960991891098e-26,0.357362593069053,1,0.989,8.34391061511703e-24,"1","Rat-IgG1-1"
1.47828999244921e-25,0.383065448306602,0.999,0.975,3.37050118278421e-23,"1","CD56-1"
1.23972850689565e-24,0.351029320398462,0.999,0.987,2.82658099572207e-22,"1","CD144"
9.792531943213e-23,0.864133061394523,0.862,0.636,2.23269728305256e-20,"1","CD185"
3.0004158439721e-22,0.36838549272109,0.994,0.96,6.84094812425639e-20,"1","LOX-1"
5.65337850957844e-22,0.265645369089661,0.999,0.992,1.28897030018388e-19,"1","CCR10"
1.55968741074631e-21,0.599632427013555,0.947,0.814,3.55608729650158e-19,"1","CD126"
5.18621372911614e-20,0.392820407565943,0.997,0.958,1.18245673023848e-17,"1","CD338"
2.72807462058714e-17,0.415220987958952,0.987,0.929,6.22001013493867e-15,"1","CD83"
2.04520795208544e-15,0.327174669299395,0.984,0.939,4.6630741307548e-13,"1","CD223"
9.06036698572709e-15,0.250826849420048,0.998,0.975,2.06576367274578e-12,"1","CD243"
5.49349269024047e-13,0.493243012871535,0.918,0.772,1.25251633337483e-10,"1","CD294"
8.33593237614932e-13,0.254598449271344,0.948,0.883,1.90059258176205e-10,"1","Rag-IgG2c"
1.35065313715677e-12,0.266295494684448,0.981,0.917,3.07948915271744e-10,"1","CD24"
3.8317080805888e-12,0.529246898601617,0.8,0.62,8.73629442374246e-10,"1","CD115"
4.82217328638749e-12,0.564821062277761,0.855,0.729,1.09945550929635e-09,"1","CD273"
3.00620452257441e-11,0.481846560932621,0.945,0.812,6.85414631146965e-09,"1","CD30"
5.78434180534291e-11,0.339436527439432,0.91,0.81,1.31882993161818e-08,"1","CD1a"
8.51823369003601e-11,0.256914100620926,0.99,0.951,1.94215728132821e-08,"1","CD45-1"
3.45760108791052e-10,0.340883932917367,0.994,0.968,7.88333048043599e-08,"1","CD357"
1.34738931807913e-09,0.350952623109948,0.864,0.751,3.07204764522042e-07,"1","CD140b"
1.4149778036041e-09,0.264902591485609,0.891,0.824,3.22614939221735e-07,"1","TIGIT"
1.86167841367656e-09,0.313268917271546,0.953,0.867,4.24462678318256e-07,"1","VEGFR-3"
1.91131756854598e-09,0.507313052187857,0.751,0.577,4.35780405628484e-07,"1","Podoplanin"
7.05080147348976e-09,0.286011625220666,0.98,0.922,1.60758273595567e-06,"1","CD154"
1.46553994056719e-08,0.293640756005986,0.997,0.994,3.34143106449319e-06,"1","CD279"
1.81391000152562e-08,0.31968639964051,0.93,0.816,4.13571480347841e-06,"1","CD319"
2.88100991186327e-08,0.259098184395384,0.94,0.861,6.56870259904825e-06,"1","CD235ab"
4.93441155875477e-08,0.438540151041123,0.887,0.817,1.12504583539609e-05,"1","CD117"
1.4218159477291e-07,0.294200385666838,0.974,0.927,3.24174036082235e-05,"1","CD90"
1.40079881354616e-06,0.414141880065587,0.884,0.811,0.000319382129488525,"1","CD161"
3.108758991185e-06,0.28060693596481,0.856,0.76,0.00070879704999018,"1","CD307d"
3.34946156833774e-06,0.393946885060582,0.932,0.891,0.000763677237581006,"1","CD146"
5.29388333722291e-06,0.357491339239853,0.821,0.707,0.00120700540088682,"1","CD158f"
1.17777710829932e-05,0.309195580484924,0.76,0.658,0.00268533180692246,"1","CD137"
4.82080373207715e-05,0.337803305480001,0.785,0.672,0.0109914325091359,"1","Rat-IgG2b"
0.000666687483634382,0.268024074575368,0.68,0.595,0.152004746268639,"1","CD309"
0.00355830562641836,0.286323223610391,0.719,0.629,0.811293682823386,"1","CD284"
0.00623222758081168,0.262395842723148,0.856,0.767,1,"1","CD105"
1.65284683256757e-139,1.1347333580115,1,1,3.76849077825406e-137,"2","CD307e"
3.45708592963189e-137,0.943329218041005,1,1,7.88215591956071e-135,"2","CD109"
7.56645118541278e-124,1.140553837922,0.999,0.978,1.72515087027411e-121,"2","CD106"
8.82391025213141e-123,0.971288917765625,1,0.99,2.01185153748596e-120,"2","CD209"
2.61890554142184e-111,0.838989518343787,1,0.999,5.97110463444179e-109,"2","CD3-2"
4.90457502755313e-108,1.3432903240208,0.998,0.865,1.11824310628211e-105,"2","CD4-2"
2.84520473819411e-107,0.907915189992199,1,1,6.48706680308258e-105,"2","CD27"
4.38391691999474e-95,0.58629352508507,1,1,9.99533057758801e-93,"2","CD4-1"
2.02868112339882e-94,0.966759878138551,0.999,0.982,4.62539296134931e-92,"2","CD45RB"
1.62640940172014e-90,0.781857723247551,1,0.998,3.70821343592193e-88,"2","CD3-1"
4.24037679074482e-80,0.68031916530683,1,0.999,9.66805908289819e-78,"2","TCR-2"
8.72562648741957e-79,0.772678322492791,0.992,0.955,1.98944283913166e-76,"2","GP130"
5.31911530062796e-60,0.559858897216456,1,0.999,1.21275828854317e-57,"2","CD28"
4.40766239776594e-56,0.544770840469095,0.999,0.995,1.00494702669063e-53,"2","CD26-2"
1.1249943048091e-54,0.273677431246783,1,1,2.56498701496474e-52,"2","CD52"
1.32077353381828e-53,0.681386679386426,1,0.992,3.01136365710568e-51,"2","CD278"
4.50169428721092e-47,0.552597605658016,0.999,0.996,1.02638629748409e-44,"2","CD127"
6.29304330952279e-26,0.472251676256608,0.994,0.991,1.4348138745712e-23,"2","CD45RA"
9.35968255111215e-19,0.442563665360898,1,0.998,2.13400762165357e-16,"2","CD2"
1.63268399891633e-17,0.298390805789833,0.991,0.987,3.72251951752924e-15,"2","CD200"
5.87091664407368e-14,0.341189840626547,0.972,0.949,1.3385689948488e-11,"2","CD96"
9.56001970029353e-10,0.431345445999816,0.883,0.819,2.17968449166692e-07,"2","CD126"
0.000107337159944101,0.252696802920282,0.858,0.886,0.0244728724672551,"2","CD303"
1.25889391883362e-149,1.19660546499178,1,1,2.87027813494064e-147,"3","CD307e"
3.5558924392091e-146,1.00182102322086,1,1,8.10743476139674e-144,"3","CD109"
2.33866638988907e-140,1.2921282910406,1,0.978,5.33215936894708e-138,"3","CD106"
2.53087081370566e-137,1.12296898488105,1,0.99,5.7703854552489e-135,"3","CD209"
1.08434815383418e-119,0.612900904951961,1,1,2.47231379074194e-117,"3","CD4-1"
4.02198445951464e-115,0.772108524462906,1,0.999,9.17012456769339e-113,"3","CD28"
4.47466088459015e-111,1.35569999617163,0.997,0.865,1.02022268168655e-108,"3","CD4-2"
5.72999507299448e-105,0.928636953210858,1,0.994,1.30643887664274e-102,"3","CD45RO"
4.03899600578441e-91,0.899833763049562,1,0.996,9.20891089318846e-89,"3","CD127"
5.0886099977394e-91,0.73654754914119,1,0.998,1.16020307948458e-88,"3","CD2"
1.17296949256057e-74,0.932264187231584,0.996,0.981,2.6743704430381e-72,"3","CD25"
1.49108340717001e-67,0.951325584993356,0.999,0.995,3.39967016834762e-65,"3","CD26-2"
1.779270771649e-63,0.833993289788284,0.991,0.948,4.05673735935973e-61,"3","CD96"
3.79061193519687e-61,0.666182125455723,1,0.999,8.64259521224887e-59,"3","CD3-2"
1.98729184074918e-57,0.325352018608836,1,1,4.53102539690814e-55,"3","CD52"
9.59097102818291e-51,0.327089402869106,1,1,2.1867413944257e-48,"3","CD99"
9.95927605566652e-46,0.598152840516427,1,0.998,2.27071494069197e-43,"3","CD3-1"
6.25219099833929e-44,0.56623575424089,0.997,0.994,1.42549954762136e-41,"3","CD279"
7.20558482796383e-43,0.397953262206347,1,0.999,1.64287334077575e-40,"3","TCR-2"
7.39812861241789e-41,0.537656140908753,1,1,1.68677332363128e-38,"3","CD27"
2.83243845329228e-34,0.48477152983941,0.999,0.992,6.45795967350641e-32,"3","CD278"
4.03802274662254e-30,0.346914237558232,0.999,0.994,9.20669186229938e-28,"3","CD122"
7.58647525451865e-19,0.26209866132131,1,0.999,1.72971635803025e-16,"3","CD95"
7.0117308356781e-18,0.804388253155296,0.847,0.814,1.59867463053461e-15,"3","CD161"
3.38397163475798e-14,0.334241217001779,0.998,0.992,7.7154553272482e-12,"3","CD49a"
4.4595330776559e-13,0.253773133083073,0.975,0.973,1.01677354170555e-10,"3","CD134"
1.0165186255708e-09,0.49419592659309,0.758,0.736,2.31766246630143e-07,"3","CD273"
6.56072284884105e-05,0.281874055363616,0.857,0.821,0.0149584480953576,"3","CD126"
0.0018742856732724,0.405801530419264,0.8,0.824,0.427337133506108,"3","CD117"
0.00535845246079844,0.381965913304778,0.883,0.895,1,"3","CD146"
1.71676327951757e-92,0.639215351400284,1,0.994,3.91422027730007e-90,"4","CD325"
1.33755123859608e-82,0.778974222055609,1,0.998,3.04961682399906e-80,"4","CD3-1"
6.16571634819354e-80,0.66036606511359,1,0.999,1.40578332738813e-77,"4","TCR-2"
3.54750158969119e-79,0.679052669178881,0.999,0.961,8.08830362449591e-77,"4","CD138-1"
4.57178948219213e-77,1.23778874596478,0.999,0.866,1.0423680019398e-74,"4","CD4-2"
6.80557190951877e-77,0.575053703745245,1,1,1.55167039537028e-74,"4","CD4-1"
1.84522388998009e-69,0.980680276353147,0.999,0.9,4.20711046915461e-67,"4","CD275-1"
3.35031161608151e-64,0.726718546123912,1,0.999,7.63871048466585e-62,"4","CD3-2"
1.13526209765659e-63,0.438089502296914,1,0.992,2.58839758265702e-61,"4","CD194"
1.03805813167211e-60,0.553745687050953,0.999,0.972,2.36677254021241e-58,"4","Siglec-8"
2.96326138360934e-58,0.460191097600974,0.999,0.991,6.75623595462929e-56,"4","CD324"
3.66363038608602e-58,0.747231759672796,1,1,8.35307728027613e-56,"4","CD27"
1.04432510032043e-57,0.755163558451212,1,0.982,2.38106122873059e-55,"4","CD45RB"
7.34275117298715e-54,0.652659012049813,1,0.992,1.67414726744107e-51,"4","CD278"
3.33023925592634e-47,0.484493985494505,1,0.995,7.59294550351205e-45,"4","CD26-2"
5.76627844373424e-45,0.627648418113508,0.999,0.955,1.31471148517141e-42,"4","GP130"
5.86240641651597e-45,0.384680810299585,0.999,0.989,1.33662866296564e-42,"4","CD202b"
2.38646136869833e-44,0.445776168370427,1,0.975,5.4411319206322e-42,"4","CD56-1"
6.46406669970484e-44,0.451052111018644,0.997,0.969,1.4738072075327e-41,"4","CD357"
2.5724835753025e-43,0.623643303738427,1,0.996,5.86526255168969e-41,"4","CD127"
9.20848904453566e-42,0.503687605913878,1,0.999,2.09953550215413e-39,"4","CD28"
3.04001079924482e-41,0.444963763001394,1,0.973,6.93122462227819e-39,"4","CD370"
1.02579872628723e-40,0.39609783525903,0.999,0.987,2.33882109593488e-38,"4","CD144"
2.73624847263307e-38,0.351278525282142,1,1,6.23864651760341e-36,"4","CD109"
1.55489441801819e-37,0.496797075754601,0.999,0.959,3.54515927308148e-35,"4","CD338"
1.42769894252642e-34,0.384609445723494,1,0.985,3.25515358896025e-32,"4","Rat-IgG1-2"
1.07120851245785e-30,0.58040055647044,0.984,0.854,2.4423554084039e-28,"4","CD68"
1.96136889509546e-30,0.441888941596376,0.996,0.96,4.47192108081764e-28,"4","LOX-1"
2.78420605138404e-30,0.336300379125619,0.997,0.975,6.34798979715561e-28,"4","CD243"
1.69065133828118e-29,1.08137530793256,0.89,0.639,3.85468505128109e-27,"4","CD185"
5.54414731538945e-28,0.339535737620767,0.999,0.988,1.2640655879088e-25,"4","CD138-2"
1.06917543106902e-27,0.562709658494959,0.922,0.775,2.43771998283737e-25,"4","CD294"
4.70874018668349e-24,0.367022688449093,0.999,0.989,1.07359276256384e-21,"4","Rat-IgG1-1"
1.25943701242321e-23,0.589302579782197,0.96,0.816,2.87151638832492e-21,"4","CD126"
4.6786262235367e-23,0.419451790247899,0.99,0.94,1.06672677896637e-20,"4","CD223"
2.04461405707119e-21,0.286722198545019,0.999,0.992,4.66172005012232e-19,"4","Galectin-9"
3.18605101882871e-20,0.474660259215637,0.986,0.93,7.26419632292946e-18,"4","CD83"
5.33363995147919e-20,0.476668258123519,0.94,0.814,1.21606990893726e-17,"4","CD30"
5.92245526450729e-18,0.257004827029209,1,0.999,1.35031980030766e-15,"4","Integrin-7"
7.42490090009675e-18,0.354050543639392,0.984,0.918,1.69287740522206e-15,"4","CD24"
7.98269320551809e-18,0.366857902507227,0.952,0.869,1.82005405085812e-15,"4","VEGFR-3"
3.33053575080168e-16,0.28959072644433,0.963,0.899,7.59362151182784e-14,"4","C5L2"
9.09816162961299e-16,0.643387958155146,0.769,0.58,2.07438085155176e-13,"4","Podoplanin"
1.59182759661941e-15,0.297873953697454,0.948,0.885,3.62936692029226e-13,"4","Rag-IgG2c"
7.97182427734813e-15,0.574130606408542,0.806,0.623,1.81757593523537e-12,"4","CD115"
8.20323941940297e-11,0.317976034421595,0.979,0.923,1.87033858762388e-08,"4","CD154"
8.70099553451566e-10,0.440206557844488,0.831,0.708,1.98382698186957e-07,"4","CD158f"
1.64693756950252e-09,0.48523539584399,0.884,0.752,3.75501765846574e-07,"4","CD140b"
2.59707501549143e-09,0.363790416092446,0.935,0.818,5.92133103532046e-07,"4","CD319"
2.97597403020243e-09,0.350289786937058,0.902,0.812,6.78522078886154e-07,"4","CD1a"
3.04196092139183e-09,0.275449703951798,0.937,0.863,6.93567090077337e-07,"4","CD235ab"
1.32796719884201e-07,0.269825587241221,0.971,0.928,3.02776521335978e-05,"4","CD90"
1.62045288817514e-07,0.402656853810274,1,0.998,3.69463258503931e-05,"4","CD2"
4.39763633949292e-07,0.298735441560477,0.852,0.762,0.000100266108540438,"4","CD307d"
1.25751099786847e-06,0.402560883843954,0.787,0.673,0.000286712507514012,"4","Rat-IgG2b"
1.39990592077879e-06,0.302858741786956,0.716,0.63,0.000319178549937565,"4","CD284"
6.59017082786556e-06,0.276468166762252,0.862,0.778,0.00150255894875335,"4","CD204"
4.11777516912297e-143,2.31469762347487,0.997,0.816,9.38852738560036e-141,"5","CD335"
1.16517261203059e-141,1.26385643943174,1,0.994,2.65659355542975e-139,"5","CD122"
3.13617530661145e-140,1.42511629942029,1,1,7.15047969907411e-138,"5","CD16"
4.12112014057065e-132,0.444102766206541,1,1,9.39615392050109e-130,"5","CD43"
6.06055941467511e-126,1.58949622687659,1,0.967,1.38180754654592e-123,"5","CD56-2"
1.55774928258272e-122,0.728671104012616,1,1,3.55166836428859e-120,"5","CD244"
1.79821992520904e-107,0.904029604985436,1,0.998,4.09994142947661e-105,"5","CD38-2"
7.25206032575497e-107,0.852349809338518,1,1,1.65346975427213e-104,"5","CD38-1"
3.35566978652729e-106,1.51909373492093,0.984,0.91,7.65092711328221e-104,"5","CD337"
4.34115253240542e-95,0.917840514842011,0.998,0.975,9.89782777388437e-93,"5","CD56-1"
4.16226684184226e-92,0.922033806359725,1,0.991,9.48996839940035e-90,"5","CD45RA"
1.60649843697381e-71,1.3286668970288,0.952,0.809,3.66281643630029e-69,"5","CD161"
1.16792095997785e-61,0.678968316590145,1,0.997,2.6628597887495e-59,"5","CD314"
1.1283853915854e-47,0.297464269811444,1,1,2.57271869281472e-45,"5","CD57"
1.74531607899129e-42,0.527376102454595,0.997,0.991,3.97932066010015e-40,"5","CX3CR1"
1.6934210503487e-36,0.48944887261666,0.991,0.99,3.86099999479503e-34,"5","CD271"
9.29851972676823e-27,1.43012017102504,0.971,0.969,2.12006249770316e-24,"5","CD158b"
3.62556565413742e-26,0.251991730566397,1,1,8.26628969143332e-24,"5","CD99"
6.25084744009196e-24,0.541827313457102,0.931,0.913,1.42519321634097e-21,"5","CD307c/FcRL3"
1.21829676715452e-20,0.566945982865334,0.857,0.827,2.77771662911231e-18,"5","TIGIT"
2.57900802389452e-16,0.341702699782826,0.99,0.961,5.88013829447951e-14,"5","TIM-4"
1.75626458519613e-11,0.680996082109938,0.999,0.999,4.00428325424718e-09,"5","CD158e1"
1.90427818920945e-137,1.23368715994822,1,0.996,4.34175427139756e-135,"6","CD49b"
3.39565144443834e-122,0.523647282160216,1,1,7.74208529331941e-120,"6","CD62P"
2.60734341652548e-121,0.7450981788524,1,1,5.9447429896781e-119,"6","CD41"
3.02173239469104e-117,0.954942310930458,1,0.996,6.88954985989558e-115,"6","CD42b"
5.0311510503144e-117,0.781186653110832,1,0.998,1.14710243947168e-114,"6","CD29"
2.26928809769503e-116,0.991750192512708,1,0.999,5.17397686274467e-114,"6","CD9"
9.86541394432104e-115,1.64902959457256,1,0.704,2.2493143793052e-112,"6","CD36"
8.35204024679854e-114,0.529963858319707,1,1,1.90426517627007e-111,"6","CLEC2"
4.35271290160916e-110,1.25582389687716,1,0.989,9.92418541566889e-108,"6","CD64"
7.78777061619476e-110,0.753764024303275,1,1,1.77561170049241e-107,"6","CD63"
4.08986442877294e-108,0.53636704670176,1,1,9.3248908976023e-106,"6","CD31"
1.11331230726646e-106,0.679101829245525,1,1,2.53835206056753e-104,"6","CD35"
6.5183878453715e-105,0.72930978655645,1,0.999,1.4861924287447e-102,"6","CD55"
1.29626121619434e-102,0.971501922723045,1,0.993,2.95547557292309e-100,"6","CD13"
2.50884766783097e-102,0.434063436177905,1,1,5.72017268265461e-100,"6","CD93"
1.02466614039454e-101,1.28694685256703,1,0.985,2.33623880009956e-99,"6","CLEC12A"
3.3200700220374e-99,1.03211403224879,1,0.999,7.56975965024528e-97,"6","CD11b-2"
4.22174728399503e-97,0.763720988214452,1,0.998,9.62558380750866e-95,"6","CD61"
3.15451738083998e-96,1.76543994241381,0.982,0.799,7.19229962831514e-94,"6","CD169"
1.78041587357172e-95,0.922503266824653,0.999,0.958,4.05934819174351e-93,"6","CD110"
3.65562587081394e-95,0.547933780160813,1,0.999,8.33482698545579e-93,"6","CD226"
1.46342802232387e-94,1.45116975246655,1,0.749,3.33661589089843e-92,"6","CD155"
4.3274575855193e-94,0.874703121252955,0.999,0.969,9.866603294984e-92,"6","CD69"
3.56346134626223e-86,0.319443585224767,1,1,8.12469186947788e-84,"6","CD18"
1.82588375738884e-84,0.506086657829223,1,1,4.16301496684656e-82,"6","CD11b-1"
4.29291397055416e-79,0.970940411869255,0.999,0.918,9.78784385286349e-77,"6","CD354"
1.36360028233476e-78,0.730345514579065,1,0.998,3.10900864372325e-76,"6","CD11c"
3.31416064545074e-77,0.906653625087186,0.996,0.877,7.55628627162769e-75,"6","CD164"
1.9405649455584e-75,0.443704113903835,1,0.999,4.42448807587316e-73,"6","CD95"
6.25902754189819e-74,0.452304925051626,1,0.999,1.42705827955279e-71,"6","CD107a"
2.38282554509926e-72,0.743049011625204,1,0.993,5.43284224282631e-70,"6","CD14"
5.92116150667249e-68,0.708145135827527,1,0.967,1.35002482352133e-65,"6","CD119"
1.35620313639405e-65,0.9526770156901,1,0.938,3.09214315097844e-63,"6","CD86"
1.38356065818167e-60,0.659912080973303,0.999,0.961,3.1545183006542e-58,"6","TIM-4"
5.26297414101755e-59,0.328359568396766,1,1,1.199958104152e-56,"6","CD44-1"
6.44662304990164e-59,0.555988480801771,1,0.996,1.46983005537757e-56,"6","CD172a"
5.46560778059914e-56,0.856405718971527,0.987,0.805,1.2461585739766e-53,"6","CD192"
1.59512602144852e-54,0.803888050954592,0.995,0.937,3.63688732890262e-52,"6","CD15"
5.86960035186676e-53,0.559374961459091,0.998,0.968,1.33826888022562e-50,"6","CD112"
3.43116653434109e-50,0.577647892427297,0.996,0.944,7.82305969829769e-48,"6","CD163"
2.76614303964149e-45,0.68721197481975,1,0.954,6.30680613038259e-43,"6","CD39"
3.58102945018518e-45,0.371178974655819,1,0.998,8.16474714642222e-43,"6","CD196"
5.70119931009367e-45,0.544123232744181,0.999,0.98,1.29987344270136e-42,"6","CD54"
5.85130487332019e-42,0.76807429766576,0.992,0.933,1.334097511117e-39,"6","Folate"
3.13164713858396e-41,0.364114792331415,1,0.995,7.14015547597142e-39,"6","CD366"
2.72846133445139e-38,0.329769354503408,1,1,6.22089184254917e-36,"6","CD38-1"
2.36747750818462e-37,0.364945039479432,1,0.994,5.39784871866093e-35,"6","CD71"
7.92537953694353e-37,0.339840738828762,1,0.999,1.80698653442313e-34,"6","CD305"
9.087088482253e-35,0.428282442485016,0.998,0.95,2.07185617395368e-32,"6","CD141"
1.41558762533081e-30,0.340909502340444,1,1,3.22753978575425e-28,"6","CD244"
4.82643999049845e-30,0.749754072828285,0.984,0.907,1.10042831783365e-27,"6","CD304"
1.66459209784925e-29,0.279827008995643,1,0.998,3.79526998309629e-27,"6","CD205"
4.742548030143e-29,0.514332915845787,0.997,0.952,1.0813009508726e-26,"6","CD235a"
7.96922775891047e-29,0.387916499079775,1,0.993,1.81698392903159e-26,"6","CD49a"
1.31795078560698e-28,0.267304493053886,1,0.998,3.00492779118392e-26,"6","CD38-2"
2.66776034217531e-28,0.482333605017102,0.998,0.956,6.08249358015971e-26,"6","GP130"
2.71986582156595e-28,0.3198178637516,0.993,0.954,6.20129407317036e-26,"6","CD98"
9.73723788352814e-28,0.434699151057603,0.973,0.868,2.22009023744442e-25,"6","CD85g"
7.14476435925015e-27,0.335333407371607,1,0.986,1.62900627390903e-24,"6","CD275-2"
9.8332434070247e-24,0.494853317878612,0.991,0.919,2.24197949680163e-21,"6","CD66a/c/e"
5.05412896885859e-22,1.59797917124014,0.428,0.143,1.15234140489976e-19,"6","TSLPR"
2.35258513588875e-20,0.356563349409452,0.998,0.98,5.36389410982635e-18,"6","CD59"
9.66565499243527e-12,0.302030425113437,0.99,0.956,2.20376933827524e-09,"6","CD133-2"
1.13301524136008e-10,0.328964654331213,0.983,0.831,2.58327475030098e-08,"6","CD1d"
4.60805215561943e-09,0.374683133173982,0.977,0.885,1.05063589148123e-06,"6","CD274"
1.50161160573273e-104,1.5827791279479,1,0.989,3.42367446107063e-102,"7","CD8"
2.54373989066369e-94,1.00439365905437,1,1,5.79972695071322e-92,"7","CD8a"
6.76082799817672e-91,0.773189618028334,1,1,1.54146878358429e-88,"7","CD73"
2.82435801480317e-87,0.852700183090403,1,0.997,6.43953627375122e-85,"7","CD314"
1.377715871105e-82,0.611896469777192,1,0.994,3.1411921861194e-80,"7","CD325"
4.09864750289307e-73,0.998418460121914,0.999,0.902,9.34491630659621e-71,"7","CD275-1"
1.71388477710421e-71,0.673523206649143,0.999,0.962,3.9076572917976e-69,"7","CD138-1"
2.18864580277562e-70,0.750070506056777,1,1,4.99011243032842e-68,"7","CD27"
3.30374911001488e-68,0.813309860107685,1,0.982,7.53254797083392e-66,"7","CD45RB"
5.12242389323891e-62,0.728040007676786,1,0.991,1.16791264765847e-59,"7","CD45RA"
2.80489606316907e-61,0.43542367461084,1,0.992,6.39516302402549e-59,"7","CD194"
2.60382445080287e-59,0.549918247832176,0.999,0.973,5.93671974783055e-57,"7","Siglec-8"
1.52671984165867e-56,0.455728849590503,1,0.992,3.48092123898178e-54,"7","CD324"
2.5554934625961e-53,0.552532216240761,1,0.999,5.82652509471912e-51,"7","Integrin-7"
8.13860995163393e-50,0.627957444967438,1,0.996,1.85560306897254e-47,"7","CD127"
1.98907555955918e-45,0.502516683582751,0.998,0.96,4.53509227579493e-43,"7","CD338"
3.10524370074209e-43,0.383114975242271,1,0.989,7.07995563769196e-41,"7","CD202b"
5.37845747230256e-41,0.368630847804881,1,0.989,1.22628830368498e-38,"7","Rat-IgG1-1"
5.46497912884251e-41,0.431984369022291,0.994,0.961,1.24601524137609e-38,"7","LOX-1"
6.76867488107085e-40,0.443956624584535,0.999,0.973,1.54325787288415e-37,"7","CD370"
5.22750930308853e-39,0.581968411344084,1,0.998,1.19187212110419e-36,"7","CD3-1"
1.52530724641245e-38,0.607825868949965,0.984,0.856,3.47770052182039e-36,"7","CD68"
1.96500523591108e-36,0.418607303947059,1,0.992,4.48021193787726e-34,"7","CD278"
2.66637932348284e-36,0.382594671022518,0.999,0.986,6.07934485754088e-34,"7","Rat-IgG1-2"
8.13997084701169e-35,0.377624159352033,0.999,0.987,1.85591335311867e-32,"7","CD144"
1.31713151221525e-34,0.55209150917973,0.995,0.949,3.00305984785076e-32,"7","CD96"
2.12435455749407e-33,0.445600975700359,0.995,0.969,4.84352839108648e-31,"7","CD357"
3.40268363502534e-30,0.32636200700777,0.999,0.989,7.75811868785777e-28,"7","CD138-2"
5.88625301575781e-30,0.307449845240533,1,0.995,1.34206568759278e-27,"7","CD26-2"
8.00080597848775e-30,0.449661630502967,0.987,0.931,1.82418376309521e-27,"7","CD83"
2.61161927419178e-28,0.333339217368483,1,0.999,5.95449194515725e-26,"7","TCR-2"
2.02069480437735e-27,0.28706908772477,1,0.992,4.60718415398035e-25,"7","Galectin-9"
8.27288800768453e-27,0.351736963640074,0.999,0.976,1.88621846575207e-24,"7","CD243"
9.51968510579732e-26,1.04422709687214,0.895,0.644,2.17048820412179e-23,"7","CD185"
2.76162960815021e-24,0.51291321827069,1,0.998,6.29651550658248e-22,"7","CD2"
4.6356012909806e-24,0.315511035883333,1,0.999,1.05691709434358e-21,"7","CD28"
9.68578586584017e-22,0.407517494305938,0.987,0.941,2.20835917741156e-19,"7","CD223"
2.27607608407544e-21,0.541009459100042,0.922,0.777,5.18945347169201e-19,"7","CD294"
3.03158883334134e-20,0.517012562896709,1,0.999,6.91202254001826e-18,"7","CD3-2"
8.8261401075946e-19,0.623793712835462,0.955,0.816,2.01235994453157e-16,"7","CD30"
4.73150025688127e-17,0.371638544300327,0.983,0.919,1.07878205856893e-14,"7","CD24"
2.10499021116269e-15,0.302130347136504,0.969,0.9,4.79937768145093e-13,"7","C5L2"
3.05412745126936e-15,0.285338381438446,0.992,0.954,6.96341058889413e-13,"7","CD66b"
2.45943324963973e-13,0.569583404437528,0.803,0.626,5.60750780917859e-11,"7","CD115"
1.1443259401558e-12,0.434682433688825,0.827,0.711,2.60906314355522e-10,"7","CD158f"
2.56471447663217e-12,0.377353557080837,0.958,0.87,5.84754900672135e-10,"7","VEGFR-3"
3.0011088379039e-12,0.292819987854331,0.978,0.924,6.8425281504209e-10,"7","CD154"
9.83335754338601e-12,0.472632636865744,0.881,0.754,2.24200551989201e-09,"7","CD140b"
8.58111156685717e-11,0.398227566591561,0.939,0.82,1.95649343724344e-08,"7","CD319"
1.26433932905255e-10,0.267694031760541,0.969,0.929,2.88269367023982e-08,"7","CD90"
6.20616858595107e-10,0.625517200469695,0.771,0.583,1.41500643759684e-07,"7","Podoplanin"
6.75830946880281e-10,0.419003654020827,0.795,0.675,1.54089455888704e-07,"7","Rat-IgG2b"
4.71350021777218e-09,0.281862790421679,0.942,0.864,1.07467804965206e-06,"7","CD235ab"
4.82416455580715e-08,0.346488946552104,0.901,0.814,1.09990951872403e-05,"7","CD1a"
9.24998647814728e-08,0.268421983512031,0.868,0.78,2.10899691701758e-05,"7","CD204"
2.78668947766898e-06,0.283250205388668,0.95,0.886,0.000635365200908527,"7","Rag-IgG2c"
0.000186336365633251,0.292536305441771,0.851,0.77,0.0424846913643813,"7","CD140a"
0.00122067260518382,0.261536287892424,0.848,0.764,0.27831335398191,"7","CD307d"
0.00670399608049319,0.277164214023724,0.716,0.632,1,"7","CD284"
1.16325782627344e-157,3.22307611605601,1,0.872,2.65222784390344e-155,"8","IgD"
8.59792955523226e-153,2.42128960645413,1,0.988,1.96032793859296e-150,"8","CD72"
1.58003662693553e-148,2.38608533917702,1,0.926,3.60248350941301e-146,"8","CD268"
8.91863671884588e-148,2.91216500375289,1,0.831,2.03344917189686e-145,"8","CD21"
7.74704719933479e-145,2.00823790528215,1,0.989,1.76632676144833e-142,"8","CD22"
2.76873312920539e-141,1.5544878516247,1,0.986,6.31271153458829e-139,"8","CD275-2"
1.06890135449353e-138,1.7203495954252,1,1,2.43709508824525e-136,"8","CD19"
8.07339069463293e-137,2.72187097392983,0.999,0.615,1.84073307837631e-134,"8","CD20"
1.42122921429657e-131,1.03000703502483,1,0.998,3.24040260859618e-129,"8","CD196"
4.18106568907834e-125,1.94951462168022,0.987,0.748,9.53282977109861e-123,"8","CD272"
6.44495209179719e-124,1.23474243367662,0.999,0.986,1.46944907692976e-121,"8","CD200"
6.23958908868407e-123,1.18713267954286,1,0.985,1.42262631221997e-120,"8","HLA-DR"
2.91190080088386e-92,1.33616100895003,0.99,0.918,6.63913382601521e-90,"8","CD1c"
1.59290991245658e-88,1.00379875920886,1,1,3.63183460040101e-86,"8","CD73"
2.60980109218873e-84,1.54957289338649,0.946,0.683,5.95034649019031e-82,"8","CD40"
9.93141221846102e-84,0.577535463318373,1,0.999,2.26436198580911e-81,"8","CD305"
1.97590140900316e-82,1.72382773344749,0.979,0.858,4.50505521252721e-80,"8","IgM"
7.31957648946813e-82,0.816482724577384,1,0.995,1.66886343959873e-79,"8","CD79b"
1.00131541210643e-54,0.91219397408999,0.975,0.878,2.28299913960266e-52,"8","CD164"
1.44393841920211e-53,0.840282878049446,0.918,0.643,3.29217959578081e-51,"8","CD185"
1.89123013872957e-53,0.568309176786779,1,0.999,4.31200471630343e-51,"8","Integrin-7"
6.09830620830241e-46,0.815815972920147,0.993,0.955,1.39041381549295e-43,"8","CD39"
1.73777937066851e-43,0.496449117891784,0.993,0.982,3.96213696512421e-41,"8","CD270"
5.809861611191e-41,0.801741745412143,0.963,0.912,1.32464844735155e-38,"8","CD307c/FcRL3"
1.34045468474417e-40,0.385202589813233,1,1,3.0562366812167e-38,"8","CD35"
3.12827853335232e-38,0.2666880668039,1,1,7.13247505604328e-36,"8","CD52"
9.42914605653055e-33,0.48497612537222,1,0.991,2.14984530088897e-30,"8","CD45RA"
2.32837048895218e-30,0.669610780580555,0.97,0.919,5.30868471481097e-28,"8","CD24"
3.31498959166417e-26,0.611187745193658,0.942,0.899,7.55817626899431e-24,"8","CD124"
6.03297519361589e-25,0.388617516201825,0.999,0.994,1.37551834414442e-22,"8","CD71"
1.18629699655533e-23,0.366231378157415,1,0.999,2.70475715214616e-21,"8","CD55"
1.86853274417963e-14,0.339228680034138,0.991,0.984,4.26025465672955e-12,"8","CD79a"
9.13541868706842e-14,0.390137777840405,0.96,0.92,2.0828754606516e-11,"8","CD66a/c/e"
2.47451215058186e-10,0.698378071078865,0.723,0.729,5.64188770332664e-08,"8","CD171"
9.19653008691818e-123,1.09805784106225,1,1,2.09680885981734e-120,"9","CD8a"
3.01582017942212e-122,0.94625289011374,1,1,6.87607000908244e-120,"9","CD27"
4.74082055272506e-120,1.63054481329946,0.999,0.99,1.08090708602131e-117,"9","CD8"
4.67824237411958e-113,1.05423199529671,1,0.982,1.06663926129926e-110,"9","CD45RB"
1.80236289013475e-93,0.95249375637984,1,0.991,4.10938738950724e-91,"9","CD45RA"
7.1956312026538e-93,0.871006780895564,1,0.997,1.64060391420507e-90,"9","CD314"
1.49924371144955e-82,0.735280406800683,1,1,3.41827566210498e-80,"9","CD73"
1.65472605654509e-65,0.616538807511258,1,0.999,3.77277540892281e-63,"9","Integrin-7"
5.05241911138783e-58,0.301676701258571,1,1,1.15195155739642e-55,"9","CD52"
1.75699963046139e-45,0.644664256565858,1,0.999,4.00595915745198e-43,"9","CD3-2"
2.59803364729727e-40,0.695272283147733,0.988,0.949,5.92351671583778e-38,"9","CD96"
1.68650677322465e-36,0.602388908782388,1,0.998,3.84523544295219e-34,"9","CD3-1"
9.33055369259692e-33,0.378318820777447,0.999,0.999,2.1273662419121e-30,"9","TCR-2"
5.59813945083759e-30,0.560329584549436,1,0.998,1.27637579479097e-27,"9","CD2"
2.46514673527716e-29,0.510764595266367,1,0.996,5.62053455643193e-27,"9","CD127"
1.87471261887385e-25,0.410437109832639,0.999,0.992,4.27434477103238e-23,"9","CD278"
3.21733400387217e-25,0.350274014807391,1,0.999,7.33552152882855e-23,"9","CD28"
3.00239937508538e-16,0.307352986537325,0.983,0.956,6.84547057519466e-14,"9","GP130"
2.117804213705e-07,0.254840183209421,0.985,0.961,4.82859360724739e-05,"9","TIM-4"
1.72210970934712e-135,1.4594024089687,1,0.993,3.92641013731142e-133,"10","CD49a"
5.27433867889098e-132,0.878158449603883,1,1,1.20254921878714e-129,"10","CD63"
1.33358846733679e-130,1.38075213648184,1,0.989,3.04058170552789e-128,"10","CD64"
6.98040493819327e-125,1.33001640837444,1,0.985,1.59153232590807e-122,"10","CLEC12A"
8.80853363467025e-122,1.05863245976941,1,0.999,2.00834566870482e-119,"10","CD9"
3.60360267873906e-121,1.11462341122329,1,0.999,8.21621410752506e-119,"10","CD11b-2"
9.06954966369576e-120,0.760585190408021,1,1,2.06785732332263e-117,"10","CD41"
1.33929034769661e-117,0.365680210583063,1,1,3.05358199274827e-115,"10","CD18"
1.13240551634775e-115,0.912149926554529,1,0.998,2.58188457727286e-113,"10","CD11c"
1.01412793254975e-114,0.594865589643388,1,1,2.31221168621344e-112,"10","CD11b-1"
6.25828937622399e-114,0.512722736190111,1,1,1.42688997777907e-111,"10","CD62P"
2.41901034954599e-113,0.593846072684991,1,1,5.51534359696485e-111,"10","CLEC2"
3.97913589090946e-112,1.63537925968237,1,0.704,9.07242983127356e-110,"10","CD36"
1.82446910648783e-107,0.734622901789588,1,0.998,4.15978956279226e-105,"10","CD29"
1.28775949013768e-103,0.978148440141234,1,0.993,2.93609163751392e-101,"10","CD13"
5.09703416795698e-101,0.853927206044999,1,0.996,1.16212379029419e-98,"10","CD172a"
1.90191857289239e-99,0.525220603108386,1,1,4.33637434619465e-97,"10","CD31"
1.95910770217274e-96,0.951013164551695,1,0.996,4.46676556095384e-94,"10","CD42b"
3.33809298086838e-95,0.82970691522381,1,0.998,7.61085199637991e-93,"10","CD61"
3.82551581773282e-95,0.391506239139044,1,1,8.72217606443083e-93,"10","CD93"
3.25724158904109e-93,1.09635346554711,0.999,0.918,7.42651082301369e-91,"10","CD354"
7.50682985341155e-93,1.3248295420296,1,0.749,1.71155720657783e-90,"10","CD155"
1.32841883934538e-92,1.05242877654547,1,0.938,3.02879495370747e-90,"10","CD86"
1.71166744168446e-91,0.581500266909325,1,0.999,3.90260176704057e-89,"10","CD305"
7.52052021064398e-91,0.826074412611219,1,0.993,1.71467860802683e-88,"10","CD14"
2.25872638557315e-89,0.639354372682561,1,0.999,5.14989615910679e-87,"10","CD226"
2.7526146236368e-88,0.574759150267913,1,1,6.27596134189191e-86,"10","CD35"
2.89592742184571e-86,0.847180479722571,1,0.996,6.60271452180821e-84,"10","CD49b"
3.97295404763209e-85,0.629662055749675,1,0.999,9.05833522860117e-83,"10","CD55"
1.27465047987506e-83,0.959420295830172,1,0.969,2.90620309411514e-81,"10","CD69"
2.34032727201907e-81,0.731909285557331,1,0.967,5.33594618020349e-79,"10","CD119"
1.20995664340715e-78,0.57193839572229,1,1,2.75870114696829e-76,"10","CD244"
3.57600082579855e-74,0.505364763644847,1,0.999,8.1532818828207e-72,"10","CD107a"
5.90661748355641e-74,0.901149621638031,0.999,0.958,1.34670878625086e-71,"10","CD110"
8.50035157478035e-72,0.803802301617139,0.999,0.95,1.93808015904992e-69,"10","CD141"
2.8571650040786e-70,0.978444981569164,0.991,0.805,6.51433620929921e-68,"10","CD192"
9.34966641837779e-69,0.781523736066238,0.999,0.952,2.13172394339014e-66,"10","CD235a"
3.7388234018934e-66,0.663217076848206,0.999,0.98,8.52451735631695e-64,"10","CD54"
2.58944436852105e-63,1.061304905841,0.996,0.933,5.903933160228e-61,"10","Folate"
3.23126053050403e-61,0.570460799733491,0.999,0.98,7.36727400954919e-59,"10","CD59"
1.79439135192686e-60,0.614657354286733,1,0.994,4.09121228239325e-58,"10","CD71"
1.22973146850728e-57,0.728942411421294,1,0.954,2.8037877481966e-55,"10","CD39"
1.10950890226337e-49,0.370521165052011,1,0.998,2.52968029716049e-47,"10","CD205"
3.77879991379405e-49,0.398289270068612,1,0.999,8.61566380345044e-47,"10","CD95"
5.55524613291919e-38,0.335280126650741,1,0.995,1.26659611830558e-35,"10","CD366"
1.61402517221922e-37,0.295352882266293,1,1,3.67997739265981e-35,"10","CD38-1"
1.0253901507898e-34,0.531187700193196,0.999,0.961,2.33788954380075e-32,"10","TIM-4"
3.38938108436517e-32,0.374666178737119,1,0.985,7.7277888723526e-30,"10","HLA-DR"
9.97255495695983e-32,0.519678229387303,0.998,0.968,2.27374253018684e-29,"10","CD112"
1.01631802239092e-30,0.599997364812826,0.992,0.919,2.31720509105129e-28,"10","CD66a/c/e"
1.18336564626621e-28,0.490280821387442,0.984,0.877,2.69807367348696e-26,"10","CD164"
5.1989656177026e-27,0.610737449794521,0.981,0.907,1.18536416083619e-24,"10","CD304"
5.99410815009261e-24,1.13442630481907,0.946,0.8,1.36665665822112e-21,"10","CD169"
9.30444152109751e-20,1.55440756974767,0.424,0.144,2.12141266681023e-17,"10","TSLPR"
1.94028920355155e-19,0.269054941585048,1,0.994,4.42385938409754e-17,"10","CD45RO"
2.79100417803394e-13,0.377502904768456,0.991,0.944,6.36348952591738e-11,"10","CD163"
0.00376313651070652,0.27390456860022,0.696,0.542,0.857995124441086,"10","CD177"
2.19817309784325e-114,0.986342244089967,1,0.994,5.01183466308261e-112,"11","CD122"
3.65496564121058e-114,1.12663239328943,1,1,8.33332166196011e-112,"11","CD16"
3.02289980681607e-111,1.7366808816524,0.991,0.819,6.89221155954063e-109,"11","CD335"
6.55964178625429e-103,1.38427009426696,1,0.968,1.49559832726598e-100,"11","CD56-2"
1.89165711894491e-95,1.28838268912542,0.989,0.91,4.3129782311944e-93,"11","CD337"
5.69098157342034e-94,0.929345100923635,0.999,0.976,1.29754379873984e-91,"11","CD56-1"
2.3916882090421e-89,0.597226127209136,1,1,5.45304911661599e-87,"11","CD244"
5.98175775151333e-86,0.763761540251504,1,0.998,1.36384076734504e-83,"11","CD38-2"
2.31600970186764e-76,0.682966054444732,1,1,5.28050212025823e-74,"11","CD38-1"
3.70711934418397e-74,0.553078141133222,1,0.994,8.45223210473945e-72,"11","CD325"
3.97365953159302e-63,1.14448393709954,0.968,0.811,9.05994373203209e-61,"11","CD161"
4.70442981877705e-63,0.670156824790008,1,0.997,1.07260999868117e-60,"11","CD314"
1.06290992451907e-57,0.475840625729928,0.999,0.991,2.42343462790347e-55,"11","CX3CR1"
5.53882690769582e-52,0.690543237290616,0.999,0.991,1.26285253495465e-49,"11","CD45RA"
4.45737704116747e-50,0.489106771548204,0.998,0.973,1.01628196538618e-47,"11","Siglec-8"
1.39806032958281e-49,0.382133267065875,0.999,0.986,3.18757755144881e-47,"11","Rat-IgG1-2"
9.02162716132233e-49,0.398664976000744,0.999,0.992,2.05693099278149e-46,"11","CD324"
2.13416640837286e-41,0.525108596519033,0.995,0.962,4.86589941109012e-39,"11","CD138-1"
1.50000968572865e-39,0.77129290051355,0.996,0.902,3.42002208346132e-37,"11","CD275-1"
8.64757626866851e-36,0.445514508494281,0.999,0.973,1.97164738925642e-33,"11","CD370"
2.01948827762292e-35,0.347729505511702,0.999,0.989,4.60443327298025e-33,"11","CD202b"
2.29679701838354e-35,0.379475794365282,0.999,0.99,5.23669720191447e-33,"11","Rat-IgG1-1"
5.87618039387103e-35,0.341357432245187,1,0.992,1.33976912980259e-32,"11","CD194"
7.16975120625945e-33,0.604078911035064,0.948,0.819,1.63470327502715e-30,"11","CD319"
4.88826460686263e-30,0.276457519131952,1,0.994,1.11452433036468e-27,"11","MERTK"
2.89137947074277e-29,0.384375773486599,0.994,0.969,6.59234519329353e-27,"11","CD357"
4.88417476119464e-27,0.401024193694213,0.994,0.96,1.11359184555238e-24,"11","CD338"
1.64126476241011e-26,1.50020486173705,0.895,0.784,3.74208365829504e-24,"11","CD158"
3.17421192420348e-24,0.27530783473756,0.999,0.989,7.23720318718394e-22,"11","CD138-2"
1.64722206136114e-23,0.384661466240167,0.992,0.961,3.7556662999034e-21,"11","LOX-1"
5.40813355651056e-23,0.540449431861598,0.975,0.857,1.23305445088441e-20,"11","CD68"
2.01042111476774e-21,0.310846991362056,0.997,0.984,4.58376014167044e-19,"11","Notch-1"
5.353545783026e-21,0.317488372528082,0.999,0.988,1.22060843852993e-18,"11","CD144"
4.34391106424198e-18,0.470069485168932,0.915,0.826,9.90411722647171e-16,"11","TIGIT"
4.50338907221696e-18,0.834631359605094,0.826,0.646,1.02677270846547e-15,"11","CD185"
1.3759326619606e-14,0.321987085462977,0.977,0.919,3.13712646927017e-12,"11","CD24"
4.24006084084003e-14,0.281077954916879,0.975,0.931,9.66733871711527e-12,"11","CD83"
1.11255305700641e-13,0.601780059573742,1,0.999,2.53662096997462e-11,"11","CD158e1"
1.25090653064103e-13,0.49299739225277,0.775,0.627,2.85206688986154e-11,"11","CD115"
8.69091266629761e-13,0.271193351267117,0.995,0.99,1.98152808791585e-10,"11","CD271"
3.08513001897139e-12,0.341719041047122,0.978,0.941,7.03409644325478e-10,"11","CD223"
5.02581587021199e-12,0.475818498421581,0.71,0.585,1.14588601840833e-09,"11","Podoplanin"
6.54106780248797e-12,0.445808046127476,0.934,0.817,1.49136345896726e-09,"11","CD30"
2.02043002539144e-10,0.439671428023724,0.892,0.779,4.60658045789248e-08,"11","CD294"
2.55838721704827e-10,0.81932732778827,0.978,0.969,5.83312285487006e-08,"11","CD158b"
3.11728184699839e-08,0.259217229421515,0.953,0.901,7.10740261115634e-06,"11","C5L2"
1.25797193193329e-07,0.308963652852479,0.789,0.712,2.8681760048079e-05,"11","CD158f"
3.0191699734384e-07,0.312181944949298,0.935,0.865,6.88370753943955e-05,"11","CD235ab"
1.13222528269924e-05,0.294567806838853,0.943,0.886,0.00258147364455426,"11","Rag-IgG2c"
0.000203351650220059,0.335876284602877,0.771,0.676,0.0463641762501735,"11","Rat-IgG2b"
0.00020871042550703,0.308070728548778,0.829,0.756,0.0475859770156029,"11","CD140b"
0.000574122629937136,0.372201727908073,0.745,0.662,0.130899959625667,"11","CD137"
1.09937400032421e-124,1.11327498119311,1,0.999,2.5065727207392e-122,"12","CD11b-2"
3.56429582277972e-124,1.00912442776578,1,0.993,8.12659447593776e-122,"12","CD14"
1.81006726550412e-123,1.11683717282636,1,0.993,4.1269533653494e-121,"12","CD13"
3.53149262664742e-123,0.622801628950942,1,1,8.05180318875613e-121,"12","CD11b-1"
3.47070997188985e-120,0.487887278547579,1,1,7.91321873590886e-118,"12","CD93"
1.75978731632493e-117,0.922844650359353,1,0.998,4.01231508122083e-115,"12","CD11c"
4.31377875383739e-115,0.758568070466719,1,0.999,9.83541555874924e-113,"12","CD55"
2.75208299106713e-113,1.31264585450091,1,0.985,6.27474921963306e-111,"12","CLEC12A"
1.30631074354488e-103,0.843766210975064,1,0.996,2.97838849528232e-101,"12","CD172a"
4.66315745568754e-101,0.342696013183908,1,1,1.06319989989676e-98,"12","CD18"
1.10055730278614e-96,1.1714282517965,1,0.989,2.5092706503524e-94,"12","CD64"
5.06942658652119e-95,0.618442521908714,1,1,1.15582926172683e-92,"12","CD35"
2.19366580374272e-94,1.15933785486674,1,0.938,5.00155803253341e-92,"12","CD86"
1.10370124719129e-92,1.45820561638382,0.999,0.705,2.51643884359613e-90,"12","CD36"
8.7384833697004e-86,0.914438613903731,1,0.954,1.99237420829169e-83,"12","CD39"
4.18955839948005e-84,0.832593903019324,0.998,0.952,9.55219315081452e-82,"12","CD235a"
6.75666738044439e-80,1.35400450557643,1,0.75,1.54052016274132e-77,"12","CD155"
1.45034452809003e-79,0.86344695426004,1,0.996,3.30678552404527e-77,"12","CD49b"
4.85945499947249e-78,0.664660888311207,0.999,0.98,1.10795573987973e-75,"12","CD59"
2.0406359160374e-77,0.521297928640648,1,0.999,4.65264988856526e-75,"12","CD305"
1.49928360394402e-76,0.5514410160019,1,1,3.41836661699235e-74,"12","CD41"
6.73140101485728e-76,0.933966498636759,0.997,0.919,1.53475943138746e-73,"12","CD354"
2.51635406695308e-73,0.7458447627256,1,0.999,5.73728727265303e-71,"12","CD9"
8.51581718011431e-73,0.33948342099338,1,1,1.94160631706606e-70,"12","CD62P"
5.03660225556717e-71,0.816560297445861,0.999,0.961,1.14834531426931e-68,"12","TIM-4"
6.11440494975807e-64,0.432193094953812,1,1,1.39408432854484e-61,"12","CD31"
5.46883262171377e-62,0.679228443955516,1,0.967,1.24689383775074e-59,"12","CD119"
9.16429948372138e-62,0.597598538987768,0.999,0.98,2.08946028228847e-59,"12","CD54"
1.10110097614667e-61,0.997128733617256,0.99,0.805,2.5105102256144e-59,"12","CD192"
1.35823083327256e-56,1.00607170177369,0.994,0.934,3.09676629986145e-54,"12","Folate"
1.57873193001189e-56,0.782114424821011,0.999,0.958,3.5995088004271e-54,"12","CD110"
1.65595538813702e-54,0.523655813734817,1,0.998,3.7755782849524e-52,"12","CD29"
3.76723590002692e-51,0.382309817559227,1,0.999,8.58929785206137e-49,"12","CD95"
2.90374564117571e-48,0.551412310700676,1,0.996,6.62054006188062e-46,"12","CD42b"
2.33297605853835e-47,0.589121448814244,1,0.985,5.31918541346744e-45,"12","HLA-DR"
6.26954320372321e-46,0.270689997627441,1,1,1.42945585044889e-43,"12","CLEC2"
7.62612438788221e-45,0.48266288668793,1,0.998,1.73875636043714e-42,"12","CD61"
2.16956287806763e-44,0.330688893860585,1,1,4.94660336199419e-42,"12","CD38-1"
1.13321979747095e-39,0.355338991405583,1,0.998,2.58374113823376e-37,"12","CD196"
4.27781381712524e-38,0.466872671170991,1,0.993,9.75341550304554e-36,"12","CD49a"
5.99759486648707e-38,0.379116014580629,1,0.995,1.36745162955905e-35,"12","CD366"
2.07995830809242e-37,0.304531310778313,1,1,4.74230494245072e-35,"12","CD63"
7.80021883263712e-26,0.401523218284908,0.999,0.969,1.77844989384126e-23,"12","CD69"
9.09602013637281e-26,0.497826030989388,0.99,0.92,2.073892591093e-23,"12","CD66a/c/e"
2.6655060030512e-25,0.343599565643422,1,1,6.07735368695673e-23,"12","CD244"
1.20217935372749e-23,0.252323903324318,1,0.994,2.74096892649867e-21,"12","CD45RO"
1.18916006509909e-19,0.431670862510453,0.985,0.937,2.71128494842592e-17,"12","CD15"
1.33346202061377e-16,0.567477334704304,0.971,0.907,3.04029340699939e-14,"12","CD304"
5.69991449247577e-15,0.366410310825154,0.961,0.869,1.29958050428448e-12,"12","CD85g"
9.99106675258487e-15,0.314120888120805,0.996,0.95,2.27796321958935e-12,"12","CD141"
2.18620778667516e-10,1.2649726747031,0.334,0.148,4.98455375361936e-08,"12","TSLPR"
2.50100149333776e-10,0.288964076834253,0.983,0.832,5.7022834048101e-08,"12","CD1d"
2.1162046609466e-08,0.418375604022071,0.929,0.807,4.82494662695825e-06,"12","CD11a/CD18"
2.3606190117474e-152,1.75066917914792,1,1,5.38221134678407e-150,"13","CD19"
1.07808631781422e-151,2.22393171055694,1,0.926,2.45803680461643e-149,"13","CD268"
2.73738434585557e-145,2.72307671503322,0.997,0.618,6.2412363085507e-143,"13","CD20"
3.87962476497166e-145,1.90403199705088,1,0.989,8.84554446413538e-143,"13","CD22"
1.36058216797739e-143,1.07682768568732,1,0.998,3.10212734298846e-141,"13","CD196"
4.87370961052388e-128,2.63919646021715,0.992,0.832,1.11120579119944e-125,"13","CD21"
2.75178770722102e-112,1.7592954106904,0.999,0.988,6.27407597246393e-110,"13","CD72"
6.49393612217972e-102,0.899564165877892,1,0.985,1.48061743585698e-99,"13","HLA-DR"
7.3431146535395e-101,1.03721572138061,1,0.991,1.67423014100701e-98,"13","CD45RA"
2.52200792103235e-99,1.04644179499432,1,0.955,5.75017805995375e-97,"13","CD39"
3.29651343291162e-98,0.439348221426756,1,1,7.51605062703849e-96,"13","CD52"
7.1982132557053e-96,1.5401326470535,0.984,0.919,1.64119262230081e-93,"13","CD1c"
1.58653878594499e-95,1.319891436451,0.986,0.878,3.61730843195458e-93,"13","CD164"
3.01607956342062e-81,1.47075973578026,0.937,0.685,6.87666140459902e-79,"13","CD40"
4.17144337773638e-76,0.886014580253651,0.999,0.995,9.51089090123895e-74,"13","CD79b"
1.2472600695996e-71,0.870937228883912,0.997,0.986,2.84375295868709e-69,"13","CD275-2"
2.97986093356038e-70,1.17041732677697,0.981,0.919,6.79408292851767e-68,"13","CD24"
4.55227515507171e-63,1.21543624950192,0.934,0.751,1.03791873535635e-60,"13","CD272"
1.44771148347057e-61,0.486295531514661,1,1,3.3007821823129e-59,"13","CD35"
1.0944836311582e-60,0.393698759768547,1,1,2.49542267904069e-58,"13","CD49d"
1.02171318934314e-59,0.850063090134499,1,1,2.32950607170237e-57,"13","CD73"
5.54651074465427e-58,0.862796238683182,0.994,0.982,1.26460444978117e-55,"13","CD25"
2.28280078497142e-57,0.780402513281049,0.999,0.994,5.20478578973483e-55,"13","CD71"
2.14917018550336e-53,1.15426227948422,0.959,0.912,4.90010802294767e-51,"13","CD307c/FcRL3"
1.66555552585312e-48,1.23291105227844,0.889,0.662,3.79746659894512e-46,"13","CD267"
3.94487131381412e-44,0.524959746182195,0.995,0.982,8.99430659549619e-42,"13","CD270"
2.72978811666943e-32,0.565666803144346,0.991,0.983,6.2239169060063e-30,"13","CD45RB"
6.13253769607902e-27,1.40021207911384,0.927,0.875,1.39821859470602e-24,"13","IgD"
6.64101806302372e-27,0.417578436586652,0.994,0.961,1.51415211836941e-24,"13","TIM-4"
2.46498154739955e-25,0.570783766907991,0.869,0.646,5.62015792807097e-23,"13","CD185"
1.04154576857335e-24,0.533260266483941,0.977,0.92,2.37472435234724e-22,"13","CD66a/c/e"
1.25670086102409e-24,0.380574070620949,1,1,2.86527796313492e-22,"13","CD27"
3.8590139535931e-18,0.33698222277565,0.995,0.981,8.79855181419226e-16,"13","CD54"
7.75156581841362e-16,0.376513055701469,0.98,0.954,1.7673570065983e-13,"13","CD98"
4.80397804895466e-15,0.40799783157505,0.985,0.987,1.09530699516166e-12,"13","CD200"
1.50407583958855e-13,1.23835269586315,0.77,0.728,3.4292929142619e-11,"13","CD171"
1.15969464986795e-12,0.378156009435785,0.912,0.871,2.64410380169893e-10,"13","CD85g"
1.66007348318949e-06,1.21952802668674,0.851,0.862,0.000378496754167203,"13","IgM"
1.98791919249142e-05,0.268926178552922,0.777,0.765,0.00453245575888044,"13","CD80"
2.94670291990975e-110,1.54927482414363,0.999,0.751,6.71848265739423e-108,"14","CD155"
3.47269702063096e-102,0.653049305112107,1,0.998,7.91774920703859e-100,"14","CD205"
3.09569950182584e-100,1.23270381067977,1,0.985,7.05819486416292e-98,"14","CLEC12A"
4.29407340702281e-92,1.1670828149233,1,0.989,9.79048736801201e-90,"14","CD64"
1.06259736810115e-91,0.833766324174967,1,0.996,2.42272199927062e-89,"14","CD49b"
1.31311439744909e-87,0.776448868858501,1,0.993,2.99390082618393e-85,"14","CD14"
6.9390736947078e-87,0.367048653784892,1,1,1.58210880239338e-84,"14","CD93"
1.47202691986542e-85,0.603675563347593,1,1,3.35622137729316e-83,"14","CD63"
3.82238456774809e-85,0.448765878800199,1,1,8.71503681446565e-83,"14","CD11b-1"
1.13090206964743e-80,0.302733772817802,1,1,2.57845671879614e-78,"14","CD62P"
1.13192288805152e-80,1.19002966766551,0.997,0.706,2.58078418475746e-78,"14","CD36"
1.62614875483915e-80,0.370772948884154,1,1,3.70761916103325e-78,"14","CLEC2"
2.74547630458212e-79,0.826042658575518,1,0.999,6.25968597444724e-77,"14","CD11b-2"
7.1058128507821e-79,0.708763919995812,1,0.999,1.62012532997832e-76,"14","CD9"
3.51658724209439e-78,0.9864124828577,0.998,0.919,8.01781891197521e-76,"14","CD354"
4.10820900705003e-78,0.456074709118834,1,1,9.36671653607407e-76,"14","CD41"
1.00215657531482e-76,0.549486367829541,1,0.998,2.28491699171778e-74,"14","CD29"
5.22796677949297e-73,0.650752454509072,1,0.998,1.1919764257244e-70,"14","CD11c"
6.73947973423934e-73,0.606864900333822,1,0.996,1.53660137940657e-70,"14","CD42b"
1.66530126234474e-72,1.03976243904818,0.992,0.806,3.79688687814601e-70,"14","CD192"
5.63286414817128e-68,0.927417620301696,1,0.938,1.28429302578305e-65,"14","CD86"
1.19043120797333e-67,0.450007097112869,1,0.999,2.71418315417919e-65,"14","CD95"
2.28534872127105e-67,0.525117381406005,1,0.999,5.210595084498e-65,"14","CD55"
3.98638660622577e-64,0.702301866220183,0.999,0.967,9.08896146219474e-62,"14","CD119"
8.76056956040536e-64,0.351875269371198,1,1,1.99740985977242e-61,"14","CD44-1"
1.03112581288334e-63,0.485106251666507,1,1,2.35096685337402e-61,"14","CD38-1"
4.08990515727904e-63,0.411392324299294,1,1,9.32498375859621e-61,"14","CD31"
2.16896507842354e-60,0.723072680491418,0.998,0.958,4.94524037880567e-58,"14","CD110"
5.28100800265339e-60,0.600124771068498,1,0.993,1.20406982460497e-57,"14","CD13"
1.05669808310452e-53,0.955190928457431,0.995,0.934,2.4092716294783e-51,"14","Folate"
1.38495182256074e-53,0.420481631213831,1,0.998,3.15769015543848e-51,"14","CD61"
2.20951151436006e-53,0.559658318911961,1,0.985,5.03768625274093e-51,"14","HLA-DR"
3.88109838042419e-51,0.449141867623822,1,0.998,8.84890430736716e-49,"14","CD38-2"
4.51921814505578e-44,0.435611065908865,1,0.996,1.03038173707272e-41,"14","CD172a"
1.43345247497965e-42,0.568917236830407,0.997,0.952,3.26827164295359e-40,"14","CD235a"
1.17790191544647e-38,0.466627439336698,0.999,0.98,2.68561636721795e-36,"14","CD54"
2.05510799253189e-38,0.62206751061379,1,0.955,4.68564622297271e-36,"14","CD39"
2.49600727109863e-38,0.572694115798593,0.999,0.961,5.69089657810488e-36,"14","TIM-4"
3.26478254441427e-38,0.403687529197335,1,0.999,7.44370420126455e-36,"14","CD305"
6.38407896787559e-35,0.301466242854592,1,1,1.45557000467563e-32,"14","CD35"
3.68631591400105e-34,0.363275821764151,1,1,8.4048002839224e-32,"14","CD244"
1.08932676733436e-33,0.41771408319089,1,0.969,2.48366502952233e-31,"14","CD69"
1.71761685482981e-33,0.575788110646391,0.995,0.944,3.91616642901196e-31,"14","CD163"
3.67661029105585e-31,0.309100386427719,0.998,0.98,8.38267146360735e-29,"14","CD59"
3.15868223273804e-29,0.361769920051041,1,0.993,7.20179549064273e-27,"14","CD49a"
3.07796487121521e-26,0.259256595027621,1,0.999,7.01775990637068e-24,"14","CD226"
3.94557318877318e-24,0.60763972691133,0.971,0.819,8.99590687040284e-22,"14","CD126"
2.49880409312879e-22,0.44160375950583,0.986,0.832,5.69727333233365e-20,"14","CD1d"
3.21857460788358e-22,0.449740737640673,0.989,0.938,7.33835010597456e-20,"14","CD15"
2.5971289152e-16,0.377701597356784,0.984,0.92,5.92145392665601e-14,"14","CD66a/c/e"
7.43429222335477e-14,0.272396713135115,0.947,0.87,1.69501862692489e-11,"14","CD85g"
4.64352965266461e-11,0.410012901859513,0.968,0.908,1.05872476080753e-08,"14","CD304"
8.83338037399998e-11,0.309009286664625,0.996,0.95,2.014010725272e-08,"14","CD141"
2.99827608582081e-07,0.973881522390907,0.281,0.15,6.83606947567145e-05,"14","TSLPR"
1.75757388180096e-06,0.271805671785471,0.969,0.878,0.000400726845050618,"14","CD164"
1.41518442892826e-127,1.05150410452402,1,1,3.22662049795643e-125,"15","CD8a"
1.20541460472581e-118,1.52614242055178,0.999,0.99,2.74834529877484e-116,"15","CD8"
1.77308070604616e-89,0.336174256748708,1,1,4.04262400978525e-87,"15","CD43"
9.98763279976543e-87,0.458700576402886,1,1,2.27718027834652e-84,"15","CD57"
2.45505734609295e-79,0.718953772390169,0.999,0.997,5.59753074909192e-77,"15","CD314"
6.48869423725858e-79,0.461440402555293,1,1,1.47942228609496e-76,"15","CD81"
7.67303115267606e-74,0.650939162191982,1,0.998,1.74945110281014e-71,"15","CD2"
8.66373214297958e-64,0.681524189122718,1,0.999,1.97533092859934e-61,"15","CD3-2"
1.06830788227549e-62,0.699563825463256,0.995,0.99,2.43574197158811e-60,"15","CD271"
4.29827670238926e-53,0.631061322140365,1,0.998,9.80007088144751e-51,"15","CD3-1"
9.43926097205791e-49,0.343354049109568,1,1,2.1521515016292e-46,"15","CD49d"
4.58324854533132e-46,0.445364981361203,0.999,0.999,1.04498066833554e-43,"15","TCR-2"
1.13331769434056e-38,1.1463182585041,0.908,0.827,2.58396434309648e-36,"15","TIGIT"
1.70771003433003e-36,0.524526793666249,0.995,0.994,3.89357887827247e-34,"15","CD279"
1.6298841956357e-34,0.374225302696233,1,1,3.71613596604939e-32,"15","CD244"
4.53540181000699e-31,0.26753111593946,1,1,1.03407161268159e-28,"15","CD99"
6.90791869561227e-17,0.250568753148515,0.995,0.992,1.5750054625996e-14,"15","CD278"
2.34717103128709e-16,0.328885238420423,0.992,0.983,5.35154995133457e-14,"15","CD45RB"
6.53578180963974e-13,0.464728150856802,0.926,0.913,1.49015825259786e-10,"15","CD307c/FcRL3"
5.90257649550149e-12,0.398426724474982,0.988,0.991,1.34578744097434e-09,"15","CD45RA"
1.60698711825714e-11,0.277297865342398,0.995,0.991,3.66393062962629e-09,"15","CX3CR1"
1.9209175036378e-09,0.299398931217173,0.987,0.962,4.37969190829418e-07,"15","TIM-4"
0.00103286646895489,0.251019311464774,0.698,0.739,0.235493554921715,"15","CD273"
5.05194634270694e-112,0.979837793838988,1,0.996,1.15184376613718e-109,"16","CD172a"
7.87092267536604e-107,0.792620764618844,1,0.991,1.79457036998346e-104,"16","CX3CR1"
1.76774281706393e-105,0.556633478989588,1,1,4.03045362290577e-103,"16","CD31"
2.38124226008272e-101,0.98829289553948,1,0.95,5.42923235298859e-99,"16","CD141"
2.63250308599561e-99,0.385349788632499,1,1,6.00210703606999e-97,"16","CD102"
3.75638553118907e-99,1.23636084392482,1,0.938,8.56455901111108e-97,"16","CD86"
6.18651070910003e-91,0.625709136463746,1,0.995,1.41052444167481e-88,"16","MERTK"
4.48261243221387e-78,1.22241889502254,0.997,0.867,1.02203563454476e-75,"16","CD123"
1.22324617769672e-76,0.801015288366681,1,0.985,2.78900128514852e-74,"16","HLA-DR"
4.55241658750721e-72,0.805034071163899,1,0.998,1.03795098195164e-69,"16","CD61"
1.02176624607236e-67,0.734282644339946,1,0.981,2.32962704104497e-65,"16","CD54"
1.07380438789108e-67,0.694495471621664,1,0.998,2.44827400439167e-65,"16","CD11c"
1.54390439325862e-66,0.414025761450722,1,1,3.52010201662966e-64,"16","CD49d"
1.63346302239761e-64,0.478477584806466,1,0.999,3.72429569106655e-62,"16","CD305"
6.91741752106558e-63,0.872440432675837,1,0.955,1.57717119480295e-60,"16","CD39"
3.09311640262873e-62,0.513192443626731,1,0.995,7.05230539799352e-60,"16","CD366"
1.07809225484336e-59,0.732516959195924,1,0.994,2.45805034104287e-57,"16","CD71"
2.9794013021191e-55,0.538874086438277,1,1,6.79303496883155e-53,"16","CD63"
4.30324337022593e-54,0.878821696284957,0.999,0.969,9.81139488411513e-52,"16","CD69"
5.51289231931774e-53,0.64099623639766,1,0.968,1.25693944880444e-50,"16","CD119"
6.22479100743727e-52,0.898682911383133,1,1,1.4192523496957e-49,"16","CD16"
8.83232296713462e-51,0.579104143157081,1,0.993,2.01376963650669e-48,"16","CD13"
1.65036200479964e-49,0.941336464587558,0.998,0.934,3.76282537094319e-47,"16","Folate"
4.57363399125456e-47,0.624581494934325,1,0.999,1.04278855000604e-44,"16","CD9"
1.81900465837665e-43,0.46104526103793,1,0.998,4.14733062109877e-41,"16","CD29"
7.54846020106954e-43,0.639753252505009,0.995,0.833,1.72104892584386e-40,"16","CD1d"
4.51029444779422e-42,0.410325697012465,1,1,1.02834713409708e-39,"16","CD41"
1.14113807140345e-41,0.371551277269938,1,0.992,2.60179480279987e-39,"16","CD194"
3.38222922399209e-41,0.412688535266671,1,0.994,7.71148263070197e-39,"16","CD325"
4.17353746948021e-39,0.701890630448278,0.999,0.903,9.51566543041489e-37,"16","CD275-1"
2.1842325372569e-38,0.888169329053779,1,0.985,4.98005018494574e-36,"16","CLEC12A"
3.01457421633494e-38,0.334235534787582,1,1,6.87322921324366e-36,"16","CLEC2"
1.98831721233925e-37,0.363229743229154,1,0.999,4.53336324413349e-35,"16","CD107a"
1.00521706864592e-36,0.831023966848429,0.971,0.708,2.2918949165127e-34,"16","CD36"
1.30381091553663e-36,0.588102415421219,0.997,0.858,2.97268888742352e-34,"16","CD68"
1.1375556321167e-34,0.934313869770828,0.938,0.626,2.59362684122607e-32,"16","CD115"
2.47209368826948e-33,0.461315990424053,0.999,0.983,5.63637360925442e-31,"16","CD34"
1.05153596475444e-28,0.585368672249725,0.998,0.959,2.39750199964012e-26,"16","CD110"
1.16739526897957e-28,0.429924879854795,0.999,0.987,2.66166121327341e-26,"16","CD275-2"
9.13018079477e-28,0.586984456907478,0.994,0.753,2.08168122120756e-25,"16","CD155"
1.2400998044432e-26,0.391677311365198,0.998,0.962,2.8274275541305e-24,"16","CD138-1"
1.90741581617138e-26,0.474735967533045,0.999,0.996,4.34890806087076e-24,"16","CD49b"
2.39111227104969e-24,0.33392500306894,1,0.973,5.45173597799329e-22,"16","Siglec-8"
1.77031881448056e-22,0.565895241996602,0.986,0.82,4.03632689701567e-20,"16","CD319"
6.68962246975119e-22,0.422769511024697,0.999,0.996,1.52523392310327e-19,"16","CD42b"
1.42562097150182e-21,0.299154581838692,0.999,0.974,3.25041581502414e-19,"16","CD370"
5.6156572105331e-20,0.290241327518007,1,0.999,1.28036984400155e-17,"16","CD55"
1.08780847798699e-18,0.288843535050006,0.999,0.96,2.48020332981033e-16,"16","CD338"
1.98783890654175e-18,0.296903060852524,1,1,4.53227270691518e-16,"16","CD244"
3.81477836443021e-18,0.337649620814009,1,0.993,8.69769467090089e-16,"16","CD14"
5.56402212588415e-18,0.366027391814309,0.997,0.953,1.26859704470159e-15,"16","CD45-1"
7.85059840668442e-17,0.622988142446345,0.913,0.647,1.78993643672405e-14,"16","CD185"
1.23865744158993e-14,0.38736762778732,0.853,0.584,2.82413896682505e-12,"16","Podoplanin"
2.83349291567694e-14,0.258427674143444,1,0.999,6.46036384774342e-12,"16","CD226"
1.169145964469e-13,0.309022511035041,0.996,0.919,2.66565279898933e-11,"16","CD354"
7.96321872652279e-12,0.490974763463766,0.96,0.802,1.8156138696472e-09,"16","CD169"
7.42038712898949e-11,0.299333289256495,0.953,0.779,1.6918482654096e-08,"16","CD294"
1.3069755232171e-09,0.27958722456239,0.995,0.954,2.97990419293499e-07,"16","CD98"
8.9142818903373e-09,0.317868316260077,0.981,0.818,2.03245627099691e-06,"16","CD30"
9.96111188424097e-07,0.32913306638804,0.941,0.779,0.000227113350960694,"16","CD204"
1.47064538632337e-05,0.54919971733079,0.296,0.15,0.00335307148081729,"16","TSLPR"
5.24589292406412e-05,0.279852878014784,0.936,0.769,0.0119606358668662,"16","CD105"
1.03381902501299e-109,1.00293973919857,1,0.997,2.35710737702961e-107,"17","CD314"
1.76090094824298e-103,1.49046694387933,1,0.99,4.01485416199399e-101,"17","CD8"
3.43381128239712e-97,0.948800815052629,1,1,7.82908972386543e-95,"17","CD8a"
2.17420184692316e-82,0.681941119069093,1,0.998,4.95718021098481e-80,"17","CD2"
5.41547757177732e-60,0.518767905799373,1,0.994,1.23472888636523e-57,"17","CD325"
2.09328735472239e-53,0.63992682942815,1,0.996,4.77269516876704e-51,"17","CD127"
5.79821542071266e-46,0.793477860748313,0.997,0.903,1.32199311592249e-43,"17","CD275-1"
3.79460786160893e-44,0.418006776085578,1,0.992,8.65170592446837e-42,"17","CD194"
6.15726876123242e-44,0.415606045014107,1,1,1.40385727756099e-41,"17","CD81"
1.74595400559232e-41,0.441468846646843,1,0.999,3.98077513275048e-39,"17","CD28"
1.69791665297057e-38,0.451105340308517,0.999,0.973,3.8712499687729e-36,"17","Siglec-8"
9.98624872609362e-38,0.265799794879048,1,1,2.27686470954934e-35,"17","CD99"
1.26756655464898e-35,0.628637834873493,0.958,0.818,2.89005174459967e-33,"17","CD30"
5.38755458187064e-35,0.581414534158538,0.994,0.95,1.2283624446665e-32,"17","CD96"
1.81075679914737e-34,0.407903832984187,1,0.974,4.12852550205601e-32,"17","CD370"
4.28722793644137e-31,0.345766860088534,1,0.99,9.77487969508632e-29,"17","Rat-IgG1-1"
1.40127027483901e-30,0.336991004982963,0.999,0.989,3.19489622663294e-28,"17","CD202b"
1.90386953166651e-30,0.458769169226342,1,0.992,4.34082253219963e-28,"17","CD278"
2.42857819726722e-30,0.498996579996336,0.997,0.962,5.53715828976926e-28,"17","CD138-1"
1.76757966179164e-28,0.360519096898973,0.999,0.992,4.03008162888493e-26,"17","CD324"
3.51816771879131e-28,0.329507994406083,0.999,0.986,8.02142239884418e-26,"17","Rat-IgG1-2"
6.826567924318e-28,0.559495256003034,1,0.998,1.5564574867445e-25,"17","CD3-1"
5.32443628125208e-26,0.489597564274539,0.943,0.821,1.21397147212547e-23,"17","CD319"
6.15582147959359e-26,0.398153500533426,0.999,0.994,1.40352729734734e-23,"17","CD45RO"
1.30194735869538e-25,0.251714396364993,1,1,2.96843997782546e-23,"17","CD73"
1.21477866304156e-24,0.770506742075077,0.936,0.827,2.76969535173476e-22,"17","TIGIT"
3.4781771250752e-24,0.523874377827042,0.98,0.858,7.93024384517146e-22,"17","CD68"
3.95437774003194e-24,0.316567428302466,0.998,0.988,9.01598124727281e-22,"17","CD144"
1.16693938908082e-22,0.541565560866817,1,0.999,2.66062180710428e-20,"17","CD3-2"
1.93452470439445e-22,0.376549812483886,0.996,0.96,4.41071632601934e-20,"17","CD338"
6.43073737909021e-22,0.744036464256351,0.845,0.648,1.46620812243257e-19,"17","CD185"
5.14605990366957e-21,0.255241988576276,1,0.992,1.17330165803666e-18,"17","CCR10"
3.92972690064614e-20,0.295412288041003,0.993,0.97,8.95977733347321e-18,"17","CD357"
6.01598529152687e-20,0.462390279200458,0.998,0.988,1.37164464646813e-17,"17","CD195"
3.23734395006678e-19,0.254669066250658,0.998,0.992,7.38114420615226e-17,"17","Galectin-9"
8.3343716483726e-19,0.33706522497189,0.993,0.962,1.90023673582895e-16,"17","LOX-1"
7.34029582160673e-18,0.349841493662381,0.983,0.932,1.67358744732633e-15,"17","CD83"
1.66089790140889e-17,0.405982968609908,1,1,3.78684721521228e-15,"17","CD27"
6.67491935985489e-17,0.475965625017431,0.997,0.994,1.52188161404691e-14,"17","CD279"
1.1682220801592e-15,0.256871484613342,1,0.999,2.66354634276299e-13,"17","TCR-2"
5.52782741412322e-15,0.277315362353852,0.981,0.92,1.26034465042009e-12,"17","CD24"
7.877381509651e-13,0.48977850241182,0.788,0.629,1.79604298420043e-10,"17","CD115"
2.67048300662744e-12,0.451131907200281,0.905,0.78,6.08870125511057e-10,"17","CD294"
9.94303001635418e-12,0.325806584421004,0.992,0.983,2.26701084372875e-09,"17","CD45RB"
1.2658655546086e-10,0.253604316245921,0.985,0.953,2.88617346450761e-08,"17","CD45-1"
3.1014885746439e-09,0.264413702463204,1,0.999,7.0713939501881e-07,"17","Integrin-7"
2.45606348923549e-08,0.304120908933455,0.98,0.942,5.59982475545691e-06,"17","CD223"
3.47477403032921e-08,0.335613619589843,0.853,0.757,7.9224847891506e-06,"17","CD140b"
4.25327400040241e-08,0.460238944597875,0.728,0.587,9.69746472091749e-06,"17","Podoplanin"
2.47067471534768e-07,0.452573726387685,0.778,0.663,5.6331383509927e-05,"17","CD137"
3.02159379370754e-07,0.250932175726153,0.949,0.887,6.88923384965319e-05,"17","Rag-IgG2c"
4.45908937773176e-07,0.396099042959599,0.828,0.713,0.000101667237812284,"17","CD158f"
5.43034200775234e-06,0.265851863080546,0.942,0.866,0.00123811797776753,"17","CD235ab"
8.33744382186376e-06,0.268723987642153,0.887,0.816,0.00190093719138494,"17","CD1a"
6.9283330746858e-05,0.300105417873225,0.946,0.872,0.0157965994102836,"17","VEGFR-3"
0.00068853146815798,0.294697146536541,0.854,0.771,0.156985174740019,"17","CD140a"
0.00211958779699387,0.280147169610816,0.819,0.736,0.483266017714602,"17","CD273"
0.00541033709000645,0.310383281856287,0.772,0.678,1,"17","Rat-IgG2b"
7.05836224907473e-121,0.678117446236511,1,1,1.60930659278904e-118,"18","CD57"
5.4985403847716e-114,0.407759132395851,1,1,1.25366720772793e-111,"18","CD43"
8.56500144591765e-78,0.86704645056046,1,1,1.95282032966922e-75,"18","CD8a"
1.35526611147223e-77,0.769765281147859,0.996,0.99,3.09000673415669e-75,"18","CD271"
8.10908173901717e-69,1.21903050688253,0.994,0.99,1.84887063649592e-66,"18","CD8"
6.44001203397527e-67,1.05739500305333,0.988,0.968,1.46832274374636e-64,"18","CD56-2"
8.82260510444858e-54,1.02826495875081,0.924,0.827,2.01155396381428e-51,"18","TIGIT"
9.26235756272476e-53,0.583791868085807,1,0.997,2.11181752430124e-50,"18","CD314"
1.17305915528966e-43,0.65442420369366,1,0.999,2.67457487406042e-41,"18","CD3-2"
7.60823121039331e-43,0.683624019551257,0.999,0.999,1.73467671596967e-40,"18","CD3-1"
7.47344371077535e-42,0.402501637836113,1,1,1.70394516605678e-39,"18","CD244"
3.57609921703844e-38,0.301407777182003,1,1,8.15350621484764e-36,"18","CD99"
6.99353234694896e-28,1.0621277208285,0.997,0.999,1.59452537510436e-25,"18","CD158e1"
6.22503335117606e-24,0.544722479187645,0.999,0.991,1.41930760406814e-21,"18","CD45RA"
2.76784088759071e-23,0.449247697459519,0.983,0.976,6.31067722370682e-21,"18","CD56-1"
1.13388546274921e-20,0.365824000821286,1,0.999,2.5852588550682e-18,"18","TCR-2"
3.95174459158142e-19,0.268193200669324,0.996,0.994,9.00997766880564e-17,"18","CD122"
1.17001306794988e-18,0.455058504917382,1,0.998,2.66762979492573e-16,"18","CD2"
2.93142709305471e-18,0.290485484781802,0.993,0.991,6.68365377216473e-16,"18","CX3CR1"
3.90172883831119e-15,0.795213157679797,0.957,0.969,8.89594175134951e-13,"18","CD158b"
1.02085950737793e-14,0.439547127078271,0.925,0.913,2.32755967682167e-12,"18","CD307c/FcRL3"
1.4343550623925e-14,0.296091346029861,0.986,0.962,3.27032954225489e-12,"18","TIM-4"
1.11712289212442e-06,1.11481285078505,0.727,0.789,0.000254704019404367,"18","CD158"
0.00483058067875202,0.269990386142482,0.691,0.738,1,"18","CD273"
1.03283611131622e-125,0.513645559634359,1,1,2.35486633380098e-123,"19","CD93"
2.26700853813927e-124,1.1185082706038,1,0.999,5.16877946695754e-122,"19","CD11b-2"
5.45611835962842e-122,0.548530155789994,1,1,1.24399498599528e-119,"19","CD62P"
3.2186168631789e-121,0.859920562863305,1,1,7.3384464480479e-119,"19","CD63"
7.47544738993396e-119,1.28060242429759,1,0.993,1.70440200490494e-116,"19","CD49a"
3.85376415854148e-118,0.379311699278936,1,1,8.78658228147457e-116,"19","CD18"
1.69556113616399e-112,0.730488169670662,1,1,3.8658793904539e-110,"19","CD41"
5.31919688338554e-110,0.982491311138251,1,0.999,1.2127768894119e-107,"19","CD9"
1.1015690270009e-109,0.569050717842586,1,1,2.51157738156206e-107,"19","CLEC2"
1.2396781094266e-105,1.27188724057719,1,0.985,2.82646608949264e-103,"19","CLEC12A"
3.02942500393215e-101,1.22876280763169,1,0.989,6.90708900896529e-99,"19","CD64"
1.65446024076021e-99,0.539364952664133,1,1,3.77216934893328e-97,"19","CD11b-1"
2.29745384055948e-98,1.50643005934764,0.998,0.708,5.23819475647562e-96,"19","CD36"
3.85144811317965e-97,0.496930413300751,1,1,8.78130169804961e-95,"19","CD31"
6.54198983166894e-96,0.656283155283059,1,0.999,1.49157368162052e-93,"19","CD55"
1.97891379131239e-95,0.853795146369113,1,0.998,4.51192344419225e-93,"19","CD11c"
1.5537501168482e-93,0.612107312105056,1,1,3.54255026641389e-91,"19","CD35"
2.72698080628637e-93,0.670937394527535,1,0.998,6.21751623833293e-91,"19","CD29"
4.16748411617945e-91,1.38344079735136,1,0.753,9.50186378488915e-89,"19","CD155"
8.66772611554718e-91,0.792619034670861,1,0.996,1.97624155434476e-88,"19","CD172a"
2.37992880510327e-90,0.809809397291078,1,0.998,5.42623767563546e-88,"19","CD61"
2.45750158606588e-87,0.60958900986483,1,0.999,5.60310361623021e-85,"19","CD107a"
3.99851477629269e-87,0.612689188529983,1,0.999,9.11661368994734e-85,"19","CD226"
4.12705075675486e-86,0.785578266776824,1,0.996,9.40967572540109e-84,"19","CD42b"
8.06170145876207e-81,0.834178866780461,1,0.993,1.83806793259775e-78,"19","CD13"
8.20476048165481e-76,0.775477079929174,1,0.996,1.8706853898173e-73,"19","CD49b"
1.42276681959691e-73,0.807892508157671,0.999,0.969,3.24390834868096e-71,"19","CD69"
1.73638647749965e-73,0.869849452171235,0.999,0.959,3.95896116869919e-71,"19","CD110"
2.29051255171753e-72,0.4961058388786,1,0.999,5.22236861791597e-70,"19","CD305"
2.54837243202439e-72,0.763700513224057,1,0.993,5.81028914501562e-70,"19","CD14"
1.43134237574415e-71,0.945533172199958,1,0.939,3.26346061669667e-69,"19","CD86"
1.51225518252373e-71,0.528497062017754,1,1,3.44794181615411e-69,"19","CD244"
1.43525152489966e-70,0.997127177895169,0.998,0.92,3.27237347677123e-68,"19","CD354"
1.39349865692778e-69,0.481006469368408,1,0.998,3.17717693779533e-67,"19","CD205"
2.33908622089442e-61,0.630252068176484,0.999,0.981,5.33311658363929e-59,"19","CD54"
1.67850543742831e-59,0.732635891729369,0.991,0.879,3.82699239733655e-57,"19","CD164"
7.17253705386525e-59,0.580638415579839,1,0.994,1.63533844828128e-56,"19","CD71"
8.60033248365483e-59,1.02366794306808,0.993,0.934,1.9608758062733e-56,"19","Folate"
4.93359401437418e-56,0.635277642192901,0.996,0.95,1.12485943527731e-53,"19","CD141"
2.30908743757426e-55,0.383752835306235,1,0.999,5.26471935766932e-53,"19","CD95"
6.65501167647402e-55,0.671786593980975,0.999,0.953,1.51734266223608e-52,"19","CD235a"
7.26833726395204e-54,0.330792479402323,1,1,1.65718089618106e-51,"19","CD44-1"
1.09203961784905e-52,0.420875488987041,1,0.998,2.48985032869584e-50,"19","CD196"
2.56259604686972e-50,0.633789586346346,1,0.968,5.84271898686297e-48,"19","CD119"
4.3140833566049e-46,0.621328833912824,0.998,0.962,9.83611005305918e-44,"19","TIM-4"
7.33142449156406e-46,0.389044820168372,1,0.995,1.6715647840766e-43,"19","CD366"
2.98138244142067e-45,0.493263130064381,0.998,0.981,6.79755196643913e-43,"19","CD59"
6.62988478526224e-45,0.704569341006628,1,0.955,1.51161373103979e-42,"19","CD39"
1.8994787653834e-40,0.728774204705369,0.982,0.808,4.33081158507414e-38,"19","CD192"
1.36703210117464e-38,0.285985468666338,1,1,3.11683319067818e-36,"19","CD307e"
1.51895133579464e-36,0.593631775111681,0.988,0.921,3.46320904561178e-34,"19","CD66a/c/e"
7.68860962977998e-34,0.574101696209403,0.996,0.945,1.75300299558983e-31,"19","CD163"
1.12039157066234e-21,0.352571082441036,0.995,0.969,2.55449278111013e-19,"19","CD112"
8.77939062555441e-20,1.37396651956143,0.386,0.149,2.00170106262641e-17,"19","TSLPR"
1.32518800753632e-16,0.593468021810058,0.904,0.803,3.02142865718281e-14,"19","CD169"
6.74623838342655e-14,0.492774746531764,0.973,0.908,1.53814235142125e-11,"19","CD304"
9.55415403801514e-13,0.304915481127907,0.987,0.938,2.17834712066745e-10,"19","CD15"
1.06484049653571e-11,0.250883385771988,0.999,0.994,2.42783633210142e-09,"19","CD45RO"
1.10697908431953e-06,0.312867690501636,0.964,0.87,0.000252391231224853,"19","CD85g"
1.38492422361309e-104,0.959702352558752,1,0.997,3.15762722983784e-102,"20","CD314"
4.06859125122104e-87,0.93460091851142,1,1,9.27638805278397e-85,"20","CD8a"
3.14308777364723e-81,1.38357297713481,0.993,0.99,7.16624012391568e-79,"20","CD8"
1.02730309637839e-80,0.675574596412128,1,0.998,2.34225105974274e-78,"20","CD2"
6.60814617222814e-69,0.766079722918916,0.999,0.983,1.50665732726802e-66,"20","CD45RB"
1.0476826730067e-68,0.680379883114845,1,1,2.38871649445527e-66,"20","CD27"
3.11471261040762e-67,0.850163017618115,0.988,0.95,7.10154475172937e-65,"20","CD96"
7.11952453458648e-55,0.622316780126457,0.998,0.996,1.62325159388572e-52,"20","CD127"
5.76514007546396e-52,0.377048734753421,1,1,1.31445193720578e-49,"20","CD99"
1.12842398035302e-45,0.257529829550934,1,1,2.57280667520488e-43,"20","CD52"
5.09386807874588e-39,0.394663424033972,0.999,0.999,1.16140192195406e-36,"20","CD28"
7.29282570829254e-35,0.530814273068516,1,0.999,1.6627642614907e-32,"20","CD3-2"
7.30569902422476e-33,0.530688624066171,1,0.998,1.66569937752325e-30,"20","CD3-1"
1.15489177747003e-27,0.390340946723695,1,1,2.63315325263166e-25,"20","CD73"
1.04137823781624e-22,0.483738639936871,0.997,0.994,2.37434238222103e-20,"20","CD279"
5.46543114992048e-15,0.476408743354912,0.997,0.993,1.24611830218187e-12,"20","CD49a"
3.61119798659466e-12,0.2842813350747,0.981,0.982,8.23353140943583e-10,"20","CD25"
3.03801283823233e-11,0.340642281459359,0.995,0.994,6.92666927116971e-09,"20","CD45RO"
1.88763202289166e-09,0.438872359641229,0.835,0.829,4.30380101219299e-07,"20","TIGIT"
7.79289330254592e-06,0.329529168370513,0.999,0.999,0.00177677967298047,"20","Integrin-7"
1.8966907182147e-05,0.267769015144195,0.987,0.962,0.00432445483752952,"20","TIM-4"
0.000387902340116349,0.896317506435886,0.938,0.954,0.0884417335465276,"20","CD103"
1.35394071429967e-138,1.37202704161708,1,1,3.08698482860326e-136,"21","CD16"
8.00137170342159e-117,0.409287130154757,1,1,1.82431274838012e-114,"21","CD43"
3.89905722622928e-116,1.47949216280256,0.999,0.968,8.88985047580276e-114,"21","CD56-2"
3.77277394403386e-109,1.81642322009335,0.992,0.969,8.6019245923972e-107,"21","CD158b"
1.43913670082703e-99,0.564324916329476,1,1,3.28123167788564e-97,"21","CD57"
4.82249524572981e-95,0.616169894245214,1,1,1.0995289160264e-92,"21","CD244"
7.55300263497358e-94,1.62505713836505,0.982,0.822,1.72208460077398e-91,"21","CD335"
5.86126510273759e-81,0.844231145710913,0.998,0.976,1.33636844342417e-78,"21","CD56-1"
1.33089931647285e-71,0.680157356557243,0.998,0.994,3.03445044155809e-69,"21","CD122"
2.77869938040643e-71,0.878080077851476,1,0.991,6.33543458732666e-69,"21","CD45RA"
2.93524000585802e-53,0.327048295257895,1,1,6.69234721335629e-51,"21","CD99"
2.62020838157137e-52,0.594434223670982,1,0.997,5.97407510998273e-50,"21","CD314"
1.37110022574365e-49,0.630732219984924,0.992,0.99,3.12610851469553e-47,"21","CD271"
7.14899490870039e-47,0.952289713773134,0.908,0.827,1.62997083918369e-44,"21","TIGIT"
6.41798978545871e-42,0.324770049256919,1,1,1.46330167108459e-39,"21","CD81"
1.03567155873688e-39,0.444249829810179,0.996,0.991,2.36133115392008e-37,"21","CX3CR1"
1.26383588883858e-35,0.812002667733615,0.95,0.912,2.88154582655195e-33,"21","CD337"
9.68841486721181e-30,0.455690812030013,1,0.998,2.20895858972429e-27,"21","CD2"
4.93521428020208e-25,0.569469615035599,0.842,0.816,1.12522885588608e-22,"21","CD161"
3.1261394328013e-22,0.323436208516233,1,1,7.12759790678697e-20,"21","CD38-1"
8.84220991845854e-19,0.316035259981025,1,0.998,2.01602386140855e-16,"21","CD38-2"
9.64536734197388e-19,0.362197866318752,0.986,0.962,2.19914375397005e-16,"21","TIM-4"
8.53484810280717e-12,0.430448492105914,0.923,0.913,1.94594536744004e-09,"21","CD307c/FcRL3"
3.43802964038842e-07,0.461837012826049,0.715,0.738,7.83870758008559e-05,"21","CD273"
1.9843828796451e-133,1.40865188180477,1,0.989,4.52439296559082e-131,"22","CD64"
3.64987177194983e-110,0.68065019454206,1,1,8.32170764004561e-108,"22","CD38-1"
3.8302919601876e-110,1.03748591043613,0.998,0.954,8.73306566922773e-108,"22","CD98"
4.23098880689452e-109,0.463992979690233,1,1,9.6466544797195e-107,"22","CD93"
3.3461998270808e-107,1.81642985489661,0.983,0.802,7.62933560574423e-105,"22","CD169"
4.14502922668904e-96,0.967347754732105,1,0.999,9.45066663685102e-94,"22","CD11b-2"
4.86723569732332e-96,1.17671020577092,1,0.939,1.10972973898972e-93,"22","CD86"
5.11580161721394e-93,0.629333269284709,1,0.998,1.16640276872478e-90,"22","CD38-2"
1.05317818155924e-91,0.570807948883561,1,0.998,2.40124625395507e-89,"22","CD205"
1.66653972321159e-91,0.654946593779041,1,0.999,3.79971056892243e-89,"22","CD55"
2.90673419464526e-91,0.650800962160332,1,0.995,6.62735396379118e-89,"22","CD366"
1.80079058068085e-90,0.829798493123042,1,0.993,4.10580252395233e-88,"22","CD14"
5.63497636186973e-89,1.21955946707883,1,0.985,1.2847746105063e-86,"22","CLEC12A"
3.30743082883023e-88,0.783354082841601,1,0.998,7.54094228973291e-86,"22","CD11c"
4.03340121352293e-87,0.467245257638714,1,1,9.19615476683227e-85,"22","CD11b-1"
6.14537759153794e-87,0.523267735403322,1,0.999,1.40114609087065e-84,"22","CD95"
1.18186227379587e-85,0.623755668316613,1,1,2.69464598425458e-83,"22","CD63"
2.81357070810176e-83,0.719039882916781,1,0.981,6.41494121447202e-81,"22","CD59"
2.53816854757085e-81,0.589414103461361,1,0.999,5.78702428846153e-79,"22","CD305"
5.0648516671443e-80,1.3409552848793,1,0.753,1.1547861801089e-77,"22","CD155"
9.56475182843761e-79,0.310565020380567,1,1,2.18076341688378e-76,"22","CD18"
9.87552647798686e-79,0.802924488540869,1,0.962,2.251620036981e-76,"22","TIM-4"
6.86263965983628e-76,1.05067774724694,0.998,0.92,1.56468184244267e-73,"22","CD354"
1.00848068260206e-75,0.81069904453562,1,0.993,2.2993359563327e-73,"22","CD13"
1.31554282505827e-75,0.902809572398938,0.998,0.938,2.99943764113285e-73,"22","CD15"
1.94000096217606e-75,0.818020104561304,1,0.968,4.42320219376142e-73,"22","CD119"
2.48211946946499e-75,0.696254348912097,1,0.996,5.65923239038017e-73,"22","CD49b"
7.83101736729913e-75,1.18733359717927,0.999,0.709,1.7854719597442e-72,"22","CD36"
9.62618641879908e-69,0.667425724399506,1,0.996,2.19477050348619e-66,"22","CD172a"
2.03759404822725e-61,0.678718522543223,1,0.985,4.64571442995812e-59,"22","HLA-DR"
1.38482578845155e-56,0.481571276607324,1,0.998,3.15740279766954e-54,"22","CD29"
1.34414511550161e-54,0.568730111926337,1,0.999,3.06465086334367e-52,"22","CD9"
1.73534415149947e-52,0.363054031696378,1,1,3.95658466541878e-50,"22","CD41"
1.26932294531221e-51,0.740292028066775,1,0.994,2.89405631531184e-49,"22","CD71"
2.989710545592e-50,0.707360878221174,1,0.955,6.81654004394975e-48,"22","CD39"
6.30276866923143e-49,0.414971213647061,1,0.998,1.43703125658477e-46,"22","CD196"
2.57833685545021e-48,0.279334082135527,1,1,5.87860803042648e-46,"22","CD44-1"
2.93500310107253e-46,0.378430567041131,1,1,6.69180707044536e-44,"22","CD31"
4.63605327279759e-45,0.620150415960905,0.997,0.953,1.05702014619785e-42,"22","CD235a"
2.50238428625917e-44,0.575256686160183,1,0.959,5.70543617267091e-42,"22","CD110"
2.62518306939665e-44,0.365077302634638,1,0.999,5.98541739822437e-42,"22","CD107a"
1.03513690507875e-43,0.406300835827197,1,0.996,2.36011214357955e-41,"22","CD42b"
6.9759579005267e-43,0.81606379494797,0.994,0.934,1.59051840132009e-40,"22","Folate"
8.88485130903001e-42,0.53544279291643,1,0.981,2.02574609845884e-39,"22","CD54"
1.77607058611718e-39,0.538635296138004,1,0.993,4.04944093634717e-37,"22","CD49a"
2.06309854663179e-38,0.332297968243009,1,1,4.70386468632048e-36,"22","CD49d"
2.41100310589016e-35,0.552415476537049,0.991,0.92,5.49708708142956e-33,"22","CD66a/c/e"
2.33941117723582e-34,0.629948961029194,0.993,0.879,5.33385748409768e-32,"22","CD164"
1.10314732514033e-33,0.705298039360001,0.982,0.808,2.51517590131994e-31,"22","CD192"
1.81243197619257e-28,0.517043889018554,0.997,0.945,4.13234490571907e-26,"22","CD163"
5.21866373929681e-28,0.329666277874004,1,0.994,1.18985533255967e-25,"22","CD45RO"
1.99451556955886e-26,0.266682251941646,1,0.998,4.5474954985942e-24,"22","CD61"
2.56392465310434e-26,0.274992757129595,1,1,5.84574820907789e-24,"22","CD35"
8.46869393154976e-24,0.575974527453656,0.963,0.808,1.93086221639335e-21,"22","CD11a/CD18"
2.29526164494384e-23,0.496851235534563,0.992,0.834,5.23319655047195e-21,"22","CD1d"
9.14488465119639e-23,0.468083077401697,0.998,0.95,2.08503370047278e-20,"22","CD141"
3.74197771898582e-21,0.329462882560904,0.997,0.957,8.53170919928768e-19,"22","GP130"
8.8807186772914e-21,0.452158583402295,0.968,0.82,2.02480385842244e-18,"22","CD126"
4.45452785477081e-20,0.317485758958109,0.999,0.969,1.01563235088774e-17,"22","CD69"
2.20539300169139e-19,0.385233338716315,0.992,0.954,5.02829604385638e-17,"22","CD206"
3.59117093038841e-19,0.463490045807331,0.98,0.87,8.18786972128558e-17,"22","CD85g"
1.38553089162123e-15,1.12632205680753,0.341,0.15,3.15901043289642e-13,"22","TSLPR"
5.40279863641498e-14,0.377939123185001,0.976,0.868,1.23183808910261e-11,"22","CD123"
5.53718311847596e-07,0.372066482318349,0.97,0.908,0.000126247775101252,"22","CD304"
5.02966538691192e-148,2.75715936622111,1,0.874,1.14676370821592e-145,"23","IgD"
3.89525989443292e-147,2.02623741262996,1,0.99,8.88119255930706e-145,"23","CD22"
2.80654696179306e-146,2.89736974074219,0.998,0.622,6.39892707288817e-144,"23","CD20"
1.81935579111067e-144,2.21561793032094,1,0.988,4.14813120373233e-142,"23","CD72"
5.79470128524941e-139,2.56601937807781,1,0.834,1.32119189303687e-136,"23","CD21"
7.21670169637553e-135,1.61066188353449,1,1,1.64540798677362e-132,"23","CD19"
2.43981635440496e-132,1.99027272189167,0.999,0.859,5.5627812880433e-130,"23","IgM"
1.82952826880271e-131,1.97665968411657,1,0.927,4.17132445287017e-129,"23","CD268"
5.85285968733655e-117,1.20184195463864,1,0.987,1.33445200871273e-114,"23","CD275-2"
5.06604508545284e-109,0.852640729802229,1,0.998,1.15505827948325e-106,"23","CD196"
4.86546851092573e-104,1.09514718584779,1,1,1.10932682049107e-101,"23","CD73"
9.27012192789904e-103,0.889102711987383,1,0.987,2.11358779956098e-100,"23","CD200"
2.54457442990205e-102,0.853699381571231,1,0.995,5.80162970017667e-100,"23","CD79b"
9.06727775679055e-102,1.03454546296788,1,0.985,2.06733932854825e-99,"23","HLA-DR"
1.66393429030717e-86,1.49481112382014,0.975,0.688,3.79377018190035e-84,"23","CD40"
5.16353648580178e-79,1.26230517374863,0.98,0.752,1.17728631876281e-76,"23","CD272"
1.01483982028329e-78,1.39059733012182,0.983,0.647,2.31383479024591e-76,"23","CD185"
7.06768882707905e-73,1.21341045260908,0.994,0.919,1.61143305257402e-70,"23","CD1c"
5.65064138292125e-70,0.939821000048753,1,0.955,1.28834623530604e-67,"23","CD39"
1.19277286981043e-62,0.473504572798103,1,1,2.71952214316778e-60,"23","CD35"
4.20531095051454e-62,0.587820725836405,1,0.999,9.58810896717314e-60,"23","Integrin-7"
1.1830671718341e-57,0.762955800673064,0.996,0.92,2.69739315178174e-55,"23","CD24"
2.41046426104253e-57,0.448174737989098,1,0.999,5.49585851517697e-55,"23","CD305"
4.77599049705577e-49,0.763453270413038,0.997,0.904,1.08892583332872e-46,"23","CD275-1"
4.11962203196889e-48,0.582656649601135,1,0.994,9.39273823288908e-46,"23","CD71"
1.48383615399562e-41,0.771789043679907,0.99,0.834,3.38314643111002e-39,"23","CD1d"
1.56357064022354e-39,0.431238932914078,1,0.994,3.56494105970967e-37,"23","CD325"
5.02823118407273e-33,0.546705564211621,0.998,0.96,1.14643670996858e-30,"23","CD338"
1.39532003890787e-31,0.398737753322358,1,0.974,3.18132968870995e-29,"23","CD370"
2.73902689729526e-31,0.620697681173689,0.984,0.859,6.24498132583319e-29,"23","CD68"
1.22455721023364e-28,0.371634140099573,0.999,0.989,2.7919904393327e-26,"23","CD202b"
6.24786693503242e-27,0.556656097436167,0.984,0.912,1.42451366118739e-24,"23","CD307c/FcRL3"
7.26000961493168e-24,0.377367455918853,1,0.992,1.65528219220442e-21,"23","CCR10"
2.93510937751715e-23,0.308201832729982,0.999,0.986,6.69204938073909e-21,"23","Rat-IgG1-2"
1.44169230625227e-22,0.613669292882762,0.975,0.879,3.28705845825517e-20,"23","CD164"
2.46456748159924e-21,0.449460049203228,0.999,0.963,5.61921385804627e-19,"23","CD138-1"
2.78982474980951e-21,0.307624439239256,0.997,0.984,6.36080042956568e-19,"23","CD79a"
4.44478424717018e-19,0.401202055615445,0.987,0.925,1.0134108083548e-16,"23","CD154"
7.01762178481548e-17,0.372422229551698,1,0.991,1.60001776693793e-14,"23","CD45RA"
4.85178070835657e-16,0.776081095282436,0.878,0.726,1.1062060015053e-13,"23","CD171"
1.22334677618291e-15,0.289953559438546,0.997,0.973,2.78923064969705e-13,"23","Siglec-8"
1.32664182179846e-15,0.562625097068134,0.96,0.821,3.02474335370049e-13,"23","CD319"
1.53642331634729e-15,0.451504166347983,0.975,0.868,3.50304516127183e-13,"23","CD123"
1.73849673369895e-15,0.295528904299612,0.997,0.982,3.96377255283361e-13,"23","CD270"
5.56499268721071e-15,0.426101037441758,0.954,0.819,1.26881833268404e-12,"23","CD30"
4.46074116659978e-14,0.28645789608204,1,0.989,1.01704898598475e-11,"23","CD138-2"
3.71927376583999e-13,0.558898592313458,0.787,0.586,8.47994418611518e-11,"23","Podoplanin"
4.43494417530507e-11,0.365255558545999,0.998,0.976,1.01116727196956e-08,"23","CD243"
5.21780752122103e-11,0.455079925481787,0.964,0.872,1.1896601148384e-08,"23","VEGFR-3"
1.2138983593473e-10,0.396930843976119,0.808,0.629,2.76768825931184e-08,"23","CD115"
1.24331463912411e-10,0.414542957420276,0.915,0.78,2.83475737720296e-08,"23","CD294"
3.16924821419858e-10,0.286828575726944,0.987,0.932,7.22588592837277e-08,"23","CD83"
4.18838393086594e-10,0.405755764043775,0.968,0.899,9.54951536237435e-08,"23","CD124"
3.83396966150893e-08,0.305539319585277,0.923,0.815,8.74145082824037e-06,"23","CD1a"
3.43343255475996e-06,0.382599829168875,0.996,0.985,0.00078282262248527,"23","CD133-1"
8.36308562998629e-06,0.409922329302673,0.882,0.765,0.00190678352363687,"23","CD307d"
1.74669504529748e-05,0.3468683342439,0.847,0.713,0.00398246470327826,"23","CD158f"
0.000154462054359988,0.344952017526036,0.878,0.771,0.0352173483940773,"23","CD140a"
0.000355933179677293,0.262625075544097,0.866,0.757,0.0811527649664228,"23","CD140b"
0.000434976590516342,0.251728326978631,0.874,0.787,0.0991746626377259,"23","CD252"
3.17104770660796e-140,0.664037416781478,1,1,7.22998877106615e-138,"24","CD49d"
3.45237316361235e-132,0.648287835870873,1,1,7.87141081303616e-130,"24","CD31"
1.63615890385657e-116,1.21767573210734,1,1,3.73044230079297e-114,"24","CD16"
3.06823366983374e-99,0.759087654624958,1,0.998,6.99557276722093e-97,"24","CD29"
1.26217274018272e-96,0.92672855408085,1,0.981,2.8777538476166e-94,"24","CD54"
1.43979158505809e-96,1.44529873910892,0.991,0.868,3.28272481393243e-94,"24","CD123"
1.64466917756913e-93,1.21631596491729,1,0.939,3.74984572485763e-91,"24","CD86"
1.95998362601752e-87,0.811626632136825,1,0.996,4.46876266731994e-85,"24","CD172a"
1.41842952266797e-86,0.913238179259506,1,0.994,3.23401931168297e-84,"24","CD13"
1.89551868131553e-86,0.721289068643249,0.999,0.991,4.32178259339941e-84,"24","CX3CR1"
1.17324442100896e-82,0.77001134085545,1,0.998,2.67499727990043e-80,"24","CD11c"
5.10974397145401e-81,0.323556618324008,1,1,1.16502162549151e-78,"24","CD102"
2.15922258813233e-79,0.823247128011336,1,0.994,4.92302750094171e-77,"24","CD71"
2.71677873829813e-77,1.00168633357075,1,0.996,6.19425552331973e-75,"24","CD49b"
3.9398302809752e-77,0.412896354334783,1,1,8.98281304062345e-75,"24","CD62P"
2.02224301012391e-71,0.60389358462279,1,1,4.61071406308252e-69,"24","CD41"
6.32462196023238e-71,0.826994973917475,1,0.999,1.44201380693298e-68,"24","CD9"
1.07194510823813e-70,0.518750628550116,1,1,2.44403484678293e-68,"24","CD244"
8.97515634288795e-70,0.474439822330775,1,1,2.04633564617845e-67,"24","CLEC2"
1.74628071533076e-68,0.761469456330454,0.999,0.968,3.98152003095413e-66,"24","CD119"
1.47958874402275e-67,0.836478112638638,1,0.985,3.37346233637188e-65,"24","HLA-DR"
1.49108476065978e-67,0.840424137847731,1,0.996,3.39967325430429e-65,"24","CD42b"
9.72459697607093e-67,0.286904734120054,1,1,2.21720811054417e-64,"24","CD43"
2.13135049730953e-62,0.782237524266098,0.996,0.951,4.85947913386573e-60,"24","CD141"
2.44713810156458e-62,0.502621150981741,1,0.999,5.57947487156725e-60,"24","CD305"
2.5727191374302e-60,0.255917176968812,1,1,5.86579963334087e-58,"24","CD18"
6.17205247521718e-55,0.737746097856247,0.997,0.962,1.40722796434952e-52,"24","TIM-4"
1.20472002189696e-54,0.566138440340867,1,1,2.74676164992508e-52,"24","CD63"
1.52024900817414e-54,1.04344883752267,1,0.985,3.46616773863704e-52,"24","CLEC12A"
1.63939430631119e-51,0.418029060877863,1,0.999,3.73781901838952e-49,"24","CD95"
1.06694396854791e-49,0.632544349939027,1,0.998,2.43263224828923e-47,"24","CD61"
1.43324300760633e-49,0.822465505105409,0.99,0.959,3.26779405734242e-47,"24","CD110"
1.70120862730497e-47,0.768224037675339,0.999,0.955,3.87875567025533e-45,"24","CD39"
2.79139952642045e-45,0.621621430363417,0.997,0.953,6.36439092023863e-43,"24","CD235a"
1.00401962953531e-43,0.467181132356278,0.999,0.995,2.2891647553405e-41,"24","MERTK"
2.24705734779571e-41,0.282384028042074,1,1,5.12329075297422e-39,"24","CD307e"
4.38419970624206e-40,0.727280525733067,0.993,0.97,9.99597533023189e-38,"24","CD69"
7.1923505422473e-39,0.572088294072458,0.997,0.987,1.63985592363238e-36,"24","CD275-2"
1.40610738197845e-38,0.672206858175508,0.993,0.955,3.20592483091087e-36,"24","CD98"
4.75457873785507e-36,0.459314357922056,1,0.999,1.08404395223096e-33,"24","CD226"
2.02990209746805e-35,0.685488466833178,0.959,0.88,4.62817678222715e-33,"24","CD164"
6.88178704471855e-32,0.664892670694279,0.979,0.935,1.56904744619583e-29,"24","Folate"
3.33752877667696e-31,0.85808654992982,0.918,0.711,7.60956561082347e-29,"24","CD36"
1.42479479355465e-30,0.571409963692607,0.983,0.921,3.24853212930461e-28,"24","CD66a/c/e"
5.90451083735316e-28,0.333771942943505,1,0.999,1.34622847091652e-25,"24","CD107a"
8.12391996003593e-25,0.599908146879378,0.988,0.754,1.85225375088819e-22,"24","CD155"
4.17280455211852e-24,0.358189220522702,1,0.999,9.51399437883023e-22,"24","CD55"
2.20988172638389e-23,0.327054109313749,1,0.995,5.03853033615526e-21,"24","CD366"
9.24070605559881e-21,0.330172166085421,1,0.989,2.10688098067653e-18,"24","CD64"
2.01530206951077e-19,0.411496305257442,0.995,0.99,4.59488871848456e-17,"24","CD271"
7.28883026419199e-18,0.582782340370836,0.897,0.804,1.66185330023577e-15,"24","CD169"
3.40926412214524e-13,0.320979268578666,0.988,0.969,7.77312219849115e-11,"24","CD112"
7.65972899892420e-11,0.657048157577751,0.858,0.782,1.74641821175472e-08,"24","CD204"
4.72570618473235e-08,0.30092651150413,0.884,0.81,1.07746101011898e-05,"24","CD11a/CD18"
1.02909932806202e-07,0.279985733464171,0.925,0.888,2.3463464679814e-05,"24","CD274"
0.00480103751719787,0.784023921307503,0.264,0.152,1,"24","TSLPR"
1.01627664278797e-91,0.869613286006005,1,1,2.31711074555658e-89,"25","CD8a"
9.89195929442774e-88,1.33154608697882,0.999,0.99,2.25536671912952e-85,"25","CD8"
2.45576253919635e-85,0.87689081822928,1,0.997,5.59913858936768e-83,"25","CD314"
1.59972312611879e-65,0.258612302260674,1,1,3.64736872755085e-63,"25","CD43"
2.25701237162562e-65,0.99871997385047,0.996,0.968,5.14598820730641e-63,"25","CD56-2"
2.49730267559956e-64,0.526956924681218,1,0.994,5.69385010036699e-62,"25","CD325"
8.85674286077742e-61,0.698502485290587,0.996,0.976,2.01933737225725e-58,"25","CD56-1"
2.90657763426816e-52,0.708497145871559,0.997,0.99,6.62699700613141e-50,"25","CD271"
1.25366313062167e-47,0.392860227225307,1,0.992,2.85835193781741e-45,"25","CD324"
7.99322905984212e-46,0.784859970701885,0.995,0.904,1.822456225644e-43,"25","CD275-1"
1.15364650351849e-44,0.559602126067285,1,0.998,2.63031402802215e-42,"25","CD2"
2.50642030873413e-40,0.441714952885072,0.996,0.974,5.71463830391381e-38,"25","Siglec-8"
1.86568400777318e-39,0.293245789464736,1,1,4.25375953772284e-37,"25","CD81"
6.00999897225006e-38,0.481989714173184,0.993,0.963,1.37027976567301e-35,"25","CD138-1"
6.01463281484772e-38,0.301355266982868,1,1,1.37133628178528e-35,"25","CD57"
3.47869812139543e-34,0.357963484814145,0.999,0.986,7.93143171678159e-32,"25","Rat-IgG1-2"
1.14649758816948e-33,0.469471094834822,0.998,0.988,2.61401450102642e-31,"25","CD195"
1.43572183535673e-32,0.377699497837961,0.996,0.961,3.27344578461335e-30,"25","CD338"
1.81147451376076e-32,0.343569824607892,0.999,0.989,4.13016189137454e-30,"25","CD202b"
2.27366255853471e-32,0.413983666809738,0.999,0.974,5.18395063345914e-30,"25","CD370"
3.10431639590116e-28,0.314996816700133,1,0.993,7.07784138265466e-26,"25","CD194"
2.91470359318819e-27,0.615737728442703,0.961,0.822,6.64552419246908e-25,"25","CD319"
1.21076801721379e-26,0.536288728415443,0.985,0.859,2.76055107924743e-24,"25","CD68"
2.01326593132866e-26,0.321804570114441,0.997,0.988,4.59024632342935e-24,"25","CD144"
2.1706579745272e-26,0.558273911408481,0.939,0.827,4.94910018192201e-24,"25","TIGIT"
1.17598819731352e-25,0.370945698504074,0.999,0.991,2.68125308987482e-23,"25","CD45RA"
1.27366778424632e-25,0.354420352324142,0.999,0.99,2.90396254808161e-23,"25","Rat-IgG1-1"
3.96942397343817e-25,0.366947479730605,0.994,0.962,9.05028665943903e-23,"25","LOX-1"
6.65400796190944e-25,0.271359919725135,0.999,0.992,1.51711381531535e-22,"25","CCR10"
2.61656774341467e-24,0.267535037928387,1,0.999,5.96577445498545e-22,"25","TCR-2"
2.45896906788023e-23,0.344312745072565,0.999,0.992,5.60644947476693e-21,"25","CD278"
1.0606141771848e-22,0.569984890340818,0.95,0.819,2.41820032398135e-20,"25","CD30"
9.08440837042504e-22,0.263845813402916,0.998,0.989,2.07124510845691e-19,"25","CD138-2"
9.5126132615828e-22,0.780728588673757,0.846,0.649,2.16887582364088e-19,"25","CD185"
1.58796257270019e-21,0.257522644419236,1,0.995,3.62055466575643e-19,"25","MERTK"
2.04620205457497e-20,0.340408160548048,0.992,0.97,4.66534068443093e-18,"25","CD357"
4.44815558463741e-19,0.358744774192186,0.985,0.942,1.01417947329733e-16,"25","CD223"
1.62980212197985e-17,0.364953402139899,1,0.999,3.71594883811406e-15,"25","CD3-1"
9.42188246990004e-15,0.36361597180893,0.985,0.932,2.14818920313721e-12,"25","CD83"
2.09455913975516e-14,0.350460496611587,1,0.999,4.77559483864176e-12,"25","CD3-2"
1.7665272243458e-13,0.472645560655109,0.912,0.781,4.02768207150842e-11,"25","CD294"
6.64656729121116e-13,0.289828566926696,0.985,0.92,1.51541734239614e-10,"25","CD24"
7.32524084942795e-13,0.310723599958959,0.999,0.999,1.67015491366957e-10,"25","CD158e1"
1.64143185083605e-09,0.34421010810515,0.84,0.758,3.74246461990618e-07,"25","CD140b"
8.19667493553665e-09,0.299294454064596,0.945,0.887,1.86884188530236e-06,"25","Rag-IgG2c"
2.91258057424612e-08,0.30388915815807,0.942,0.872,6.64068370928116e-06,"25","VEGFR-3"
4.36505122961091e-08,0.497546215071838,0.733,0.588,9.95231680351288e-06,"25","Podoplanin"
4.45975621553997e-08,0.44674272412061,0.773,0.63,1.01682441714311e-05,"25","CD115"
6.36789078846624e-07,0.309222306544403,0.947,0.866,0.00014518790997703,"25","CD235ab"
1.313933325426e-06,0.375648052651023,0.828,0.736,0.000299576798197129,"25","CD273"
2.80751882275342e-06,0.339445779935368,0.758,0.678,0.000640114291587779,"25","Rat-IgG2b"
7.64156376275171e-06,0.278327781192166,0.847,0.765,0.00174227653790739,"25","CD307d"
8.24426969870828e-06,0.300201469114201,0.899,0.816,0.00187969349130549,"25","CD1a"
4.33244668830869e-05,0.346085089633553,0.809,0.713,0.00987797844934381,"25","CD158f"
5.47706900789724e-05,0.289307445438746,0.734,0.664,0.0124877173380057,"25","CD137"
0.000189537727537297,0.60037134064375,0.97,0.969,0.0432146018785038,"25","CD158b"
1.55798006713298e-114,0.90593802243754,1,0.992,3.55219455306321e-112,"26","CD278"
9.20552138855791e-108,1.2809854942221,0.998,0.871,2.0988588765912e-105,"26","CD4-2"
1.69320512675591e-105,0.572776466755562,1,1,3.86050768900347e-103,"26","CD4-1"
9.46978187385079e-88,0.522945360736789,1,0.992,2.15911026723798e-85,"26","CCR10"
1.10821626993004e-86,0.7607592987234,1,0.999,2.5267330954405e-84,"26","CD3-2"
3.13724139629486e-85,0.599448097126417,1,1,7.15291038355228e-83,"26","CD109"
6.93506282991507e-81,0.597814956133163,1,0.999,1.58119432522064e-78,"26","CD28"
2.26944987812303e-76,0.639642044357205,1,0.999,5.17434572212051e-74,"26","TCR-2"
1.8317691286921e-74,0.744881544754728,1,1,4.17643361341798e-72,"26","CD27"
7.04002526960064e-73,0.731648626601024,1,0.999,1.60512576146895e-70,"26","CD3-1"
1.64126199076012e-62,0.746462028221487,1,0.983,3.74207733893308e-60,"26","CD45RB"
9.13581023513183e-58,0.435802170439622,1,0.995,2.08296473361006e-55,"26","MERTK"
1.57317302627e-54,0.663919511952385,1,0.996,3.58683449989559e-52,"26","CD127"
1.45926641668615e-52,0.847794112455254,0.983,0.821,3.32712743004442e-50,"26","CD126"
6.59760427705152e-48,0.580821496339323,0.998,0.957,1.50425377516775e-45,"26","GP130"
5.6196298922223e-47,0.442671376707387,1,0.99,1.28127561542668e-44,"26","Rat-IgG1-1"
2.6246213902308e-44,0.486304846396957,0.998,0.974,5.98413676972623e-42,"26","CD370"
6.24940113791908e-37,0.411564909641733,1,0.995,1.42486345944555e-34,"26","CD26-2"
7.96428373228741e-35,0.39622956158464,0.996,0.977,1.81585669096153e-32,"26","TCR-1"
5.38462937468337e-30,0.621876676821483,0.951,0.819,1.22769549742781e-27,"26","CD30"
5.69734289145823e-30,0.352848775221244,0.999,0.989,1.29899417925248e-27,"26","CD202b"
3.49180180144283e-29,0.397541898638825,0.998,0.984,7.96130810728965e-27,"26","Notch-1"
2.10827200409069e-25,0.326597374509841,0.999,0.986,4.80686016932676e-23,"26","Rat-IgG1-2"
3.91786188801089e-25,0.307464416956814,1,0.994,8.93272510466483e-23,"26","CD325"
2.47905701143474e-24,0.389680722128304,1,0.999,5.65224998607122e-22,"26","Integrin-7"
1.59311961722378e-21,0.40238770664218,0.908,0.816,3.63231272727022e-19,"26","CD1a"
6.23008134644572e-21,0.47010681837087,0.978,0.859,1.42045854698963e-18,"26","CD68"
1.80869378809785e-18,0.372835239195446,0.98,0.941,4.12382183686311e-16,"26","CD184"
1.18001887190894e-17,0.564277317287991,0.901,0.771,2.69044302795238e-15,"26","CD105"
4.30088028311e-16,0.561490057799922,0.804,0.663,9.80600704549081e-14,"26","CD137"
6.80289240556321e-14,0.419707981929588,1,0.998,1.55105946846841e-11,"26","CD2"
5.4298765347666e-13,0.252584556790906,0.99,0.954,1.23801184992678e-10,"26","CD45-1"
5.83811694557933e-13,0.411600822212999,0.994,0.982,1.33109066359209e-10,"26","CD25"
3.54775771484056e-11,0.282004668364347,0.991,0.95,8.08888758983647e-09,"26","CD96"
1.90374899789976e-10,0.284454676191357,1,0.991,4.34054771521145e-08,"26","CD45RA"
5.3386495798522e-09,0.44681328974796,0.854,0.746,1.2172121042063e-06,"26","Cadherin"
1.36039686688213e-07,0.311554179610759,0.939,0.866,3.10170485649126e-05,"26","CD235ab"
1.73733721624502e-07,0.464623065922233,0.739,0.624,3.96112885303865e-05,"26","TCR-V-24-J-18"
1.54658046897316e-06,0.357176387869598,0.691,0.6,0.000352620346925881,"26","CD309"
8.06825400442957e-06,0.283633248659697,0.73,0.631,0.00183956191300994,"26","CD115"
1.64603648409964e-05,0.256309419899995,0.808,0.756,0.00375296318374717,"26","B7-H4"
0.000139088416283225,0.333549715701726,0.843,0.779,0.0317121589125753,"26","CD207"
0.000196169002237076,0.261120820771458,0.833,0.772,0.0447265325100533,"26","CD140a"
3.74153221142454e-129,1.35039305960654,1,0.989,8.53069344204796e-127,"27","CD64"
1.39761314398522e-122,1.14400419140877,1,0.994,3.1865579682863e-120,"27","CD13"
2.53762885590124e-115,1.29515336537031,1,0.985,5.78579379145483e-113,"27","CLEC12A"
5.16085251470747e-108,0.714677721124587,1,0.999,1.1766743733533e-105,"27","CD55"
6.64414808963217e-107,0.951033566403157,1,0.968,1.51486576443613e-104,"27","CD119"
2.29307392302187e-104,1.56298787297867,0.993,0.803,5.22820854448987e-102,"27","CD169"
1.75748131996583e-99,0.974693544219027,1,0.999,4.00705740952209e-97,"27","CD11b-2"
1.38741655579986e-98,1.19290923840603,1,0.939,3.16330974722368e-96,"27","CD86"
7.84474781853635e-98,0.336321353576524,1,1,1.78860250262629e-95,"27","CD18"
1.5232902043452e-96,0.507128888594245,1,1,3.47310166590706e-94,"27","CD11b-1"
6.8394730876036e-95,0.83372135549134,1,0.993,1.55939986397362e-92,"27","CD14"
2.44228039839533e-94,0.817229029169028,1,0.998,5.56839930834135e-92,"27","CD11c"
2.86310179035088e-88,0.506615238464763,1,0.999,6.527872082e-86,"27","CD95"
2.06771735896524e-86,1.35958970940046,0.999,0.711,4.71439557844074e-84,"27","CD36"
6.08528202704872e-84,0.781088918700142,1,0.994,1.38744430216711e-81,"27","CD71"
3.1480796502787e-81,1.28446931514975,0.998,0.755,7.17762160263543e-79,"27","CD155"
1.81246253681581e-80,0.737286337537423,1,0.996,4.13241458394005e-78,"27","CD172a"
3.75821841900098e-80,0.471866119605473,1,1,8.56873799532224e-78,"27","CD31"
2.43291188846253e-77,0.521986490402829,1,1,5.54703910569457e-75,"27","CD35"
3.6906925198727e-77,0.526793169642587,1,0.999,8.41477894530975e-75,"27","CD305"
2.72337286387206e-75,0.524606955299696,1,1,6.20929012962829e-73,"27","CD38-1"
1.70808684287117e-71,0.68050107839586,1,0.996,3.89443800174628e-69,"27","CD49b"
1.84888160695915e-68,0.810487879653372,1,0.955,4.21545006386685e-66,"27","CD39"
2.12797859177106e-65,0.293062824269612,1,1,4.85179118923801e-63,"27","CD93"
2.37866880039184e-65,0.842260678990284,0.998,0.92,5.42336486489339e-63,"27","CD354"
2.75644378751515e-63,0.507492659471675,1,0.998,6.28469183553455e-61,"27","CD29"
3.50329857899974e-63,0.603787193466724,1,0.999,7.98752076011941e-61,"27","CD9"
6.31738667364761e-61,0.409437613718374,1,1,1.44036416159166e-58,"27","CD41"
3.49327529806398e-60,0.459347151680705,1,0.998,7.96466767958588e-58,"27","CD38-2"
4.59666970946549e-59,0.678782695197874,0.996,0.957,1.04804069375813e-56,"27","GP130"
1.37408766053813e-51,0.499717044526659,0.996,0.981,3.13291986602693e-49,"27","CD59"
4.22941353956688e-51,0.553039353385707,0.999,0.981,9.64306287021248e-49,"27","CD54"
6.06282859353925e-49,0.294278212704445,1,1,1.38232491932695e-46,"27","CD44-1"
1.13452679226617e-48,0.603221061626505,0.999,0.993,2.58672108636688e-46,"27","CD49a"
4.16959421875363e-46,0.800569224321096,0.981,0.809,9.50667481875828e-44,"27","CD192"
2.18049876593742e-45,0.623120912817145,0.999,0.953,4.97153718633731e-43,"27","CD235a"
4.49245522300896e-41,0.477040955796153,1,0.985,1.02427979084604e-38,"27","HLA-DR"
5.96959062447694e-40,0.571210758862581,0.998,0.959,1.36106666238074e-37,"27","CD110"
5.73020962584546e-37,0.409018831906737,1,0.996,1.30648779469276e-34,"27","CD42b"
9.9271800043717e-34,0.306999048568787,1,0.998,2.26339704099675e-31,"27","CD61"
2.76991190959871e-29,0.317602539163237,1,0.995,6.31539915388506e-27,"27","CD366"
1.0059516625376e-24,0.471421957282431,0.98,0.921,2.29356979058572e-22,"27","CD66a/c/e"
6.83028654869226e-24,0.592695182498592,0.985,0.935,1.55730533310184e-21,"27","Folate"
1.9042961293366e-23,0.349627569649214,1,1,4.34179517488745e-21,"27","CD244"
8.26826620124983e-19,0.400000175929051,0.976,0.835,1.88516469388496e-16,"27","CD1d"
2.28883041284708e-16,0.327038704435259,0.996,0.951,5.21853334129135e-14,"27","CD141"
7.32689280805516e-13,0.317266793854913,0.993,0.945,1.67053156023658e-10,"27","CD163"
4.72456911258911e-11,0.298920839643058,0.998,0.962,1.07720175767032e-08,"27","TIM-4"
7.59769546883351e-11,1.08098329939932,0.303,0.151,1.73227456689404e-08,"27","TSLPR"
2.69461535273163e-07,0.268003825382586,0.962,0.869,6.14372300422811e-05,"27","CD123"
3.1871527799463e-07,0.397686524089935,0.966,0.909,7.26670833827756e-05,"27","CD304"
0.000684552193585063,0.554873799904062,0.978,0.955,0.156077900137394,"27","CD66b"
9.44162757563399e-154,1.47261769252458,1,0.988,2.15269108724455e-151,"28","CD195"
3.37448890654909e-145,3.24428662606756,0.974,0.629,7.69383470693192e-143,"28","TCR-V-7.2"
2.12295374739383e-141,1.38251046216093,1,0.995,4.84033454405793e-139,"28","CD26-2"
1.62915604357003e-138,2.15834125511862,0.998,0.814,3.71447577933967e-136,"28","CD161"
5.21386032290645e-97,0.916015810038594,1,0.996,1.18876015362267e-94,"28","CD127"
2.07043434145266e-71,0.590757022527322,1,0.999,4.72059029851206e-69,"28","CD28"
3.62356797608414e-71,0.808194336202032,0.997,0.95,8.26173498547185e-69,"28","CD96"
3.25582169822982e-70,0.64464726026504,1,0.994,7.423273471964e-68,"28","CD45RO"
1.37946621017219e-65,1.62116426402922,0.965,0.821,3.14518295919259e-63,"28","CD117"
3.42459527655113e-61,0.627064789249357,1,0.998,7.80807723053657e-59,"28","CD2"
1.08942556389345e-57,0.354894352036886,1,1,2.48389028567706e-55,"28","CD81"
4.80708698033333e-57,0.495728830376806,1,0.994,1.096015831516e-54,"28","CD325"
2.75108642754152e-42,0.350837793409608,0.999,0.992,6.27247705479467e-40,"28","Galectin-9"
4.91556670084564e-40,0.380797132889922,0.999,0.974,1.12074920779281e-37,"28","CD370"
2.27512055440465e-39,0.724252202988643,0.993,0.904,5.18727486404259e-37,"28","CD275-1"
2.94464329829636e-39,0.614523591912077,0.985,0.894,6.7137867201157e-37,"28","CD186"
1.00007252323191e-36,0.698623012121229,0.995,0.969,2.28016535296874e-34,"28","CD56-2"
1.14984228475007e-34,0.534680082087251,0.996,0.976,2.62164040923015e-32,"28","CD56-1"
3.20563523810243e-33,0.329972275116746,1,0.992,7.30884834287355e-31,"28","CD324"
9.03404725153337e-32,0.565327045360239,0.971,0.872,2.05976277334961e-29,"28","VEGFR-3"
4.47665876078919e-30,0.387708308826376,1,1,1.02067819745993e-27,"28","CD8a"
2.92153309015785e-29,0.273045839169657,0.999,0.993,6.66109544555991e-27,"28","CD194"
4.55273265344001e-28,0.483699011381873,0.985,0.859,1.03802304498432e-25,"28","CD68"
9.94074318315998e-27,0.452492079639378,0.996,0.963,2.26648944576048e-24,"28","CD138-1"
1.05722362696237e-25,0.570798001813656,1,0.99,2.41046986947421e-23,"28","CD8"
1.87689762607415e-24,0.273553558256329,0.998,0.988,4.27932658744906e-22,"28","CD144"
2.79901864833001e-24,0.397517783910133,0.998,0.974,6.38176251819242e-22,"28","Siglec-8"
3.53522787001838e-24,0.251532708070221,1,0.999,8.06031954364191e-22,"28","TCR-2"
3.62350387151689e-24,0.52899081855895,1,0.999,8.26158882705851e-22,"28","CD3-1"
7.41765259083777e-23,0.335345988238406,0.997,0.961,1.69122479071101e-20,"28","CD338"
8.10052868761792e-22,0.428607104934732,1,0.983,1.84692054077689e-19,"28","CD45RB"
1.16404551203353e-21,0.298103117859226,0.999,0.989,2.65402376743644e-19,"28","CD202b"
2.82518536230741e-21,0.303419919483473,0.998,0.99,6.44142262606088e-19,"28","Rat-IgG1-1"
1.10340610606769e-20,0.309619981424954,0.995,0.962,2.51576592183434e-18,"28","LOX-1"
9.36421504678589e-20,0.299186407202526,0.999,0.986,2.13504103066718e-17,"28","Rat-IgG1-2"
4.69198120479475e-16,0.453672115831148,0.945,0.822,1.0697717146932e-13,"28","CD319"
1.46317116691447e-14,0.316053579269636,0.989,0.954,3.336030260565e-12,"28","CD45-1"
1.77080986496205e-14,0.448145649510479,0.943,0.82,4.03744649211346e-12,"28","CD30"
2.70036497826179e-14,0.667837222286344,0.826,0.65,6.15683215043688e-12,"28","CD185"
8.75169336487778e-14,0.267329210128196,0.981,0.942,1.99538608719213e-11,"28","CD223"
4.53744900190906e-13,0.459931974850901,1,0.999,1.03453837243527e-10,"28","CD3-2"
3.14321681712117e-12,0.414162258804913,0.909,0.781,7.16653434303626e-10,"28","CD294"
2.47288764683406e-10,0.407662555386648,0.79,0.631,5.63818383478165e-08,"28","CD115"
2.21893060794825e-09,0.281763149513935,0.991,0.97,5.05916178612202e-07,"28","CD357"
5.35219234211963e-09,0.273737509593794,0.986,0.932,1.22029985400328e-06,"28","CD83"
1.23355575728979e-08,0.450410612288424,0.728,0.588,2.81250712662073e-06,"28","Podoplanin"
4.92845570696677e-06,0.410180862705665,0.991,0.97,0.00112368790118842,"28","CD69"
4.99454362498489e-05,0.298615836850009,0.772,0.678,0.0113875594649656,"28","Rat-IgG2b"
0.000250729582552765,0.510642155540912,0.925,0.893,0.0571663448220304,"28","CD146"
0.0020127202788599,0.26661827811389,0.768,0.664,0.458900223580058,"28","CD137"
0.00344437915790371,0.273299501726497,0.836,0.758,0.785318448002045,"28","CD140b"
2.29874325809253e-104,1.12013803101773,1,0.835,5.24113462845096e-102,"29","CD1d"
1.7426939743387e-87,0.703511540060892,1,0.998,3.97334226149223e-85,"29","CD61"
3.47890821278387e-84,0.774166819727264,1,0.968,7.93191072514722e-82,"29","CD119"
2.92837293723599e-75,0.514823201917479,1,1,6.67669029689805e-73,"29","CD35"
6.74378805831547e-75,1.20573783183876,1,0.755,1.53758367729593e-72,"29","CD155"
4.60094599864866e-74,0.456664938438753,1,0.998,1.04901568769189e-71,"29","CD205"
1.05331672245218e-71,0.71571014924096,1,0.993,2.40156212719098e-69,"29","CD14"
1.85078810451043e-68,0.509423621499542,1,0.994,4.21979687828377e-66,"29","CD325"
4.18583449021212e-67,0.468617895793897,1,1,9.54370263768364e-65,"29","CD63"
4.7689974068375e-66,0.682841616190956,1,0.951,1.08733140875895e-63,"29","CD141"
4.26840902974207e-62,0.920967775998471,1,0.939,9.73197258781192e-60,"29","CD86"
8.29211686990145e-62,0.612825018307958,1,0.996,1.89060264633753e-59,"29","CD172a"
7.37272995222257e-60,1.06574074072826,1,0.985,1.68098242910675e-57,"29","CLEC12A"
3.01832859056762e-59,0.872443134011144,1,0.989,6.88178918649418e-57,"29","CD64"
5.82445475264494e-59,1.05742068647553,1,0.711,1.32797568360305e-56,"29","CD36"
1.13834332778678e-58,0.317158015811767,1,1,2.59542278735386e-56,"29","CD11b-1"
1.76104689936839e-56,0.268702980136791,1,1,4.01518693055994e-54,"29","CD93"
7.23478169886049e-56,0.370720784852906,1,1,1.64953022734019e-53,"29","CD31"
1.59300272747019e-53,0.701431478577163,0.999,0.859,3.63204621863202e-51,"29","CD68"
3.80045359410918e-53,0.812711518807928,0.999,0.904,8.66503419456893e-51,"29","CD275-1"
6.65028102525033e-52,0.514133450545043,1,0.963,1.51626407375707e-49,"29","CD138-1"
2.93893333457402e-51,0.630328608247399,1,0.999,6.70076800282876e-49,"29","CD11b-2"
3.20320535441053e-51,0.483911579873791,1,0.998,7.30330820805601e-49,"29","CD11c"
4.84366830623669e-51,0.409186979656398,1,0.995,1.10435637382197e-48,"29","CD366"
7.1220509188206e-51,0.764638037360426,0.994,0.821,1.6238276094911e-48,"29","CD126"
5.77408009545873e-50,0.444313124972199,1,0.974,1.31649026176459e-47,"29","Siglec-8"
9.61278634575255e-45,0.530113082802019,1,0.97,2.19171528683158e-42,"29","CD69"
1.77074587720317e-44,0.296867241549662,1,1,4.03730060002323e-42,"29","CD41"
3.36864610428197e-43,0.599776641217793,0.999,0.92,7.68051311776289e-41,"29","CD354"
4.70342454782815e-43,0.474863054311835,1,0.974,1.07238079690482e-40,"29","CD370"
8.32965257066353e-43,0.283930162676183,1,0.999,1.89916078611129e-40,"29","CD95"
2.08914406127845e-42,0.59377269464411,1,0.955,4.76324845971487e-40,"29","CD39"
3.5283825228774e-42,0.368424956746511,1,0.992,8.04471215216047e-40,"29","CD324"
3.63570648788619e-42,0.414917905613072,1,0.999,8.28941079238051e-40,"29","CD9"
5.41960330778429e-41,0.643003067563575,0.999,0.935,1.23566955417482e-38,"29","Folate"
5.63850350338733e-40,0.273170137843026,1,0.999,1.28557879877231e-37,"29","CD107a"
8.79321150411847e-39,0.437146861326879,1,0.991,2.00485222293901e-36,"29","CX3CR1"
2.09273458828728e-38,0.377931158297784,1,0.995,4.77143486129499e-36,"29","MERTK"
4.20694518472518e-38,0.597217012973617,0.999,0.945,9.59183502117342e-36,"29","CD163"
2.97004960317931e-37,0.4234581564425,1,0.961,6.77171309524883e-35,"29","CD338"
1.34887002723519e-33,0.313915870647521,1,0.993,3.07542366209623e-31,"29","CD194"
7.19194183440502e-31,0.48869118382115,0.998,0.902,1.63976273824435e-28,"29","C5L2"
1.11797421973679e-30,0.347813446031096,1,0.999,2.54898122099989e-28,"29","CD55"
1.65639676754489e-30,0.30824139614064,1,0.992,3.77658463000234e-28,"29","CCR10"
5.06131423906634e-30,0.440429850609657,0.999,0.959,1.15397964650712e-27,"29","CD110"
1.43711762692153e-29,0.319867141907612,0.999,0.99,3.2766281893811e-27,"29","Rat-IgG1-1"
2.2264852819139e-29,0.310069504464378,1,0.989,5.07638644276368e-27,"29","CD202b"
3.61933237079348e-29,0.303831047607073,1,0.989,8.25207780540913e-27,"29","CD138-2"
2.14860580141818e-28,0.331626867037814,0.998,0.976,4.89882122723346e-26,"29","CD243"
1.98047617039166e-24,0.292545962449337,0.999,0.954,4.51548566849299e-22,"29","CD66b"
6.62614519247187e-24,0.316330707046741,1,0.994,1.51076110388359e-21,"29","CD71"
1.46549070887838e-20,0.404314680130641,0.997,0.869,3.34131881624271e-18,"29","CD123"
6.36760828249868e-19,0.286972284578546,1,0.983,1.4518146884097e-16,"29","CD34"
6.9302783479297e-19,0.26724431852418,0.999,0.988,1.58010346332797e-16,"29","CD144"
1.68948697298127e-18,0.507842226273208,0.988,0.822,3.85203029839729e-16,"29","CD319"
4.73023134448089e-18,0.258192046202265,0.999,0.957,1.07849274654164e-15,"29","GP130"
4.8701013079141e-18,0.279629280112176,0.999,0.97,1.11038309820442e-15,"29","CD357"
8.70260122125812e-18,0.575893438306155,0.937,0.629,1.98419307844685e-15,"29","CD115"
1.08298246062912e-17,0.421851560748171,0.969,0.78,2.4692000102344e-15,"29","CD294"
2.09606397509348e-16,0.308408974318082,0.999,0.962,4.77902586321312e-14,"29","LOX-1"
2.40586769524589e-16,0.28324979410424,0.992,0.887,5.48537834516063e-14,"29","CD274"
2.66239730565836e-16,0.278807306156855,0.999,0.942,6.07026585690106e-14,"29","CD223"
2.88150060652844e-16,0.735788252682746,0.92,0.649,6.56982138288483e-14,"29","CD185"
3.53497772716917e-16,0.595911254561054,0.892,0.586,8.05974921794572e-14,"29","Podoplanin"
2.8131584910466e-15,0.287828023723682,0.999,0.981,6.41400135958626e-13,"29","CD54"
3.05941255269543e-15,0.33478497968827,0.991,0.872,6.97546062014559e-13,"29","VEGFR-3"
1.47160377471785e-14,0.335170127277563,0.987,0.866,3.35525660635669e-12,"29","CD235ab"
8.7613109883604e-14,0.395218875814587,0.986,0.819,1.99757890534617e-11,"29","CD30"
1.96915641733384e-11,0.31811622403442,0.992,0.887,4.48967663152116e-09,"29","Rag-IgG2c"
1.02052807165931e-10,0.721342784452397,0.326,0.151,2.32680400338323e-08,"29","TSLPR"
8.19476764981637e-08,0.274258710562663,0.914,0.713,1.86840702415813e-05,"29","CD158f"
3.80909667485118e-07,0.266048058224865,0.95,0.765,8.68474041866069e-05,"29","CD307d"
1.1946564170077e-149,2.72277538749951,1,0.625,2.72381663077755e-147,"30","CD20"
3.36998732118035e-142,1.8989367643863,1,0.99,7.6835710922912e-140,"30","CD22"
5.1127543138468e-138,1.58540881055299,1,1,1.16570798355707e-135,"30","CD19"
1.35300277495814e-131,1.86003387810931,1,0.928,3.08484632690455e-129,"30","CD268"
2.55022287921185e-130,2.39653101221928,0.997,0.835,5.81450816460301e-128,"30","CD21"
2.43838335757133e-121,1.75432947589086,1,0.988,5.55951405526263e-119,"30","CD72"
1.62955944999948e-114,0.872406668632494,1,0.998,3.71539554599882e-112,"30","CD196"
4.18574283247452e-101,1.15010701539773,0.997,0.92,9.54349365804191e-99,"30","CD24"
1.99956988504714e-100,1.081608306674,1,0.955,4.55901933790747e-98,"30","CD39"
1.68294946930463e-84,1.39171339320063,0.995,0.92,3.83712479001456e-82,"30","CD1c"
2.69637145384284e-82,0.834629075508815,1,0.991,6.14772691476167e-80,"30","CD45RA"
8.26941273547531e-82,0.793102623016148,1,0.995,1.88542610368837e-79,"30","CD79b"
1.19560160972002e-78,1.39659488036308,0.972,0.69,2.72597167016165e-76,"30","CD40"
8.51513829184848e-77,0.560542580989944,1,1,1.94145153054145e-74,"30","CD35"
2.8011020989631e-74,0.7338478776257,1,0.985,6.38651278563586e-72,"30","HLA-DR"
1.257829712535e-73,1.32941984687317,0.977,0.649,2.8678517445798e-71,"30","CD185"
2.45656609539814e-69,0.910688637968884,1,1,5.60097069750776e-67,"30","CD73"
1.64881729609487e-66,1.78658846299615,0.975,0.861,3.7593034350963e-64,"30","IgM"
3.25692315116159e-50,0.680197850844378,1,0.994,7.42578478464843e-48,"30","CD71"
6.89695956475186e-50,1.53664510409326,0.962,0.876,1.57250678076342e-47,"30","IgD"
9.48757042517149e-50,0.651910001413576,0.999,0.987,2.1631660569391e-47,"30","CD275-2"
3.1249552118055e-47,0.863267889856867,0.942,0.755,7.12489788291654e-45,"30","CD272"
3.39930710442213e-46,0.816643493606899,0.986,0.88,7.75042019808245e-44,"30","CD164"
1.0811126903481e-45,0.725112143707032,0.992,0.904,2.46493693399368e-43,"30","CD275-1"
3.5303164379871e-44,0.606111931001595,0.997,0.982,8.0491214786106e-42,"30","CD25"
9.99011558241626e-41,0.445043370483902,1,0.994,2.27774635279091e-38,"30","CD325"
1.52616928168321e-34,0.980597582570769,0.904,0.667,3.47966596223772e-32,"30","CD267"
9.47310850450259e-32,0.298152839283993,0.999,0.993,2.15986873902659e-29,"30","CD194"
2.68910048995976e-30,0.654907903474918,0.992,0.835,6.13114911710825e-28,"30","CD1d"
1.74562350236343e-28,0.435887345199584,0.995,0.963,3.98002158538863e-26,"30","CD138-1"
4.72542971860709e-28,0.536936485821253,0.988,0.859,1.07739797584242e-25,"30","CD68"
1.86179975067508e-25,0.319075899797372,1,0.986,4.24490343153917e-23,"30","Rat-IgG1-2"
9.46330867532142e-25,0.512447455515519,0.988,0.913,2.15763437797328e-22,"30","CD307c/FcRL3"
6.17164951338219e-23,0.257385117291484,1,0.998,1.40713608905114e-20,"30","CD205"
1.07340078294409e-22,0.370938152993883,0.999,0.974,2.44735378511253e-20,"30","Siglec-8"
3.17343821636884e-22,0.325525659728281,1,0.999,7.23543913332096e-20,"30","Integrin-7"
3.73977444325779e-21,0.274605183205814,0.998,0.99,8.52668573062775e-19,"30","CD202b"
5.48610084538728e-21,0.900864182790941,0.902,0.727,1.2508309927483e-18,"30","CD171"
1.28063526836642e-20,0.372441293127092,0.997,0.987,2.91984841187544e-18,"30","CD200"
3.80150705538611e-20,0.410922216415392,0.994,0.983,8.66743608628034e-18,"30","CD45RB"
9.21507074847599e-20,0.279052415725265,0.999,0.992,2.10103613065253e-17,"30","CD324"
1.06282345885741e-18,0.356246056781644,0.998,0.961,2.4232374861949e-16,"30","CD338"
2.45203703002045e-16,0.320232506276824,1,0.974,5.59064442844662e-14,"30","CD370"
8.76581631076809e-16,0.263587350065315,0.999,0.99,1.99860611885513e-13,"30","Rat-IgG1-1"
2.21022818036404e-15,0.257845507461432,0.997,0.962,5.03932025123001e-13,"30","LOX-1"
5.3393631644687e-15,0.394447719692598,0.943,0.823,1.21737480149886e-12,"30","CD319"
7.66922871550068e-15,0.360146111417293,0.988,0.926,1.74858414713416e-12,"30","CD154"
1.91359357712526e-14,0.272004791055369,0.995,0.982,4.36299335584559e-12,"30","CD270"
1.20094295594726e-10,0.368460537460663,0.953,0.82,2.73814993955975e-08,"30","CD30"
8.13607594688373e-10,0.27617119914753,0.958,0.866,1.85502531588949e-07,"30","CD235ab"
1.12522700083911e-09,0.505954896287716,0.777,0.588,2.56551756191317e-07,"30","Podoplanin"
2.11833610148501e-08,0.256288586791974,0.983,0.93,4.82980631138583e-06,"30","CD90"
3.7400364837524e-08,0.401593947618039,0.815,0.631,8.52728318295548e-06,"30","CD115"
4.9768884769496e-08,0.3202483470318,0.915,0.781,1.13473057274451e-05,"30","CD294"
6.19418248205681e-138,1.70953358188103,1,0.99,1.41227360590895e-135,"31","CD8"
9.32835952080179e-131,1.1678429105548,1,0.997,2.12686597074281e-128,"31","CD314"
2.82790398027707e-119,1.04560259349538,1,1,6.44762107503173e-117,"31","CD8a"
1.89042388780595e-112,0.893921083090987,1,1,4.31016646419756e-110,"31","CD73"
4.252609532993e-73,0.529383812507331,1,0.992,9.69594973522405e-71,"31","CCR10"
8.99911658152235e-72,0.842139443495363,1,0.983,2.0517985805871e-69,"31","CD45RB"
1.98331012964142e-68,0.719964347182941,1,0.999,4.52194709558243e-66,"31","Integrin-7"
1.32974921407449e-67,0.829393324520913,1,0.991,3.03182820808985e-65,"31","CD45RA"
4.47660733735175e-64,0.756422910100651,1,1,1.0206664729162e-61,"31","CD27"
6.06574085553748e-57,0.68893500026938,0.999,0.992,1.38298891506254e-54,"31","CD278"
1.59745110390399e-56,0.721731053404686,1,0.996,3.64218851690111e-54,"31","CD127"
2.52542568268878e-52,0.420057580454759,1,0.995,5.75797055653041e-50,"31","MERTK"
3.9796934051307e-52,0.460315658048971,1,0.99,9.07370096369799e-50,"31","Rat-IgG1-1"
1.94438195893248e-46,0.825730415025266,0.98,0.82,4.43319086636605e-44,"31","CD30"
2.58761772048768e-43,0.463639715519262,0.998,0.974,5.89976840271191e-41,"31","CD370"
3.43261334921487e-41,0.633208340195943,0.996,0.95,7.8263584362099e-39,"31","CD96"
1.55215249388414e-39,0.418738583422568,0.999,0.984,3.53890768605585e-37,"31","Notch-1"
1.07801340006033e-31,0.331420650914608,1,0.999,2.45787055213756e-29,"31","TCR-2"
6.85871816022808e-31,0.42269220459654,1,0.999,1.563787740532e-28,"31","CD28"
1.15257258268093e-30,0.536129863916106,1,0.998,2.62786548851252e-28,"31","CD2"
1.53909268489012e-30,0.350594450845892,0.999,0.99,3.50913132154947e-28,"31","CD202b"
1.94217571945778e-29,0.564484862723733,1,0.999,4.42816064036374e-27,"31","CD3-1"
1.17734033238159e-27,0.579071256583954,1,0.999,2.68433595783002e-25,"31","CD3-2"
2.21780063094149e-25,0.311710357894802,1,0.994,5.0565854385466e-23,"31","CD325"
1.02246780540502e-24,0.342349637565887,0.999,0.986,2.33122659632345e-22,"31","Rat-IgG1-2"
1.16877584339003e-24,0.414804638245945,0.999,0.977,2.66480892292926e-22,"31","TCR-1"
2.55681981017996e-24,0.48044555384906,0.984,0.86,5.82954916721031e-22,"31","CD68"
2.66408837756871e-22,0.569171426258257,0.903,0.772,6.07412150085666e-20,"31","CD105"
7.27516050983678e-18,0.364062789711396,0.982,0.941,1.65873659624279e-15,"31","CD184"
3.65592053837497e-12,0.482626357497046,0.8,0.664,8.33549882749492e-10,"31","CD137"
3.65690845962093e-11,0.324512710186641,0.948,0.866,8.33775128793572e-09,"31","CD235ab"
9.91790931159318e-09,0.261752921107681,0.939,0.887,2.26128332304325e-06,"31","Rag-IgG2c"
1.36405417386109e-08,0.408406164076114,0.937,0.822,3.11004351640328e-06,"31","CD126"
2.05072438520016e-08,0.324755018031005,0.854,0.772,4.67565159825636e-06,"31","CD140a"
2.82057903050464e-08,0.435355095570083,0.857,0.747,6.43092018955058e-06,"31","Cadherin"
4.20934074936541e-08,0.419492101941279,0.731,0.625,9.59729690855312e-06,"31","TCR-V-24-J-18"
4.59194996593854e-08,0.360637815241113,0.921,0.816,1.04696459223399e-05,"31","CD1a"
3.54238765053315e-06,0.266016071793188,0.816,0.757,0.000807664384321558,"31","B7-H4"
2.32784926548644e-05,0.287364975913449,0.852,0.779,0.00530749632530909,"31","CD207"
0.0002504245579376,0.278380788719265,0.662,0.601,0.0570967992097727,"31","CD309"
0.00048948223988111,0.262540834500496,0.878,0.782,0.111601950692893,"31","CD294"
0.0018157272447057,0.275819587224711,0.736,0.632,0.413985811792899,"31","CD115"
1.00096914753065e-94,0.872021262966963,1,0.985,2.28220965636988e-92,"32","HLA-DR"
2.3222297274333e-94,1.138032444698,0.998,0.836,5.29468377854793e-92,"32","CD1d"
7.78349955058387e-88,1.30459439310575,0.993,0.92,1.77463789753312e-85,"32","CD1c"
2.89134276142838e-85,0.867225435065257,1,0.994,6.59226149605672e-83,"32","CD71"
3.65510884698357e-81,0.637043543459376,1,0.995,8.33364817112254e-79,"32","CD366"
8.89631714791445e-76,0.522930406273168,1,0.998,2.02836030972449e-73,"32","CD205"
2.80104688823066e-73,1.13451854569004,1,0.985,6.38638690516591e-71,"32","CLEC12A"
1.08460404925897e-68,0.706769683092576,1,0.999,2.47289723231045e-66,"32","Integrin-7"
9.21632769229208e-68,0.512055633312626,1,1,2.10132271384259e-65,"32","CD63"
1.22970035507214e-65,0.713084070455523,1,0.996,2.80371680956448e-63,"32","CD172a"
2.4874442218442e-53,0.666011628237826,0.998,0.951,5.67137282580478e-51,"32","CD141"
4.75820973461904e-53,0.738885284872802,0.996,0.945,1.08487181949314e-50,"32","CD163"
3.26922535097955e-52,0.784843346020107,0.985,0.869,7.45383380023338e-50,"32","CD123"
4.81900453786353e-46,0.457874836759881,1,0.998,1.09873303463289e-43,"32","CD61"
4.46761389893156e-43,0.476520401626462,0.999,0.988,1.0186159689564e-40,"32","CD195"
7.51650757932985e-43,0.275877407491771,1,0.99,1.71376372808721e-40,"32","CD22"
1.57077456408515e-40,0.48885715514,1,0.998,3.58136600611415e-38,"32","CD11c"
1.77095411910161e-39,0.31480312323448,1,1,4.03777539155168e-37,"32","CD41"
5.63352926612888e-39,0.462138085052593,1,0.999,1.28444467267738e-36,"32","CD9"
3.1685679433777e-36,0.517140451274203,0.999,0.968,7.22433491090115e-34,"32","CD119"
4.24425038623289e-34,0.828906829466215,0.96,0.822,9.67689088061099e-32,"32","CD126"
1.28393646640916e-32,0.788754023806916,0.986,0.712,2.92737514341288e-30,"32","CD36"
4.04377690930597e-32,0.732582638353103,0.983,0.756,9.21981135321762e-30,"32","CD155"
2.34713661366473e-31,0.272723487641412,1,1,5.35147147915558e-29,"32","CD31"
2.29393358545557e-29,0.265499127264348,1,1,5.2301685748387e-27,"32","CD49d"
7.29238090220525e-29,0.427559167624225,0.997,0.981,1.6626628457028e-26,"32","CD54"
3.99306286031967e-28,0.59170382262703,0.983,0.947,9.10418332152886e-26,"32","CD301"
1.61937336818915e-26,0.476675068937944,0.999,0.97,3.69217127947126e-24,"32","CD69"
1.64388488440472e-25,0.42286883884645,1,0.996,3.74805753644276e-23,"32","CD49b"
1.15828764962767e-24,0.559094519979015,1,0.989,2.64089584115108e-22,"32","CD64"
1.27386655828199e-24,0.456069172900583,1,0.99,2.90441575288293e-22,"32","CD271"
1.2060289199103e-23,0.456156790811328,0.999,0.939,2.74974593739547e-21,"32","CD86"
3.65119422789226e-23,0.655661900276261,0.974,0.81,8.32472283959436e-21,"32","CD192"
5.26258990581428e-23,0.300754905908892,1,0.998,1.19987049852566e-20,"32","CD29"
4.40365382910747e-22,0.291371028187205,0.997,0.984,1.0040330730365e-19,"32","CD34"
1.01398069613292e-21,0.464811543873508,1,0.956,2.31187598718306e-19,"32","CD39"
1.21643713602565e-19,0.311198707323964,0.998,0.987,2.77347667013848e-17,"32","CD275-2"
1.29008190061919e-18,0.297537557817265,0.998,0.996,2.94138673341175e-16,"32","CD42b"
9.27354392493061e-17,0.508934628741735,0.979,0.935,2.11436801488418e-14,"32","Folate"
1.29735402759882e-15,0.78484604551947,0.92,0.804,2.95796718292531e-13,"32","CD169"
2.28095098737041e-15,0.33636210707739,0.994,0.959,5.20056825120454e-13,"32","CD110"
5.85307659246717e-14,0.255320161122128,1,0.994,1.33450146308251e-11,"32","CD13"
2.38821806941321e-13,0.596246308296577,0.962,0.909,5.44513719826212e-11,"32","CD304"
0.000174246481793356,0.349759331990417,0.932,0.905,0.0397281978488851,"32","CD275-1"
0.00682234101633739,0.314132446574817,0.757,0.632,1,"32","CD115"
2.69170599522046e-152,2.64636226717244,1,0.824,6.13708966910266e-150,"33","CD335"
7.02813618626189e-141,1.84680110093161,1,0.969,1.60241505046771e-138,"33","CD56-2"
1.40078155393769e-139,1.31745295503266,1,0.994,3.19378194297793e-137,"33","CD122"
6.79452010383914e-128,1.33662945617282,0.999,0.976,1.54915058367532e-125,"33","CD56-1"
1.8791501466505e-105,1.43227703606663,0.984,0.913,4.28446233436314e-103,"33","CD337"
5.11762088145258e-85,0.813692584656274,1,0.997,1.16681756097119e-82,"33","CD314"
2.20894034796877e-83,0.631401855668297,1,1,5.03638399336879e-81,"33","CD244"
9.59752832646513e-58,0.63668848730314,1,1,2.18823645843405e-55,"33","CD16"
3.91003732267119e-57,0.738296231747755,0.999,0.991,8.91488509569032e-55,"33","CD45RA"
4.20325977910613e-54,0.258889158643762,1,1,9.58343229636198e-52,"33","CD43"
2.17368017813452e-51,0.553281075587459,1,1,4.9559908061467e-49,"33","CD38-1"
6.08805361355581e-51,1.10824324168237,0.929,0.815,1.38807622389072e-48,"33","CD161"
1.41409505766526e-44,0.543435254148236,1,0.998,3.2241367314768e-42,"33","CD38-2"
2.48602105386562e-23,0.356172008933012,0.993,0.981,5.66812800281362e-21,"33","CD54"
1.49966757445232e-20,0.470655020487247,0.968,0.95,3.41924206975128e-18,"33","CD96"
2.57266632035313e-18,0.390995967614986,0.999,0.998,5.86567921040513e-16,"33","CD2"
1.84436574885929e-17,1.29023100671558,0.805,0.822,4.20515390739918e-15,"33","CD117"
1.35247150607433e-16,0.69237526824002,0.859,0.829,3.08363503384946e-14,"33","TIGIT"
1.45314886886901e-15,0.341500691912014,0.989,0.962,3.31317942102134e-13,"33","TIM-4"
4.25564403850332e-12,0.290390510689399,0.996,0.983,9.70286840778757e-10,"33","CD45RB"
1.28471657729582e-09,0.346385108841775,0.92,0.913,2.92915379623446e-07,"33","CD307c/FcRL3"
7.17402729732363e-08,0.531153881433676,0.697,0.722,1.63567822378979e-05,"33","CD253"
1.12736004040946e-06,0.427111031073729,0.962,0.969,0.000257038089213356,"33","CD158b"
1.21538237176875e-155,2.56169177385596,1,0.815,2.77107180763274e-153,"34","CD161"
4.32456767132249e-153,1.56823498957745,1,0.995,9.86001429061528e-151,"34","CD26-2"
4.21970049790011e-136,1.411597787807,0.999,0.988,9.62091713521225e-134,"34","CD195"
3.5487665963288e-131,3.38807076268906,0.962,0.631,8.09118783962966e-129,"34","TCR-V-7.2"
4.23563713460867e-89,0.851659491607053,1,0.996,9.65725266690776e-87,"34","CD127"
5.61177137499846e-84,0.684732653980182,0.997,0.994,1.27948387349965e-81,"34","CD279"
2.94609321925815e-81,1.00608378656884,0.997,0.95,6.71709253990858e-79,"34","CD96"
7.52865134341126e-79,0.650389666591679,1,0.999,1.71653250629777e-76,"34","CD28"
4.07458787829601e-78,0.813597751214458,1,1,9.2900603625149e-76,"34","CD8a"
2.92670329297736e-74,1.10942872774147,0.997,0.99,6.67288350798838e-72,"34","CD8"
2.47558965453358e-69,0.812428170957106,1,0.983,5.64434441233657e-67,"34","CD45RB"
2.47796246372775e-68,0.688655725261386,0.999,0.994,5.64975441729927e-66,"34","CD45RO"
4.72756335951655e-65,0.6219374574356,0.998,0.998,1.07788444596977e-62,"34","CD2"
6.81200174335877e-41,0.32498181117378,1,1,1.5531363974858e-38,"34","CD81"
2.78058417953667e-31,0.257911376680099,1,1,6.33973192934361e-29,"34","CD99"
4.56613657315839e-29,0.501342519704255,1,0.999,1.04107913868011e-26,"34","CD3-1"
7.06072113006194e-27,0.509649872547415,1,0.999,1.60984441765412e-24,"34","CD3-2"
9.36576365650477e-22,0.54242341555512,0.931,0.895,2.13539411368309e-19,"34","CD186"
2.25161614771619e-20,0.904362986374399,0.861,0.822,5.13368481679292e-18,"34","CD117"
2.49418554884077e-18,0.293057791213014,1,0.998,5.68674305135695e-16,"34","CD196"
3.41267020060979e-14,0.314280153097172,0.999,1,7.78088805739032e-12,"34","CD27"
7.01921605540758e-142,1.69727907699967,1,0.969,1.60038126063293e-139,"35","CD56-2"
1.14890776666855e-136,2.41074528477127,0.998,0.969,2.6195097080043e-134,"35","CD158b"
1.85347468074713e-128,0.828312527216587,1,1,4.22592227210345e-126,"35","CD57"
9.16467446046965e-127,1.27038262306953,1,1,2.08954577698708e-124,"35","CD16"
1.09593331908979e-120,1.12004476507415,0.999,0.976,2.49872796752473e-118,"35","CD56-1"
1.78811532658999e-97,0.360553346410819,1,1,4.07690294462518e-95,"35","CD43"
1.32179856845352e-85,0.885881857571008,0.999,0.99,3.01370073607403e-83,"35","CD271"
3.33166638456331e-85,0.58737410982418,1,1,7.59619935680436e-83,"35","CD244"
5.73763260266716e-75,0.73850054318543,1,0.997,1.30818023340811e-72,"35","CD314"
3.24250410355324e-72,1.71038242169665,1,0.999,7.39290935610138e-70,"35","CD158e1"
1.00286090824578e-69,1.08735587783672,0.97,0.824,2.28652287080039e-67,"35","CD335"
1.14961455131663e-38,0.391082139188679,0.999,0.994,2.62112117700191e-36,"35","CD122"
1.3564488983918e-31,0.484347905952526,0.999,0.998,3.09270348833331e-29,"35","CD2"
2.31422759536656e-15,0.376166681150021,1,1,5.27643891743576e-13,"35","CD8a"
4.47194194342027e-12,0.425369274828785,0.984,0.99,1.01960276309982e-09,"35","CD8"
5.83839928152761e-11,0.298109561206256,0.999,0.991,1.3311550361883e-08,"35","CD45RA"
1.47289945415173e-09,0.254522138756296,0.982,0.962,3.35821075546595e-07,"35","TIM-4"
2.08470615528058e-09,0.328045159362059,0.838,0.829,4.75313003403971e-07,"35","TIGIT"
0.000430772527483439,0.461720220816496,0.739,0.738,0.0982161362662241,"35","CD273"
0.00122656742729753,0.276857195401093,0.868,0.885,0.279657373423838,"35","CD303"
1.79259849081531e-106,1.17005676600503,1,0.99,4.08712455905892e-104,"36","CD271"
9.42554155297645e-100,0.932166070105309,1,1,2.14902347407863e-97,"36","CD307e"
2.96442390556822e-98,0.747803424465701,1,1,6.75888650469554e-96,"36","CD109"
4.41999501393635e-97,0.730862626646432,1,0.999,1.00775886317749e-94,"36","TCR-2"
1.77845548184253e-93,0.348904312998574,1,1,4.05487849860097e-91,"36","CD43"
1.40340431522538e-92,0.495123356897211,1,1,3.19976183871386e-90,"36","CD57"
8.75639346898573e-89,0.850822798330779,0.999,0.979,1.99645771092875e-86,"36","CD106"
1.51195199900652e-82,0.727627822543057,1,0.99,3.44725055773486e-80,"36","CD209"
2.59085360007595e-79,0.678138886627107,1,0.998,5.90714620817317e-77,"36","CD2"
4.85900304503778e-79,0.737748764437212,1,0.999,1.10785269426861e-76,"36","CD3-2"
2.30185917979527e-71,0.711231655309797,1,0.999,5.24823892993323e-69,"36","CD3-1"
5.61400636169713e-63,0.510200655813172,1,1,1.27999345046695e-60,"36","CD4-1"
5.72742151393584e-57,0.972168704636791,0.996,0.872,1.30585210517737e-54,"36","CD4-2"
9.64152252240583e-56,0.521757650818487,1,0.994,2.19826713510853e-53,"36","CD122"
5.56652210185968e-47,0.342418135571088,1,1,1.26916703922401e-44,"36","CD81"
2.2919913638255e-32,1.12057966842048,1,0.999,5.22574030952215e-30,"36","CD158e1"
5.13082565698838e-25,0.38853657657748,1,0.992,1.16982824979335e-22,"36","CD278"
4.07127923222325e-24,0.383747452792217,0.996,0.994,9.28251664946901e-22,"36","CD279"
2.42352647337177e-154,3.47653460849757,0.996,0.892,5.52564035928763e-152,"37","TCR-V-2"
4.40673282229192e-146,0.974559956509822,1,0.999,1.00473508348256e-143,"37","CD3-1"
1.40896933502056e-140,1.69674405754203,0.994,0.866,3.21245008384688e-138,"37","TCR-V-9"
1.09819852263839e-107,0.809210844819126,1,0.999,2.50389263161552e-105,"37","CD3-2"
1.46359171311199e-107,1.83648916115901,0.978,0.815,3.33698910589533e-105,"37","CD161"
7.72513270310791e-84,0.877895174692686,1,0.997,1.7613302563086e-81,"37","CD314"
2.61302752274963e-69,0.811868011855885,0.999,0.983,5.95770275186915e-67,"37","CD45RB"
4.22248608677562e-68,0.45415749641645,1,1,9.62726827784842e-66,"37","CD81"
3.43928538423961e-62,0.282250489666972,1,1,7.84157067606631e-60,"37","CD43"
2.20462666603457e-59,0.344584393330876,1,1,5.02654879855882e-57,"37","CD99"
2.4234391966992e-54,0.820300221280877,0.993,0.988,5.52544136847419e-52,"37","CD195"
6.81138580737005e-46,0.565725877222147,0.993,0.994,1.55299596408037e-43,"37","CD279"
6.21694751815646e-45,0.906373108820257,0.952,0.913,1.41746403413967e-42,"37","CD307c/FcRL3"
3.18961950151186e-36,0.601469285991003,0.972,0.95,7.27233246344704e-34,"37","CD96"
4.9067205172459e-30,0.443995749514722,0.999,0.994,1.11873227793207e-27,"37","CD45RO"
7.16932433029187e-29,0.352701451332502,1,0.994,1.63460594730655e-26,"37","CD122"
1.9537924691934e-28,0.33858725222246,1,1,4.45464682976095e-26,"37","CD244"
2.29237047033885e-28,0.488780527110267,0.999,0.998,5.22660467237259e-26,"37","CD2"
7.91346153978884e-22,0.389451269015307,1,0.999,1.80426923107185e-19,"37","Integrin-7"
1.0327813810016e-21,0.434606080775077,0.993,0.99,2.35474154868364e-19,"37","CD271"
4.72795671621897e-12,0.316080541208301,1,1,1.07797413129792e-09,"37","CD27"
2.29878372432572e-11,0.306661279215073,0.999,0.996,5.24122689146264e-09,"37","CD127"
1.24538796870426e-08,0.304513651362456,0.987,0.962,2.83948456864571e-06,"37","TIM-4"
5.07143597009241e-05,0.331916580596967,0.55,0.547,0.0115628740118107,"37","CD177"
2.42645072802822e-135,1.57257020118134,0.997,0.959,5.53230765990434e-133,"38","CD110"
1.36775434528122e-134,1.31597262135495,1,0.996,3.11847990724117e-132,"38","CD42b"
4.38172733735268e-133,1.38068323333185,1,0.996,9.99033832916411e-131,"38","CD49b"
4.6125202664769e-132,0.884015465138516,1,1,1.05165462075673e-129,"38","CD41"
7.38840963456287e-127,0.755511360828291,1,1,1.68455739668033e-124,"38","CLEC2"
1.75515999423023e-121,0.639789290694768,1,1,4.00176478684493e-119,"38","CD62P"
3.1693821084037e-121,1.15638442388114,1,0.999,7.22619120716043e-119,"38","CD9"
1.08020474466406e-120,0.884971811357591,1,0.999,2.46286681783406e-118,"38","CD226"
6.65046721185699e-119,1.0965634431278,1,0.998,1.51630652430339e-116,"38","CD61"
2.62569195185401e-116,0.507105642559867,1,1,5.98657765022715e-114,"38","CD102"
4.81349256178989e-112,1.34879743912299,0.999,0.97,1.0974763040881e-109,"38","CD69"
6.72586997410851e-110,0.895990049766439,1,0.998,1.53349835409674e-107,"38","CD29"
8.94135215092159e-102,0.551803051599801,1,1,2.03862829041012e-99,"38","CD31"
2.30853859979262e-101,0.895703570143455,1,1,5.26346800752717e-99,"38","CD63"
2.44623777566689e-96,1.5634572538975,0.973,0.713,5.57742212852051e-94,"38","CD36"
2.46583633196135e-87,0.846729754670589,0.997,0.969,5.62210683687187e-85,"38","CD112"
1.38821991800161e-86,0.863649515521217,0.997,0.957,3.16514141304368e-84,"38","GP130"
1.84010309016663e-83,0.684881592308012,1,0.999,4.19543504557991e-81,"38","CD107a"
2.12962804964937e-66,0.257240797012941,1,1,4.85555195320055e-64,"38","CD47"
4.21995440151011e-63,0.97165734061748,0.985,0.88,9.62149603544305e-61,"38","CD164"
1.71513635068584e-62,0.560138834384824,0.999,0.999,3.91051087956371e-60,"38","CD55"
4.22604617163959e-61,0.641241147152757,0.999,0.984,9.63538527133827e-59,"38","CD34"
7.15997500492853e-56,0.908399047102525,1,0.989,1.63247430112371e-53,"38","CD64"
6.62178421489708e-51,0.799685331632302,0.993,0.888,1.50976680099653e-48,"38","CD274"
1.09358432357987e-46,0.640822999837229,0.994,0.951,2.49337225776211e-44,"38","CD141"
9.75814092282946e-46,1.0196125902223,0.963,0.757,2.22485613040512e-43,"38","CD155"
2.37673200336764e-41,0.545834252199578,0.993,0.968,5.41894896767822e-39,"38","CD119"
2.54010914754817e-40,0.933801999258067,0.999,0.985,5.79144885640982e-38,"38","CLEC12A"
4.93821384671677e-40,0.747452290323429,0.989,0.939,1.12591275705142e-37,"38","CD86"
6.89353116726263e-40,0.637646790957563,1,0.999,1.57172510613588e-37,"38","CD11b-2"
7.50056703798783e-40,0.48533643403651,1,0.994,1.71012928466123e-37,"38","CD71"
4.59316984291311e-36,0.55413657077596,0.999,0.993,1.04724272418419e-33,"38","CD14"
2.13106602574008e-33,0.370034952698262,1,1,4.85883053868738e-31,"38","CD35"
8.87575720232803e-33,0.495255990308261,0.999,0.994,2.02367264213079e-30,"38","CD13"
1.73212591771961e-31,0.617570498524877,0.983,0.921,3.9492470924007e-29,"38","CD354"
5.66882869789593e-30,0.348039096831146,1,1,1.29249294312027e-27,"38","CD244"
2.97501859726545e-29,0.668910654163509,0.976,0.81,6.78304240176523e-27,"38","CD192"
1.22873184121638e-28,1.06647565887024,0.959,0.804,2.80150859797335e-26,"38","CD169"
9.07647970377589e-28,0.441563199882682,0.997,0.998,2.0694373724609e-25,"38","CD11c"
7.47782911545806e-25,1.60185527382595,0.512,0.151,1.70494503832444e-22,"38","TSLPR"
1.23731480653886e-23,0.334737081694937,1,0.993,2.82107775890861e-21,"38","CD194"
5.14269120692413e-23,0.434615855631486,0.992,0.945,1.1725335951787e-20,"38","CD163"
1.60389717758308e-22,0.302104467746044,0.997,0.995,3.65688556488943e-20,"38","CD366"
1.50386212792774e-20,0.364735530207977,1,0.996,3.42880565167525e-18,"38","CD172a"
3.2406348433296e-20,0.37928187766467,0.985,0.955,7.38864744279148e-18,"38","CD98"
2.61764721192884e-19,0.435160736768735,0.987,0.956,5.96823564319776e-17,"38","CD39"
8.14250140820478e-18,0.562510060644439,0.976,0.935,1.85649032107069e-15,"38","Folate"
2.69405001717747e-15,0.34412065268918,0.99,0.957,6.14243403916462e-13,"38","CD133-2"
3.16801558837874e-15,0.348467003743454,0.98,0.921,7.22307554150353e-13,"38","CD66a/c/e"
1.72293228943217e-12,0.385796307430414,0.983,0.939,3.92828561990536e-10,"38","CD15"
7.78534166975333e-12,0.370656398461359,0.973,0.909,1.77505790070376e-09,"38","CD304"
5.53332662664366e-11,0.369177447712102,0.949,0.867,1.26159847087476e-08,"38","CD235ab"
8.54550499916571e-11,0.266165515548853,0.994,0.981,1.94837513980978e-08,"38","CD54"
2.14028817476611e-10,0.32606691727147,0.954,0.836,4.87985703846674e-08,"38","CD1d"
1.44817535432378e-09,0.286082117018762,0.965,0.895,3.30183980785823e-07,"38","CD186"
8.22867227281791e-09,0.263467318131943,0.969,0.872,1.87613727820248e-06,"38","CD85g"
6.09452948686873e-99,0.712498709322032,1,0.998,1.38955272300607e-96,"39","CD2"
9.69236736243106e-85,0.542280177828142,1,1,2.20985975863428e-82,"39","CD4-1"
2.34360294444644e-81,1.07396297748434,0.999,0.988,5.34341471333787e-79,"39","CD195"
6.68060967811785e-71,0.540908286938754,1,0.999,1.52317900661087e-68,"39","TCR-2"
1.04650827100996e-63,0.535679544681549,1,0.995,2.38603885790271e-61,"39","CD325"
1.05663878731572e-63,0.997550816454373,0.999,0.872,2.40913643507985e-61,"39","CD4-2"
2.60004988863819e-56,0.369132718801767,1,1,5.92811374609506e-54,"39","CD81"
8.46558168178087e-55,0.541155138215067,1,0.992,1.93015262344604e-52,"39","CD278"
1.34334765053095e-53,0.632038775867798,1,0.999,3.06283264321056e-51,"39","CD3-1"
1.91893831137853e-52,0.633533281141747,1,0.999,4.37517934994306e-50,"39","CD3-2"
1.96174510833427e-48,0.692154585648409,0.996,0.99,4.47277884700213e-46,"39","CD271"
1.61761492995791e-47,0.547562507506436,1,0.976,3.68816204030403e-45,"39","CD56-1"
3.29279008383375e-46,0.824379691404797,0.997,0.905,7.50756139114095e-44,"39","CD275-1"
6.54768873342013e-43,0.500657857485879,0.999,0.963,1.49287303121979e-40,"39","CD138-1"
2.4035703635982e-42,0.385711241554295,1,0.992,5.48014042900389e-40,"39","CD324"
1.69469550398067e-41,0.438326071795792,1,0.974,3.86390574907592e-39,"39","Siglec-8"
3.71815844729515e-41,0.473037238891566,1,0.996,8.47740125983294e-39,"39","CD127"
4.37635620860326e-36,0.282378752960922,1,1,9.97809215561542e-34,"39","CD49d"
2.01548123511128e-33,0.263961167584691,1,1,4.59529721605371e-31,"39","CD109"
2.90539378124212e-33,0.400985216000108,1,0.974,6.62429782123204e-31,"39","CD370"
1.03062104171159e-30,0.352180342726343,0.999,0.99,2.34981597510243e-28,"39","CD202b"
2.86066118514787e-28,0.541014858100588,0.964,0.823,6.52230750213715e-26,"39","CD319"
1.44095669964122e-26,0.380401505067628,0.999,0.961,3.28538127518199e-24,"39","CD338"
1.03301998650632e-25,0.32401497724885,1,0.988,2.35528556923441e-23,"39","CD144"
1.08825627046977e-25,0.418865559171487,0.999,0.983,2.48122429667107e-23,"39","CD45RB"
2.40090890865434e-25,0.303930559480349,0.999,0.993,5.47407231173189e-23,"39","CD194"
2.21989930930018e-24,0.506207142644953,0.981,0.86,5.0613704252044e-22,"39","CD68"
4.12105294214528e-23,0.394836760262266,0.986,0.933,9.39600070809125e-21,"39","CD83"
8.56037311865345e-22,0.322602268881753,1,0.986,1.95176507105299e-19,"39","Rat-IgG1-2"
1.13485542024024e-21,0.321783126339434,1,0.99,2.58747035814775e-19,"39","Rat-IgG1-1"
1.14692324028749e-21,0.268705737534031,0.999,0.989,2.61498498785548e-19,"39","CD138-2"
6.73319671163184e-21,0.322892121789709,0.993,0.97,1.53516885025206e-18,"39","CD357"
6.19903741876175e-20,0.365266241396548,0.993,0.962,1.41338053147768e-17,"39","LOX-1"
5.78782940976107e-18,0.763876559194171,0.845,0.651,1.31962510542552e-15,"39","CD185"
2.39936152009841e-16,0.458385760231294,0.92,0.782,5.47054426582436e-14,"39","CD294"
4.41615835732115e-16,0.345108604459386,0.973,0.895,1.00688410546922e-13,"39","CD186"
1.72010838239695e-15,0.272921650269559,0.997,0.976,3.92184711186505e-13,"39","CD243"
4.45857205433366e-15,0.453394757058606,0.934,0.82,1.01655442838808e-12,"39","CD30"
3.05410261515677e-13,0.272884587793105,0.984,0.95,6.96335396255744e-11,"39","CD96"
2.53588572098796e-11,0.259969052413549,0.97,0.926,5.78181944385255e-09,"39","CD154"
4.42110028011261e-11,0.367870442848074,0.86,0.758,1.00801086386568e-08,"39","CD140b"
4.9082955543158e-11,0.534756524560549,0.796,0.632,1.119091386384e-08,"39","CD115"
1.93029299021969e-10,0.36537629124747,0.966,0.887,4.40106801770088e-08,"39","Rag-IgG2c"
5.25364363062832e-09,0.303871497736981,0.944,0.873,1.19783074778326e-06,"39","VEGFR-3"
6.2202792859247e-09,0.396653587145956,0.829,0.714,1.41822367719083e-06,"39","CD158f"
1.69621356088212e-08,0.310016341261539,0.98,0.942,3.86736691881123e-06,"39","CD223"
8.52322177173044e-08,0.269390442702784,0.984,0.921,1.94329456395454e-05,"39","CD24"
2.6360725272858e-07,0.466244203690017,0.748,0.589,6.01024536221161e-05,"39","Podoplanin"
2.46423914047838e-05,0.283813928801488,0.939,0.867,0.00561846524029071,"39","CD235ab"
3.66266292486617e-05,0.357872441227737,0.729,0.634,0.00835087146869486,"39","CD284"
0.000769450309626678,0.285040799017,0.767,0.679,0.175434670594883,"39","Rat-IgG2b"
0.00123615048600644,0.268360987159707,0.886,0.817,0.281842310809469,"39","CD1a"
0.00174101595464351,0.288985631377157,0.845,0.766,0.396951637658721,"39","CD307d"
1.43528030754492e-145,3.33279870478912,0.992,0.892,3.27243910120243e-143,"40","TCR-V-2"
3.13477465917401e-142,0.980072470358615,1,0.999,7.14728622291674e-140,"40","CD3-1"
2.65927360296996e-140,1.66453640646496,0.997,0.866,6.0631438147715e-138,"40","TCR-V-9"
3.67909781115248e-91,0.754593412770223,1,0.999,8.38834300942766e-89,"40","CD3-2"
2.29887512074906e-82,1.58953772038903,0.98,0.815,5.24143527530786e-80,"40","CD161"
4.92081696485919e-81,0.830832851293307,1,0.997,1.12194626798789e-78,"40","CD314"
7.72899437079494e-69,0.933508189620862,1,0.988,1.76221071654125e-66,"40","CD195"
1.42161076958412e-61,0.405595409155185,1,1,3.24127255465179e-59,"40","CD81"
3.45693897228846e-56,0.491909331751672,1,0.995,7.88182085681769e-54,"40","CD325"
1.27207726762741e-39,0.726181813897881,0.994,0.905,2.90033617019051e-37,"40","CD275-1"
3.66635373376551e-36,0.427695321488152,1,0.974,8.35928651298537e-34,"40","CD370"
4.12637289154154e-34,0.352497852573554,0.998,0.992,9.40813019271472e-32,"40","CD324"
2.05329138509445e-33,0.332484623181433,1,0.99,4.68150435801535e-31,"40","CD202b"
9.44839143295372e-32,0.555373274703773,0.997,0.99,2.15423324671345e-29,"40","CD271"
1.89366024187935e-30,0.415716990947011,1,0.974,4.31754535148493e-28,"40","Siglec-8"
9.18115732677371e-29,0.460688714600276,0.995,0.963,2.09330387050441e-26,"40","CD138-1"
4.33490202762865e-28,0.507651361544454,0.998,0.983,9.88357662299333e-26,"40","CD45RB"
3.75481519317685e-26,0.344673359280321,1,0.99,8.56097864044323e-24,"40","Rat-IgG1-1"
1.18203273993195e-25,0.451473109187512,0.984,0.86,2.69503464704485e-23,"40","CD68"
1.87482913950689e-24,0.306772963078268,1,0.993,4.27461043807571e-22,"40","CD194"
1.20484528160093e-23,0.423229922713308,1,0.996,2.74704724205013e-21,"40","CD127"
1.29050730306085e-23,0.402315613128491,1,0.999,2.94235665097875e-21,"40","Integrin-7"
6.23952394315375e-20,0.304061328650954,1,0.988,1.42261145903905e-17,"40","CD144"
3.5413836045315e-17,0.399642500975701,0.992,0.95,8.07435461833182e-15,"40","CD96"
5.75056253785273e-17,0.339759458710535,0.987,0.962,1.31112825863042e-14,"40","LOX-1"
1.61987466273808e-16,0.295621707562994,0.995,0.986,3.69331423104282e-14,"40","Rat-IgG1-2"
3.15704713171608e-16,0.321723772940933,1,0.992,7.19806746031266e-14,"40","CD278"
3.34636002177691e-16,0.478126653612699,0.943,0.823,7.62970084965135e-14,"40","CD319"
1.28105497129094e-15,0.335491268663066,0.997,0.961,2.92080533454334e-13,"40","CD338"
1.10222163239707e-14,0.300003159855893,0.987,0.97,2.51306532186532e-12,"40","CD357"
2.92452127847907e-14,0.409560829998369,0.962,0.895,6.66790851493229e-12,"40","CD186"
1.2951841289702e-13,0.752266078741449,0.834,0.651,2.95301981405207e-11,"40","CD185"
1.41880829301425e-13,0.402372462250538,0.926,0.82,3.23488290807248e-11,"40","CD30"
1.67845694797182e-12,0.318868460679503,0.983,0.954,3.82688184137574e-10,"40","CD45-1"
2.83703363966411e-12,0.345931895819742,0.989,0.969,6.46843669843418e-10,"40","CD56-2"
4.80894892189664e-12,0.397208525057156,1,0.998,1.09644035419243e-09,"40","CD2"
2.51708398569532e-10,0.295792858338402,0.981,0.942,5.73895148738533e-08,"40","CD223"
2.59392170133696e-10,0.374839941334722,0.947,0.867,5.91414147904828e-08,"40","CD235ab"
3.7754424171978e-10,0.251289340258622,0.994,0.977,8.60800871121099e-08,"40","TCR-1"
1.26937824196313e-09,0.49032709014488,0.79,0.632,2.89418239167595e-07,"40","CD115"
2.46109877782625e-09,0.321418421440812,0.998,0.995,5.61130521344385e-07,"40","CD26-2"
4.74120930459676e-09,0.488669602526743,0.717,0.589,1.08099572144806e-06,"40","Podoplanin"
1.25497590666262e-08,0.389048800329127,0.865,0.782,2.86134506719078e-06,"40","CD294"
2.06435891631564e-06,0.254149369145047,0.936,0.873,0.000470673832919966,"40","VEGFR-3"
1.03129689550646e-05,0.292632110782282,0.794,0.714,0.00235135692175473,"40","CD158f"
1.72232212949008e-05,0.250548192418987,0.959,0.902,0.00392689445523737,"40","C5L2"
0.00172341465428626,0.285408410742487,0.757,0.679,0.392938541177268,"40","Rat-IgG2b"
9.06910769111545e-148,1.10646438492951,1,0.996,2.06775655357432e-145,"41","CD172a"
4.59206082017399e-136,1.00426741353051,1,0.998,1.04698986699967e-133,"41","CD11c"
5.98992157945654e-128,0.619084645188408,1,1,1.36570212011609e-125,"41","CD49d"
7.98604606949774e-127,1.37632127510962,1,0.939,1.82081850384548e-124,"41","CD86"
1.7269852623294e-122,1.07388257512117,1,0.981,3.93752639811103e-120,"41","CD54"
3.87335073448423e-118,0.607489026190576,1,1,8.83123967462405e-116,"41","CD31"
1.32950301223414e-115,1.03879078288392,1,0.994,3.03126686789385e-113,"41","CD13"
1.44730859905684e-112,1.01420095316916,1,0.994,3.29986360584959e-110,"41","CD71"
8.79320532302109e-107,0.654490232707082,1,0.999,2.00485081364881e-104,"41","CD305"
1.35877045574494e-104,0.765157894534744,1,0.998,3.09799663909847e-102,"41","CD29"
8.24391737661796e-104,0.647913968852332,1,1,1.87961316186889e-101,"41","CD244"
4.85113576533218e-103,1.04628642819766,1,0.986,1.10605895449574e-100,"41","HLA-DR"
2.13158232191427e-101,0.732238415966964,1,1,4.86000769396453e-99,"41","CD41"
3.70668892564196e-101,1.00326825230372,1,0.999,8.45125075046366e-99,"41","CD9"
1.86773175935038e-98,0.488494977619703,1,1,4.25842841131887e-96,"41","CD62P"
2.71907482371483e-93,0.932108616096183,1,0.953,6.19949059806982e-91,"41","CD235a"
5.7235068029864e-93,1.03486605062897,1,1,1.3049595510809e-90,"41","CD16"
2.43294308750434e-91,0.538479804464488,1,1,5.54711023950991e-89,"41","CLEC2"
2.85548233957572e-91,0.71366121026638,1,1,6.51049973423264e-89,"41","CD63"
1.76819546692032e-90,0.902115888093759,1,0.962,4.03148566457834e-88,"41","TIM-4"
3.81610882101353e-88,0.982593554219129,1,0.951,8.70072811191084e-86,"41","CD141"
4.01565544927709e-87,0.734864498946319,1,0.991,9.15569442435177e-85,"41","CX3CR1"
2.70876965522949e-85,0.837025500950738,1,0.968,6.17599481392324e-83,"41","CD119"
1.93850611876102e-84,0.293379006418458,1,1,4.41979395077511e-82,"41","CD18"
2.51696793284015e-81,0.81569539621261,1,0.998,5.73868688687554e-79,"41","CD61"
2.26029978729279e-77,0.857703717143983,1,0.996,5.15348351502757e-75,"41","CD49b"
1.99279084060436e-76,0.313500585586412,1,1,4.54356311657793e-74,"41","CD102"
9.77412790824746e-76,0.93354703704329,1,0.956,2.22850116308042e-73,"41","CD39"
1.43747679010312e-74,1.14790432101939,0.995,0.87,3.27744708143511e-72,"41","CD123"
2.19375969063791e-74,1.10436763601259,1,0.985,5.00177209465443e-72,"41","CLEC12A"
1.70277405620647e-72,0.80773302073606,1,0.996,3.88232484815075e-70,"41","CD42b"
3.40050053609695e-64,0.574200717877262,1,0.999,7.75314122230105e-62,"41","CD226"
1.82270114000539e-63,0.492358530667393,1,0.995,4.1557585992123e-61,"41","CD366"
3.53764409319255e-63,0.849992712716375,0.998,0.959,8.06582853247902e-61,"41","CD110"
8.73776910305496e-61,1.11703639210942,0.982,0.713,1.99221135549653e-58,"41","CD36"
4.67583490901995e-60,0.942141748104511,0.995,0.935,1.06609035925655e-57,"41","Folate"
3.31648776703077e-57,0.505894888337265,1,0.999,7.56159210883015e-55,"41","CD55"
2.08207807159915e-56,0.833688226512526,0.998,0.97,4.74713800324607e-54,"41","CD69"
2.86962863534239e-54,0.595484693819092,0.998,0.955,6.54275328858065e-52,"41","CD98"
3.48677613478665e-48,0.382455664067279,1,0.999,7.94984958731357e-46,"41","CD95"
1.76533715726211e-45,0.754330341587056,0.998,0.757,4.02496871855762e-43,"41","CD155"
6.950341514609e-45,0.452865994318162,1,0.999,1.58467786533085e-42,"41","CD107a"
8.1801221972107e-43,0.299377608709393,1,1,1.86506786096404e-40,"41","CD307e"
1.70124519915731e-42,0.506392830302524,1,0.989,3.87883905407867e-40,"41","CD64"
1.45815858633966e-37,0.408981763251647,0.998,0.995,3.32460157685442e-35,"41","MERTK"
2.10351707226874e-37,0.382499901175099,1,0.999,4.79601892477272e-35,"41","CD11b-2"
8.97058467068554e-30,0.625415447839749,0.984,0.88,2.0452933049163e-27,"41","CD164"
3.57639015019053e-27,0.673645699270971,0.92,0.805,8.1541695424344e-25,"41","CD169"
1.29541180761148e-26,0.553895155077875,0.992,0.921,2.95353892135417e-24,"41","CD66a/c/e"
2.94425339241331e-23,1.06852065282256,0.904,0.782,6.71289773470235e-21,"41","CD204"
2.80515071927779e-20,0.43870917274992,1,0.987,6.39574363995336e-18,"41","CD275-2"
3.64235423832932e-20,0.374782254830479,1,0.99,8.30456766339085e-18,"41","CD271"
2.24755949488743e-14,0.303381316312839,0.995,0.969,5.12443564834333e-12,"41","CD112"
1.16829061799595e-12,0.342280863626695,0.982,0.921,2.66370260903076e-10,"41","CD354"
2.166695152592e-12,1.19688877426034,0.345,0.152,4.94006494790975e-10,"41","TSLPR"
1.03792395470242e-05,0.335730391643011,0.92,0.81,0.00236646661672152,"41","CD11a/CD18"
4.33215489723578e-95,1.93649713208595,0.962,0.824,9.87731316569757e-93,"42","CD335"
3.81226612771201e-91,0.755785431816388,1,1,8.69196677118339e-89,"42","CD38-1"
1.91930184007598e-89,0.813171010595369,1,0.998,4.37600819537324e-87,"42","CD38-2"
1.88751198064049e-86,0.888136065432796,0.998,0.994,4.30352731586031e-84,"42","CD122"
2.44675781978574e-86,0.36333581504363,1,1,5.5786078291115e-84,"42","CD43"
3.40349672165983e-83,1.48038668443304,0.969,0.913,7.75997252538442e-81,"42","CD337"
5.38060517343868e-82,1.34959999440949,0.991,0.969,1.22677797954402e-79,"42","CD56-2"
6.82000517083737e-81,0.634368077182161,1,1,1.55496117895092e-78,"42","CD244"
2.32258429376506e-73,0.9086352901378,0.993,0.976,5.29549218978434e-71,"42","CD56-1"
6.52896802827809e-73,1.02962457561177,1,1,1.4886047104474e-70,"42","CD16"
5.87882874347048e-69,0.859048365869812,1,0.997,1.34037295351127e-66,"42","CD314"
1.45831023531016e-58,1.26041223085736,0.943,0.816,3.32494733650716e-56,"42","CD161"
6.76770536941885e-36,0.429713671892211,0.996,0.991,1.5430368242275e-33,"42","CX3CR1"
1.02910464335273e-34,0.616703447433423,1,0.991,2.34635858684422e-32,"42","CD45RA"
2.6715522192625e-24,0.680228002902349,0.91,0.829,6.09113905991851e-22,"42","TIGIT"
6.08422736931708e-21,0.498933493788301,0.995,0.99,1.38720384020429e-18,"42","CD271"
1.40037031054817e-20,1.08836817299723,0.978,0.969,3.19284430804982e-18,"42","CD158b"
4.35376672002648e-07,0.32162177184922,0.929,0.913,9.92658812166037e-05,"42","CD307c/FcRL3"
2.96955629465248e-06,0.566841303720807,0.996,0.999,0.000677058835180765,"42","CD158e1"
0.000143779228347654,0.280385286856246,0.865,0.824,0.032781664063265,"42","CD319"
0.0070270743253371,0.944389781968752,0.762,0.788,1,"42","CD158"
1.52114992060788e-105,2.89560676408699,0.996,0.954,3.46822181898597e-103,"43","CD103"
9.27689898293383e-102,1.28951724319227,1,0.999,2.11513296810891e-99,"43","Integrin-7"
2.98072937797315e-93,1.60729419157166,1,0.99,6.79606298177879e-91,"43","CD8"
4.28692909002628e-91,1.04131609077581,1,1,9.77419832525992e-89,"43","CD8a"
1.12472473852791e-83,1.10396519425372,1,1,2.56437240384363e-81,"43","CD73"
5.15630088699018e-82,1.192410319591,1,0.95,1.17563660223376e-79,"43","CD96"
6.68797824580905e-79,1.00894064346915,1,0.996,1.52485904004446e-76,"43","CD127"
5.72986880182462e-78,1.01107313804619,1,0.997,1.30641008681601e-75,"43","CD314"
9.29015954199459e-75,0.745790269389885,1,0.998,2.11815637557477e-72,"43","CD2"
6.83336536558916e-37,0.483856550541679,1,0.995,1.55800730335433e-34,"43","CD325"
1.4955426375222e-30,0.573305803209355,1,0.999,3.40983721355062e-28,"43","CD3-1"
8.83000804824846e-29,0.382783447978315,0.996,0.992,2.01324183500065e-26,"43","Galectin-9"
1.31979427231256e-27,0.704586868741074,0.996,0.905,3.00913094087263e-25,"43","CD275-1"
1.92190111241086e-24,0.67978877652031,0.964,0.821,4.38193453629677e-22,"43","CD30"
2.0305035868531e-24,0.423290112945393,1,0.974,4.62954817802506e-22,"43","Siglec-8"
6.28050390127646e-24,0.541045861615292,1,0.999,1.43195488949103e-21,"43","CD3-2"
2.00417865411399e-23,0.443502520968569,1,1,4.56952733137991e-21,"43","CD27"
1.30327075555926e-22,0.472546272171612,1,0.983,2.97145732267511e-20,"43","CD45RB"
2.50572000577823e-22,0.448355465371538,0.996,0.963,5.71304161317436e-20,"43","CD138-1"
9.10183623249971e-22,0.315786220532945,1,0.99,2.07521866100993e-19,"43","Rat-IgG1-1"
1.33568287284549e-20,0.326809120006859,1,0.992,3.04535695008772e-18,"43","CD324"
4.10814455949733e-20,0.355176549535318,1,0.974,9.3665695956539e-18,"43","CD370"
6.04658965439828e-17,0.48572072436311,0.993,0.86,1.37862244120281e-14,"43","CD68"
8.40882096314791e-17,0.271352345301136,1,0.99,1.91721117959772e-14,"43","CD202b"
9.91950878038331e-17,0.276297624954745,1,0.999,2.26164800192739e-14,"43","CD28"
1.91100213209413e-15,0.355622674227164,0.996,0.961,4.35708486117462e-13,"43","CD338"
1.40707509243841e-14,0.254650357254277,0.993,0.988,3.20813121075959e-12,"43","CD144"
4.35883772299869e-14,0.346956298822327,0.982,0.943,9.93815000843702e-12,"43","CD223"
2.6228895842757e-13,0.250289330247958,1,0.992,5.98018825214858e-11,"43","CCR10"
7.39158443312445e-13,0.447079140477675,1,0.993,1.68528125075237e-10,"43","CD49a"
7.83358296102402e-12,0.268174642893258,1,0.986,1.78605691511348e-09,"43","Rat-IgG1-2"
6.93223656916091e-11,0.324326362352444,0.993,0.962,1.58054993776869e-08,"43","LOX-1"
1.01894680969121e-09,0.73285566853003,0.842,0.652,2.32319872609597e-07,"43","CD185"
1.17204291143343e-08,0.294534214735889,0.989,0.933,2.67225783806823e-06,"43","CD83"
7.66068376137303e-08,0.400828328727557,0.864,0.737,1.74663589759305e-05,"43","CD273"
8.25573606606308e-08,0.447523982883577,0.853,0.715,1.88230782306238e-05,"43","CD158f"
5.64165241793434e-07,0.498373011847016,0.756,0.589,0.000128629675128903,"43","Podoplanin"
6.35493259003557e-07,0.396804758955114,0.9,0.758,0.000144892463052811,"43","CD140b"
3.247985028925e-06,0.355828022916365,0.925,0.824,0.000740540586594899,"43","CD319"
4.16461805860605e-06,0.36129491144275,0.932,0.817,0.000949532917362179,"43","CD1a"
2.26694368404932e-05,0.431184917908412,0.785,0.632,0.00516863159963244,"43","CD115"
3.68195283588006e-05,0.298929828634773,0.918,0.782,0.00839485246580654,"43","CD294"
4.46987321091252e-05,0.380684443491096,0.781,0.665,0.0101913109208806,"43","CD137"
5.12472518710019e-05,0.340550806126863,0.803,0.679,0.0116843734265884,"43","Rat-IgG2b"
9.71005131509159e-05,0.265738508298418,0.943,0.873,0.0221389169984088,"43","VEGFR-3"
0.000158572680721887,0.267717614671621,0.853,0.765,0.0361545712045903,"43","CD80"
0.00138256566248314,0.341386547358284,0.72,0.601,0.315224971046156,"43","CD309"
0.00390110230387778,0.258149517386448,0.803,0.748,0.889451325284135,"43","Cadherin"
0.00521752822799884,0.258554608696695,0.95,0.867,1,"43","CD235ab"
0.00698296871161057,0.294919678103551,0.882,0.822,1,"43","CD117"
4.24236897547664e-107,1.46581631783814,1,0.961,9.67260126408674e-105,"44","CD338"
2.28631631098662e-106,1.35226622034869,1,0.976,5.2128011890495e-104,"44","CD243"
5.56987200753522e-106,1.18511785789628,1,0.992,1.26993081771803e-103,"44","CCR10"
4.99659175256773e-94,1.58335065953894,1,0.873,1.13922291958544e-91,"44","VEGFR-3"
4.85807844103963e-89,1.60142514997921,0.989,0.823,1.10764188455703e-86,"44","CD319"
4.73662713357597e-86,0.965389161552843,1,0.99,1.07995098645532e-83,"44","CD202b"
1.62597971210271e-82,0.864461393785622,1,0.989,3.70723374359418e-80,"44","CD138-2"
2.01093202115415e-72,1.46280624781526,0.992,0.772,4.58492500823146e-70,"44","CD140a"
5.74541914966551e-69,0.850198960913034,1,0.985,1.30995556612374e-66,"44","CD133-1"
7.39477419219529e-67,1.03507502505425,0.996,0.933,1.68600851582053e-64,"44","CD83"
3.57232055467934e-66,1.46148282789866,0.977,0.766,8.1448908646689e-64,"44","CD307d"
3.90917616686449e-62,1.09074040856155,0.996,0.913,8.91292166045105e-60,"44","CD307c/FcRL3"
1.70570487245246e-61,0.91956412250279,1,0.945,3.8890071091916e-59,"44","CD70"
1.25292208897886e-59,1.28803974308449,0.97,0.821,2.8566623628718e-57,"44","CD30"
7.79877101672103e-59,1.2455620512627,0.992,0.86,1.77811979181239e-56,"44","CD68"
7.91581897844478e-58,0.837816318187779,1,0.974,1.80480672708541e-55,"44","CD370"
1.71560455939853e-55,1.15696312894292,1,0.905,3.91157839542865e-53,"44","CD275-1"
1.80068247629878e-52,0.751030975706701,1,0.963,4.10555604596121e-50,"44","CD138-1"
8.71915350061533e-51,0.964226738047105,0.989,0.913,1.9879669981403e-48,"44","CD337"
1.16433897417574e-49,1.16657287421517,0.977,0.788,2.65469286112068e-47,"44","CD252"
1.20868889929784e-45,0.73534399829605,1,0.966,2.75581069039907e-43,"44","CD142"
1.15105726737298e-42,0.571647538793476,1,0.999,2.62441056961038e-40,"44","CD158e1"
1.50308255932924e-42,0.595439575301442,0.996,0.981,3.42702823527067e-40,"44","CD59"
1.11582559039257e-41,1.01329874491829,0.958,0.782,2.54408234609506e-39,"44","CD294"
2.70845514286432e-38,1.02380756411737,0.958,0.817,6.17527772573066e-36,"44","CD1a"
9.93415899884738e-37,1.10972547260279,0.94,0.714,2.2649882517372e-34,"44","CD158f"
4.47345029247359e-36,0.594130912288325,0.996,0.955,1.01994666668398e-33,"44","CD66b"
1.33441173296429e-35,0.832762371761118,1,0.969,3.04245875115857e-33,"44","CD56-2"
4.83762492228529e-35,0.405871635797119,1,0.999,1.10297848228105e-32,"44","CD107a"
5.98564312558566e-31,0.782695492921546,0.974,0.886,1.36472663263353e-28,"44","CD340"
1.63176869087736e-29,0.601515826873452,0.996,0.953,3.72043261520039e-27,"44","CD203c"
2.50660450351187e-29,0.446446266156074,1,0.99,5.71505826800706e-27,"44","CD271"
2.68627646963561e-27,0.902029983433789,0.932,0.758,6.1247103507692e-25,"44","CD140b"
1.10183564644893e-25,0.474310388390335,0.996,0.957,2.51218527390356e-23,"44","GP130"
1.52509625947924e-25,0.550888384151819,0.996,0.957,3.47721947161268e-23,"44","CD133-2"
2.66198841955325e-25,0.543162313337046,0.989,0.97,6.0693335965814e-23,"44","CD357"
8.49236142377917e-24,0.831321264003715,0.943,0.765,1.93625840462165e-21,"44","CD80"
1.47196280828055e-22,0.695771305942178,0.974,0.895,3.35607520287966e-20,"44","CD186"
5.27918441376173e-22,0.514069071803039,0.989,0.926,1.20365404633767e-19,"44","CD154"
4.52877582072063e-21,0.388876250602499,0.996,0.995,1.0325608871243e-18,"44","CD325"
1.09793622311946e-20,0.652339563593347,0.951,0.823,2.50329458871237e-18,"44","CD126"
3.22213466938422e-19,0.54307850411429,0.985,0.929,7.34646704619603e-17,"44","Notch-2"
1.23116226529995e-18,0.695609570923827,0.936,0.795,2.80704996488388e-16,"44","CD135"
1.45826294253536e-18,0.676857134336533,0.925,0.779,3.32483950898061e-16,"44","CD207"
4.85471240855033e-18,0.996841734809843,0.823,0.589,1.10687442914948e-15,"44","Podoplanin"
5.47919764202477e-18,0.844437173223964,0.943,0.764,1.24925706238165e-15,"44","CD269"
1.06253688858007e-16,0.75945392803308,0.906,0.783,2.42258410596257e-14,"44","CD204"
3.57119090676779e-16,0.639883302764956,0.921,0.773,8.14231526743056e-14,"44","CD62E"
5.19835777408872e-16,0.326257669203265,0.996,0.992,1.18522557249223e-13,"44","CD278"
3.97366856209302e-15,0.272849370008391,1,0.995,9.05996432157208e-13,"44","CD366"
1.43595280096171e-14,0.656047935486687,1,1,3.27397238619269e-12,"44","CD16"
1.92512697088658e-14,0.455541691939053,0.981,0.894,4.38928949362141e-12,"44","CD146"
1.37525985816181e-13,0.800412338310128,0.864,0.665,3.13559247660893e-11,"44","CD137"
4.58769286461522e-12,0.518320144918911,0.887,0.747,1.04599397313227e-09,"44","Cadherin"
9.59059014462522e-12,0.347536980503022,1,0.997,2.18665455297455e-09,"44","CD314"
1.13568714015822e-11,0.38974445075568,0.966,0.884,2.58936667956075e-09,"44","CD178"
1.31675376253414e-11,0.306221877344995,1,0.994,3.00219857857784e-09,"44","CD122"
2.1196840771411e-11,0.702224278298746,0.906,0.825,4.8328796958817e-09,"44","CD335"
7.51548199881329e-11,0.555325250961489,0.879,0.737,1.71352989572943e-08,"44","CD273"
1.57586463475566e-10,0.276531967658999,0.996,0.984,3.59297136724291e-08,"44","CD34"
4.25840587920725e-09,0.276647872518193,1,0.977,9.70916540459254e-07,"44","TCR-1"
9.11743082430102e-09,0.261889078898582,0.936,0.822,2.07877422794063e-06,"44","CD117"
1.52573592594962e-08,0.543916290643455,0.902,0.801,3.47867791116514e-06,"44","XCR1"
3.4176968752754e-08,0.470464878325593,0.77,0.601,7.79234887562792e-06,"44","CD309"
8.70852607925887e-08,0.432852841352807,0.894,0.728,1.98554394607102e-05,"44","CD171"
1.01872187522996e-07,0.268413836452246,0.985,0.961,2.3226858755243e-05,"44","CD201"
1.42105073804142e-07,0.257026925786137,0.985,0.977,3.23999568273444e-05,"44","CD56-1"
1.60547989359667e-07,0.432023144551931,0.891,0.816,3.66049415740042e-05,"44","CD161"
1.93661909621091e-07,0.473937661728119,0.872,0.721,4.41549153936089e-05,"44","CD253"
2.38541485888367e-07,1.16330473818021,0.921,0.862,5.43874587825476e-05,"44","IgM"
2.51784702727917e-07,0.319072644919884,0.996,0.991,5.7406912221965e-05,"44","CD45RA"
6.95940246819238e-07,0.760157218139081,0.845,0.787,0.000158674376274786,"44","CD158"
1.05877702855516e-06,0.336371171752202,0.868,0.775,0.000241401162510577,"44","CD152"
1.32202397900598e-06,0.268662694258526,1,1,0.000301421467213362,"44","CD8a"
3.55403359227311e-06,0.315050327577894,0.943,0.902,0.000810319659038268,"44","C5L2"
1.09422963924173e-05,0.40076264864198,1,0.99,0.00249484357747114,"44","CD8"
1.56708206861052e-05,0.293357911525124,0.913,0.829,0.00357294711643198,"44","TIGIT"
1.66989152043011e-05,0.290704736038637,0.985,0.931,0.00380735266658065,"44","CD90"
5.89496881357264e-05,0.410091635806506,0.94,0.888,0.0134405288949456,"44","Rag-IgG2c"
0.000247339042677638,0.260177081676418,0.981,0.947,0.0563933017305015,"44","CD301"
0.000698918328799527,0.30693532392287,0.774,0.625,0.159353378966292,"44","TCR-V-24-J-18"
2.29559338016299e-76,2.24810027874681,1,0.984,5.23395290677161e-74,"45","CD34"
2.88678306391233e-75,3.08551913623783,1,0.822,6.58186538572012e-73,"45","CD117"
1.83575529349806e-74,2.38564705342217,1,0.957,4.18552206917559e-72,"45","CD133-2"
2.81362311316354e-70,1.65884602287292,1,0.994,6.41506069801288e-68,"45","CD71"
4.08336626108738e-60,1.34834953560627,1,0.985,9.31007507527924e-58,"45","CD133-1"
1.84333502547228e-56,0.746586459487573,1,0.995,4.2028038580768e-54,"45","MERTK"
1.09397025841203e-36,0.816748795230819,0.993,0.959,2.49425218917943e-34,"45","CD110"
1.60348563116105e-30,0.456126042539968,1,0.998,3.6559472390472e-28,"45","CD205"
6.98335440062072e-29,0.546899705946005,1,0.995,1.59220480334152e-26,"45","CD325"
5.80830873371299e-27,0.514050747245643,1,0.99,1.32429439128656e-24,"45","Rat-IgG1-1"
5.09705799477837e-25,0.573819031069654,1,0.969,1.16212922280947e-22,"45","CD112"
1.71610933252086e-24,0.566944794894251,1,0.974,3.91272927814755e-22,"45","Siglec-8"
2.21953195450791e-21,0.446775208433386,1,0.992,5.06053285627802e-19,"45","CD324"
4.27955549922583e-20,0.530005753591428,1,0.974,9.7573865382349e-18,"45","CD370"
1.7966029430906e-18,0.281224292766188,1,1,4.09625471024656e-16,"45","CD99"
1.77803298424377e-17,0.416103970971592,1,0.988,4.0539152040758e-15,"45","CD144"
1.0902925807969e-16,0.370657091940469,1,0.986,2.48586708421694e-14,"45","Rat-IgG1-2"
1.26735523071464e-16,0.619881777205578,0.986,0.931,2.88956992602937e-14,"45","CD90"
1.32791278079864e-16,0.742765337631891,0.993,0.87,3.02764114022091e-14,"45","CD123"
2.91279279200089e-16,0.627541155647287,0.959,0.861,6.64116756576204e-14,"45","CD68"
7.33213726828276e-16,0.453051827680207,1,0.962,1.67172729716847e-13,"45","LOX-1"
1.0983553088546e-15,0.395274921036882,0.993,0.99,2.50425010418849e-13,"45","CD202b"
4.99055823675424e-15,0.32909443927318,1,0.97,1.13784727797997e-12,"45","CD69"
1.48239685760284e-14,0.818448402723909,0.973,0.905,3.37986483533448e-12,"45","CD275-1"
4.47924755001646e-14,0.427863665735754,1,0.97,1.02126844140375e-11,"45","CD357"
6.3226799150589e-14,0.344349523959907,1,0.993,1.44157102063343e-11,"45","CD194"
1.30784886803862e-13,0.503104529795779,0.986,0.963,2.98189541912805e-11,"45","CD138-1"
1.34745039792266e-13,0.442919990777837,0.986,0.961,3.07218690726366e-11,"45","CD338"
4.64532730038986e-13,0.318517857083388,1,0.992,1.05913462448889e-10,"45","CCR10"
6.07441571380438e-13,0.361839797049361,1,0.987,1.3849667827474e-10,"45","CD200"
8.6102885309471e-13,0.45406432121282,0.993,0.943,1.96314578505594e-10,"45","CD223"
8.29255764095697e-12,0.310858953125814,1,1,1.89070314213819e-09,"45","CD244"
4.45890534292947e-11,0.34909529554972,1,0.984,1.01663041818792e-08,"45","Notch-1"
9.62779206032928e-11,0.303063910540958,0.98,0.955,2.19513658975508e-08,"45","CD66b"
1.23838182251422e-10,0.636996169887617,0.811,0.632,2.82351055533243e-08,"45","CD115"
2.36814881812114e-10,0.495154583920383,0.973,0.821,5.3993793053162e-08,"45","CD30"
5.73395196853203e-10,0.288498341630413,1,0.989,1.3073410488253e-07,"45","CD138-2"
4.79151235569959e-07,0.389548485711307,0.986,0.921,0.000109246481709951,"45","CD24"
1.16522154833214e-06,0.406363925371327,0.946,0.888,0.000265670513019728,"45","Rag-IgG2c"
1.44248554342769e-06,0.345400937077693,0.966,0.926,0.000328886703901513,"45","CD154"
3.07389514635754e-06,0.375736720283273,0.919,0.824,0.000700848093369519,"45","CD319"
1.44950417316733e-05,0.435364869210106,0.953,0.881,0.00330486951482151,"45","CD164"
1.56848337890298e-05,0.469275845654616,0.858,0.759,0.0035761421038988,"45","CD140b"
1.69343110706046e-05,0.334171830920404,0.973,0.933,0.00386102292409785,"45","CD83"
1.91793520577554e-05,0.41066129421397,0.919,0.782,0.00437289226916824,"45","CD294"
2.70791809102132e-05,0.274216281196604,0.986,0.953,0.00617405324752861,"45","CD203c"
3.18431034405376e-05,0.687460845450886,0.831,0.652,0.00726022758444256,"45","CD185"
3.49879516488311e-05,0.273284409685553,0.953,0.837,0.0079772529759335,"45","CD1d"
3.53951772867829e-05,0.325894187446053,0.851,0.796,0.00807010042138649,"45","CD135"
0.000108748827661882,0.345012675003833,0.845,0.783,0.0247947327069091,"45","CD204"
0.000113577961265058,0.275948170987503,0.959,0.902,0.0258957751684333,"45","C5L2"
0.000117000784428268,0.33496258714508,0.953,0.867,0.0266761788496452,"45","CD235ab"
0.000293345245934285,0.564620381673872,0.791,0.589,0.066882716073017,"45","Podoplanin"
0.000310812126688116,0.382128786214751,0.878,0.773,0.0708651648848905,"45","CD105"
0.000947968041727068,0.349335513787818,0.851,0.773,0.216136713513771,"45","CD140a"
0.0017209776195469,0.259447100485775,0.946,0.884,0.392382897256693,"45","CD178"
4.39219313347532e-26,2.12215052266939,1,0.982,1.00142003443237e-23,"46","CD25"
2.50398526849667e-23,3.585096248781,1,0.822,5.7090864121724e-21,"46","CD117"
2.63524786252566e-15,2.01097066078646,0.929,0.816,6.00836512655851e-13,"46","CD161"
7.63527475652483e-13,1.0946552513056,1,0.95,1.74084264448766e-10,"46","CD96"
3.84397305556268e-10,0.567219416382598,1,0.987,8.76425856668292e-08,"46","CD275-2"
3.41284707940803e-09,0.660061525717493,1,0.994,7.7812913410503e-07,"46","CD71"
4.1038541158333e-07,0.64276182275874,1,0.996,9.35678738409993e-05,"46","CD127"
1.41405351132552e-06,0.665446885409024,1,0.983,0.000322404200582218,"46","CD45RB"
2.41193969900422e-05,0.456352750885033,1,0.99,0.00549922251372963,"46","CD271"
3.24017596962814e-05,0.951077081585307,1,0.939,0.00738760121075216,"46","CD15"
0.000164944470947658,0.457575792382858,1,0.973,0.0376073393760661,"46","CD134"
0.000296129498702653,0.444125767514003,1,0.991,0.0675175257042049,"46","CD45RA"
0.0010599758582335,0.392612410998069,1,0.953,0.241674495677237,"46","CD193"
0.00190462451795078,0.406631019880316,1,0.995,0.434254390092779,"46","CD26-2"
0.00240569012917888,0.262045667384575,1,0.984,0.548497349452784,"46","Notch-1"
0.00336382138960405,0.27650458976306,1,0.998,0.766951276829723,"46","CD196"
0.00388498835813178,0.630645354530085,0.738,0.825,0.885777345654045,"46","CD335"
0.00502756423461442,0.314856984110147,0.952,0.962,1,"46","TIM-4"
0.00856775579964572,0.354484887148479,0.952,0.881,1,"46","CD164"
7.67856593801768e-09,0.989544800316289,0.927,0.905,1.75071303386803e-06,"47","CD275-1"
4.90057553486895e-06,0.533747191992749,1,1,0.00111733122195012,"47","CD27"
6.05921313382749e-06,0.427969509642643,1,1,0.00138150059451267,"47","CD4-1"
1.2161882477844e-05,0.475072766111143,1,0.992,0.00277290920494844,"47","CD278"
1.41473300123335e-05,0.777768731027344,1,0.873,0.00322559124281205,"47","CD4-2"
3.49193933756779e-05,0.376372966472171,1,0.995,0.00796162168965456,"47","CD325"
3.72014039536247e-05,0.513031658247871,1,0.996,0.00848192010142642,"47","CD127"
0.000775462387229582,0.314266924285148,1,0.999,0.176805424288345,"47","CD28"
0.00133055553124396,0.574083750992334,0.805,0.861,0.303366661123623,"47","CD68"
0.00203718097131863,0.680828797975368,0.854,0.821,0.464477261460647,"47","CD30"
0.00458924495582105,0.398278426754138,0.976,0.974,1,"47","Siglec-8"
0.00467988686220904,0.415915839318896,1,0.999,1,"47","CD3-2"
0.00576724064532367,0.401683820834104,1,0.999,1,"47","CD3-1"
0.00767233652424406,0.389323386218239,1,0.998,1,"47","CD2"
0.00981814955712899,0.511540817237637,0.78,0.824,1,"47","CD319"
1.82471465490381e-22,3.79590679064106,1,0.867,4.1603494131807e-20,"48","CD235ab"
1.54403262181349e-13,1.27559092686693,1,0.954,3.52039437773476e-11,"48","CD235a"
6.30415689870511e-10,1.30722711816213,1,0.994,1.43734777290477e-07,"48","CD71"
1.7002888971097e-09,0.674632807049832,1,0.981,3.87665868541011e-07,"48","CD59"
1.01815069792986e-06,0.488016109199694,1,0.999,0.000232138359128008,"48","CD28"
1.9192551748156e-06,0.416560809889318,1,0.999,0.000437590179857956,"48","TCR-2"
2.53635294374672e-05,0.539879662312173,1,0.999,0.00578288471174252,"48","CD3-1"
2.99778268631413e-05,0.540561782614491,1,1,0.00683494452479622,"48","CD27"
3.10541633353142e-05,0.513949112265688,1,0.996,0.00708034924045165,"48","CD127"
0.000163700279219418,0.485136597319692,1,0.995,0.0373236636620274,"48","CD26-2"
0.000179435603407429,0.492326414550282,1,0.992,0.0409113175768938,"48","CD278"
0.000184428123767293,0.521862473844805,1,0.999,0.0420496122189429,"48","CD3-2"
0.000707112039894948,0.368324530411408,1,0.995,0.161221545096048,"48","CD325"
0.000870201772369164,0.676775380286793,0.941,0.873,0.198406004100169,"48","CD4-2"
0.00205865469010374,2.1304491458155,0.324,0.153,0.469373269343653,"48","TSLPR"
0.00241176668836072,0.596822972944646,0.882,0.773,0.549882804946245,"48","CD105"
0.00279374739754929,0.499727674535532,0.941,0.951,0.636974406641237,"48","CD96"
0.00393014905567698,0.528051595158596,0.941,0.821,0.896073984694351,"48","CD30"
0.00486369356137348,0.462100013432526,1,0.998,1,"48","CD2"
0.00535402765947527,0.616885883511104,0.971,0.982,1,"48","CD25"
0.00691188385119498,0.258001837084723,1,1,1,"48","CD4-1"
0.00803153698333305,0.411284956291601,0.941,0.933,1,"48","CD83"
0.00871626486251087,0.370553591835609,1,0.963,1,"48","CD138-1"
